-- phpMyAdmin SQL Dump
-- version 3.3.10.4
-- http://www.phpmyadmin.net
--
-- Host: mysql.369usa.com
-- Generation Time: Nov 09, 2014 at 11:36 AM
-- Server version: 5.1.56
-- PHP Version: 5.4.20

SET SQL_MODE="NO_AUTO_VALUE_ON_ZERO";


/*!40101 SET @OLD_CHARACTER_SET_CLIENT=@@CHARACTER_SET_CLIENT */;
/*!40101 SET @OLD_CHARACTER_SET_RESULTS=@@CHARACTER_SET_RESULTS */;
/*!40101 SET @OLD_COLLATION_CONNECTION=@@COLLATION_CONNECTION */;
/*!40101 SET NAMES utf8 */;

--
-- Database: `usa4fun`
--

-- --------------------------------------------------------

--
-- Table structure for table `address`
--

CREATE TABLE IF NOT EXISTS `address` (
  `address_id` int(11) NOT NULL AUTO_INCREMENT,
  `customer_id` int(11) NOT NULL,
  `firstname` varchar(32) COLLATE utf8_bin NOT NULL DEFAULT '',
  `lastname` varchar(32) COLLATE utf8_bin NOT NULL DEFAULT '',
  `company` varchar(32) COLLATE utf8_bin NOT NULL,
  `address_1` varchar(128) COLLATE utf8_bin NOT NULL,
  `address_2` varchar(128) COLLATE utf8_bin NOT NULL,
  `city` varchar(128) COLLATE utf8_bin NOT NULL,
  `postcode` varchar(10) COLLATE utf8_bin NOT NULL,
  `country_id` int(11) NOT NULL DEFAULT '0',
  `zone_id` int(11) NOT NULL DEFAULT '0',
  PRIMARY KEY (`address_id`),
  KEY `customer_id` (`customer_id`)
) ENGINE=MyISAM  DEFAULT CHARSET=utf8 COLLATE=utf8_bin AUTO_INCREMENT=41 ;

--
-- Dumping data for table `address`
--

INSERT INTO `address` (`address_id`, `customer_id`, `firstname`, `lastname`, `company`, `address_1`, `address_2`, `city`, `postcode`, `country_id`, `zone_id`) VALUES
(1, 1, 'Samuel', 'Yu', '', '33 PLAINFIELD ST APT 2', '', 'New York', '10212', 223, 3655),
(2, 2, 'man ', 'poon', 'USA 4 Fun', '525 fdr dri #10', '', 'New York', '10002', 223, 3655),
(3, 3, 'man', 'poon', 'ny1tours', '525 Grand st', '', 'New York', '10002', 223, 3655),
(4, 4, 'Tony', 'Wong', 'maxsungroup', '57-11 49th Place', 'Maspeth', 'New York', '11378', 223, 3655),
(5, 5, 'man', 'Poon', '', '555 grand st', '', 'ny', '10002', 223, 3655),
(6, 6, 'test', 'pon', 'test travel', '338 new st', '', 'ny', '10002', 223, 3655),
(7, 7, 'test', 'Poon', 'gf', '333 dyf', '', 'ny', '10002', 223, 3655),
(8, 8, 'test', 'Poon', 'gf', '333 dyf', '', 'ny', '10002', 223, 3655),
(9, 9, 'test', 'Poon', 'gf', '333 dyf', '', 'ny', '10002', 223, 3655),
(11, 11, 'min', 'pin', '', '333 bowery', '', 'new york', '12222', 223, 3655),
(40, 36, 'Jianguo', 'He', 'Yibada', '800 bethany Dr, Scotts Valley', '', 'Santa Cruz', '95066', 223, 3624),
(17, 13, 'martin', 'zhao', 'yibada', '137 new oriental dr.', '', 'new york', '10010', 223, 3655),
(18, 14, 'min', 'li', 'test', '333 good st', '', 'new york', '10002', 223, 3655),
(19, 15, 'rwqr', 'rwer', '122', '12112', '1221', '22', '132131', 223, 3618),
(20, 16, 'test member sign', 'pon', '', '3388good ave', '', 'new york city', '10002', 223, 3655),
(21, 17, 'program153', 'program153', '', '32321', '', 'ny', '10004', 223, 3655),
(22, 18, 'test member sign0504', 'pon', '', '888 st ', '', 'new york', '10002', 223, 3655),
(23, 19, 'test member055', 'pov', '', '877 g st', '', 'new york', '10002', 223, 3655),
(24, 20, 'new york', 'Nyc', '', '777 g st', '', 'new york', '10000', 223, 3655),
(25, 21, 'ricky', 'huang', 'Development', '115 bowery', '', 'ny', '10002', 223, 3655),
(26, 22, 'test eng ', 'li', 'test eng', '555 jjj k ', '', 'New York', '10002', 223, 3655),
(27, 23, 'man', 'poon', '', '333 good st', 'new york', 'new york', '1002', 223, 3655),
(28, 24, 'Ivy', 'Wu', '', '523 62ST,Brooklyn', '', 'New York', '11220', 223, 3655),
(29, 25, 'Ive', 'Wu', '', '523 62ST,Brooklyn', '', 'New York', '11220', 223, 3655),
(30, 26, 'Ivy', 'Wu', '', '523 62ST brooklyn', '', 'New York', '11220', 223, 3655),
(31, 27, 'Ivy', 'Wu', '', '523 62st,brooklyn', '', 'New York', '11220', 223, 3655),
(32, 28, 'Ivy', 'Wu', '', '523 62st,brooklyn', '', 'New York', '11221', 223, 3655),
(33, 29, 'jason', 'jason', '', '32321', '', 'New York', '10004', 223, 3655),
(34, 30, 'jason', 'jason', '', 'sfd', '', 'sdf', '10004', 223, 3628),
(35, 31, 'jason', 'jason', '', 'sfd', '', 'sdf', '10004', 223, 3614),
(36, 32, 'test', 'test', 'yibada', '137 new oriental dr.', '', 'new york', '10010', 223, 3655),
(37, 33, 'ss', 'zhao', 'yibada', '137 new oriental dr.', '', 'new york', '10010', 223, 3655),
(38, 34, 'ss', 'ss', '', 'sss', 's', 'sss', '32000', 223, 3613),
(39, 35, 'program153', 'program153', '', 'fsdfs', '', 'fsdf', '10004', 223, 3655);

-- --------------------------------------------------------

--
-- Table structure for table `affiliate`
--

CREATE TABLE IF NOT EXISTS `affiliate` (
  `affiliate_id` int(11) NOT NULL AUTO_INCREMENT,
  `firstname` varchar(32) COLLATE utf8_bin NOT NULL DEFAULT '',
  `lastname` varchar(32) COLLATE utf8_bin NOT NULL DEFAULT '',
  `email` varchar(96) COLLATE utf8_bin NOT NULL DEFAULT '',
  `telephone` varchar(32) COLLATE utf8_bin NOT NULL DEFAULT '',
  `fax` varchar(32) COLLATE utf8_bin NOT NULL DEFAULT '',
  `password` varchar(40) COLLATE utf8_bin NOT NULL DEFAULT '',
  `company` varchar(32) COLLATE utf8_bin NOT NULL,
  `website` varchar(255) COLLATE utf8_bin NOT NULL,
  `address_1` varchar(128) COLLATE utf8_bin NOT NULL DEFAULT '',
  `address_2` varchar(128) COLLATE utf8_bin NOT NULL,
  `city` varchar(128) COLLATE utf8_bin NOT NULL DEFAULT '',
  `postcode` varchar(10) COLLATE utf8_bin NOT NULL DEFAULT '',
  `country_id` int(11) NOT NULL,
  `zone_id` int(11) NOT NULL,
  `code` varchar(64) COLLATE utf8_bin NOT NULL,
  `commission` decimal(4,2) NOT NULL DEFAULT '0.00',
  `tax` varchar(64) COLLATE utf8_bin NOT NULL,
  `payment` varchar(6) COLLATE utf8_bin NOT NULL,
  `cheque` varchar(100) COLLATE utf8_bin NOT NULL DEFAULT '',
  `paypal` varchar(64) COLLATE utf8_bin NOT NULL DEFAULT '',
  `bank_name` varchar(64) COLLATE utf8_bin NOT NULL DEFAULT '',
  `bank_branch_number` varchar(64) COLLATE utf8_bin NOT NULL DEFAULT '',
  `bank_swift_code` varchar(64) COLLATE utf8_bin NOT NULL DEFAULT '',
  `bank_account_name` varchar(64) COLLATE utf8_bin NOT NULL DEFAULT '',
  `bank_account_number` varchar(64) COLLATE utf8_bin NOT NULL DEFAULT '',
  `ip` varchar(15) COLLATE utf8_bin NOT NULL,
  `status` int(1) NOT NULL,
  `approved` int(1) NOT NULL,
  `date_added` datetime NOT NULL,
  PRIMARY KEY (`affiliate_id`)
) ENGINE=MyISAM  DEFAULT CHARSET=utf8 COLLATE=utf8_bin AUTO_INCREMENT=3 ;

--
-- Dumping data for table `affiliate`
--

INSERT INTO `affiliate` (`affiliate_id`, `firstname`, `lastname`, `email`, `telephone`, `fax`, `password`, `company`, `website`, `address_1`, `address_2`, `city`, `postcode`, `country_id`, `zone_id`, `code`, `commission`, `tax`, `payment`, `cheque`, `paypal`, `bank_name`, `bank_branch_number`, `bank_swift_code`, `bank_account_name`, `bank_account_number`, `ip`, `status`, `approved`, `date_added`) VALUES
(1, 'man', 'Poon', 'admer999@yahoo.com', '646-335-9123', '', '9b104ed4aa532836ff7c16be6a6d0d15', 'Liberty Travel USA', '', '69 Christie St', '', 'New York', '10002', 223, 3655, '8888', 5.00, '', 'cheque', '', '', '', '', '', '', '', '', 1, 1, '2012-01-29 21:07:02'),
(2, 'Christy', 'Zhang', 'mankempoon@yahoo.com', '646-335-8348', '', '9b104ed4aa532836ff7c16be6a6d0d15', '', '', '222 Grand', '', 'New York', '10002', 223, 3655, '222333', 5.00, '', 'cheque', '', '', '', '', '', '', '', '', 1, 0, '2012-04-21 20:33:43');

-- --------------------------------------------------------

--
-- Table structure for table `affiliate_transaction`
--

CREATE TABLE IF NOT EXISTS `affiliate_transaction` (
  `affiliate_transaction_id` int(11) NOT NULL AUTO_INCREMENT,
  `affiliate_id` int(11) NOT NULL,
  `order_id` int(11) NOT NULL,
  `description` text COLLATE utf8_bin NOT NULL,
  `amount` decimal(15,4) NOT NULL,
  `date_added` datetime NOT NULL,
  PRIMARY KEY (`affiliate_transaction_id`)
) ENGINE=MyISAM DEFAULT CHARSET=utf8 COLLATE=utf8_bin AUTO_INCREMENT=1 ;

--
-- Dumping data for table `affiliate_transaction`
--


-- --------------------------------------------------------

--
-- Table structure for table `airticket`
--

CREATE TABLE IF NOT EXISTS `airticket` (
  `airticket_id` int(11) NOT NULL AUTO_INCREMENT,
  `author` varchar(64) COLLATE utf8_bin NOT NULL DEFAULT '',
  `company` varchar(100) COLLATE utf8_bin DEFAULT NULL,
  `address` varchar(200) COLLATE utf8_bin DEFAULT NULL,
  `city` varchar(100) COLLATE utf8_bin DEFAULT NULL,
  `state` varchar(10) COLLATE utf8_bin DEFAULT NULL,
  `zipcode` varchar(20) COLLATE utf8_bin DEFAULT NULL,
  `country` varchar(100) COLLATE utf8_bin DEFAULT NULL,
  `email` varchar(100) COLLATE utf8_bin NOT NULL,
  `phone` varchar(100) COLLATE utf8_bin NOT NULL,
  `fax` varchar(100) COLLATE utf8_bin DEFAULT NULL,
  `departdate` varchar(30) COLLATE utf8_bin NOT NULL,
  `departlocation` varchar(100) COLLATE utf8_bin NOT NULL,
  `returndate` varchar(30) COLLATE utf8_bin NOT NULL,
  `returnlocation` varchar(100) COLLATE utf8_bin NOT NULL,
  `numofpassengers` int(4) NOT NULL,
  `attacheditinerary` varchar(500) COLLATE utf8_bin DEFAULT NULL,
  `details` text COLLATE utf8_bin,
  `status` int(1) NOT NULL DEFAULT '0',
  `date_added` datetime NOT NULL DEFAULT '0000-00-00 00:00:00',
  `date_modified` datetime NOT NULL DEFAULT '0000-00-00 00:00:00',
  PRIMARY KEY (`airticket_id`)
) ENGINE=MyISAM  DEFAULT CHARSET=utf8 COLLATE=utf8_bin AUTO_INCREMENT=11 ;

--
-- Dumping data for table `airticket`
--


-- --------------------------------------------------------

--
-- Table structure for table `attraction`
--

CREATE TABLE IF NOT EXISTS `attraction` (
  `category_id` int(11) NOT NULL AUTO_INCREMENT,
  `image` varchar(255) COLLATE utf8_bin DEFAULT NULL,
  `parent_id` int(11) NOT NULL DEFAULT '0',
  `top` int(1) NOT NULL,
  `column` int(3) NOT NULL,
  `sort_order` int(3) NOT NULL DEFAULT '0',
  `status` int(1) NOT NULL,
  `date_added` datetime NOT NULL DEFAULT '0000-00-00 00:00:00',
  `date_modified` datetime NOT NULL DEFAULT '0000-00-00 00:00:00',
  PRIMARY KEY (`category_id`)
) ENGINE=MyISAM  DEFAULT CHARSET=utf8 COLLATE=utf8_bin AUTO_INCREMENT=110 ;

--
-- Dumping data for table `attraction`
--

INSERT INTO `attraction` (`category_id`, `image`, `parent_id`, `top`, `column`, `sort_order`, `status`, `date_added`, `date_modified`) VALUES
(64, 'data/canada/falls/falls.jpg', 83, 0, 1, 1, 1, '2011-06-24 16:09:51', '2012-02-12 10:39:22'),
(66, 'data/uscapitol.jpg', 83, 0, 0, 2, 1, '2011-06-24 16:10:35', '2012-02-18 19:28:06'),
(69, '', 0, 0, 1, 2, 1, '2011-06-24 17:42:48', '2011-06-24 17:43:00'),
(71, 'data/Grand Canyon/grand.jpg', 69, 0, 1, 2, 1, '2011-07-08 15:01:16', '2012-02-12 10:55:35'),
(72, 'data/hollyw.jpg', 69, 0, 1, 3, 1, '2011-10-12 14:00:52', '2012-02-12 16:02:02'),
(85, '', 0, 0, 0, 0, 1, '2012-02-12 10:57:51', '2012-02-12 10:57:51'),
(84, '', 0, 0, 0, 0, 1, '2012-02-12 10:23:46', '2012-02-12 10:23:46'),
(83, '', 0, 0, 0, 3, 1, '2012-02-08 16:23:49', '2012-02-08 16:24:51'),
(82, 'data/disneyland.jpg', 79, 0, 0, 3, 0, '2012-02-08 16:21:05', '2012-02-12 10:52:30'),
(81, '', 0, 0, 0, 0, 1, '2011-12-16 01:38:38', '2012-02-14 11:53:54'),
(86, 'data/great.jpg', 85, 0, 0, 5, 1, '2012-02-12 10:59:50', '2012-02-12 16:22:08'),
(79, '', 0, 0, 0, 0, 1, '2011-12-05 05:23:39', '2012-01-06 15:22:37'),
(87, '', 0, 0, 0, 0, 1, '2012-02-12 11:02:32', '2012-02-12 11:02:32'),
(88, 'data/Europe/Paris.jpg', 87, 0, 0, 6, 1, '2012-02-12 11:05:36', '2012-02-12 16:16:36'),
(89, 'data/attractions/liberty.jpg', 83, 0, 0, 0, 1, '2012-02-12 11:13:45', '2012-02-18 19:41:24'),
(90, 'data/fallss.jpg', 0, 0, 0, 0, 1, '2012-02-12 15:12:51', '2012-02-12 15:12:51'),
(91, 'data/Toronto.jpg', 90, 0, 0, 11, 0, '2012-02-12 15:22:17', '2012-02-18 19:39:48'),
(92, 'data/skys.jpg', 69, 0, 0, 8, 1, '2012-02-12 15:34:20', '2012-02-18 19:48:26'),
(97, 'data/unis.jpg', 69, 0, 0, 0, 1, '2012-02-12 16:31:45', '2012-02-12 16:31:45'),
(93, 'data/yellows.jpg', 69, 0, 0, 9, 1, '2012-02-12 15:41:52', '2012-02-12 15:41:52'),
(94, 'data/Grand Canyon/vegass.jpg', 0, 0, 0, 0, 1, '2012-02-12 15:47:26', '2012-02-14 11:53:38'),
(95, 'data/Grand Canyon/vegass.jpg', 69, 0, 0, 0, 1, '2012-02-12 15:49:21', '2012-02-12 15:49:21'),
(96, 'data/GOLDGates.jpg', 69, 0, 0, 0, 1, '2012-02-12 15:54:18', '2012-02-12 15:54:18'),
(98, 'data/west coast/4head.jpg', 69, 0, 0, 12, 1, '2012-02-12 16:34:32', '2012-02-12 16:42:36'),
(99, 'data/paramid.jpg', 0, 0, 0, 0, 0, '2012-02-12 16:50:42', '2012-02-12 17:18:25'),
(100, '', 0, 0, 0, 0, 1, '2012-02-12 16:51:18', '2012-02-12 16:51:18'),
(101, 'data/RubyFalls.jpg', 83, 0, 0, 10, 1, '2012-02-12 17:14:32', '2012-02-12 17:14:32'),
(102, '', 0, 0, 0, 1, 0, '2012-02-17 21:24:26', '2012-02-18 19:30:18'),
(103, '', 0, 0, 0, 8, 1, '2012-02-17 21:53:27', '2012-02-18 19:47:20'),
(104, '', 0, 0, 0, 6, 1, '2012-02-18 08:51:05', '2012-02-18 19:46:12'),
(105, '', 0, 0, 0, 7, 1, '2012-02-18 10:56:25', '2012-02-18 19:45:36'),
(106, 'data/volcoii.jpg', 107, 0, 0, 0, 1, '2012-02-18 12:56:33', '2012-04-07 20:49:05'),
(107, '', 0, 0, 0, 0, 1, '2012-04-05 16:40:54', '2012-04-05 16:40:54'),
(108, '', 0, 0, 0, 0, 1, '2012-04-05 16:45:31', '2012-04-05 16:45:31'),
(109, '', 0, 0, 0, 0, 1, '2012-04-05 16:46:35', '2012-04-05 16:46:35');

-- --------------------------------------------------------

--
-- Table structure for table `attraction_description`
--

CREATE TABLE IF NOT EXISTS `attraction_description` (
  `category_id` int(11) NOT NULL,
  `language_id` int(11) NOT NULL,
  `name` varchar(255) COLLATE utf8_bin NOT NULL DEFAULT '',
  `description` text COLLATE utf8_bin NOT NULL,
  `meta_description` varchar(255) COLLATE utf8_bin NOT NULL,
  `meta_keyword` varchar(255) COLLATE utf8_bin NOT NULL,
  PRIMARY KEY (`category_id`,`language_id`),
  KEY `name` (`name`)
) ENGINE=MyISAM DEFAULT CHARSET=utf8 COLLATE=utf8_bin;

--
-- Dumping data for table `attraction_description`
--

INSERT INTO `attraction_description` (`category_id`, `language_id`, `name`, `description`, `meta_description`, `meta_keyword`) VALUES
(90, 2, '美加东', '', '', ''),
(64, 2, '尼加拉瀑布', '', '', ''),
(64, 1, 'Niagara Falls ', '', '', ''),
(84, 1, 'Washington DC', '', '', ''),
(84, 2, '华盛顿DC', '', '', ''),
(69, 2, '美西', '', '', ''),
(69, 1, 'USA West', '', '', ''),
(94, 2, '拉斯維加斯', '', '', ''),
(93, 1, 'Yellow Stone', '', '', ''),
(92, 2, '玻璃桥-大峡谷', '', '', ''),
(72, 2, '好莱坞', '', '', ''),
(72, 1, 'HollyWood LA', '', '', ''),
(91, 1, 'Canada-Toronto-', '', '', ''),
(91, 2, '加拿大-多伦多', '', '', ''),
(92, 1, 'Skywalk ', '', '', ''),
(81, 1, '|Tenessee-Ruby Falls|', '', '', ''),
(93, 2, '黄石公园', '', '', ''),
(81, 2, '田纳西宝石瀑布', '', '', ''),
(90, 1, 'East US-Canada', '', '', ''),
(71, 1, 'Grand Canyon', '', '', ''),
(71, 2, '大峡谷', '', '', ''),
(85, 1, 'Asia', '', '', ''),
(85, 2, '亚洲', '', '', ''),
(86, 1, 'Great Wall', '', '', ''),
(86, 2, '万里长城-北京', '', '', ''),
(87, 1, 'Europe', '', '', ''),
(87, 2, '欧洲', '', '', ''),
(88, 2, '巴黎', '', '', ''),
(88, 1, 'Paris', '', '', ''),
(79, 1, 'New York', '', '', ''),
(79, 2, '纽约', '', '', ''),
(83, 1, 'USA East', '', '', ''),
(82, 2, '迪士尼乐园', '', '', ''),
(82, 1, 'Disney Land', '', '', ''),
(83, 2, '美东', '', '', ''),
(94, 1, '|Las Vegas|', '', '', ''),
(95, 1, 'Las Vegas', '', '', ''),
(95, 2, '拉斯维加斯 ', '', '', ''),
(96, 1, 'Golden Gate Bridge', '', '', ''),
(96, 2, '金门大桥-舊金山', '', '', ''),
(97, 1, 'Universal Studio', '', '', ''),
(97, 2, '环球影城', '', '', ''),
(98, 2, '總統巨石', '', '', ''),
(98, 1, 'Mt. Rushmore', '', '', ''),
(99, 2, '金字塔-埃及', '', '', ''),
(100, 1, 'Middle East', '', '', ''),
(100, 2, '中东 ', '', '', ''),
(101, 1, 'Ruby Falls', '', '', ''),
(101, 2, '田纳西宝石瀑布', '', '', ''),
(99, 1, 'Paramid-Egypt', '', '', ''),
(102, 1, 'US Capitol', '', '', ''),
(102, 2, '国会大厦', '', '', ''),
(103, 1, 'Grand Canyon ', '', '', ''),
(103, 2, '大峽谷', '', '', ''),
(66, 2, '国会大厦', '', '', ''),
(66, 1, 'US Capitol', '', '', ''),
(104, 1, 'Toronto', '', '', ''),
(104, 2, '多伦多', '', '', ''),
(89, 1, 'Statue of Liberty ', '', '', ''),
(89, 2, '自由女神像', '', '', ''),
(105, 1, 'Ruby Falls ', '', '', ''),
(105, 2, '-紅寶石瀑布', '', '', ''),
(106, 2, '山熔岩流奇觀', '', '', ''),
(107, 1, 'Hawaii', '', '', ''),
(107, 2, '夏威夷', '', '', ''),
(106, 1, 'Honolulu City-Pearl Harbor-Mini C', '', '', ''),
(108, 1, 'Latin America', '', '', ''),
(108, 2, '拉丁美洲', '', '', ''),
(109, 1, 'Australia', '', '', ''),
(109, 2, '澳洲', '', '', '');

-- --------------------------------------------------------

--
-- Table structure for table `attraction_to_layout`
--

CREATE TABLE IF NOT EXISTS `attraction_to_layout` (
  `category_id` int(11) NOT NULL,
  `store_id` int(11) NOT NULL,
  `layout_id` int(11) NOT NULL,
  PRIMARY KEY (`category_id`,`store_id`)
) ENGINE=MyISAM DEFAULT CHARSET=utf8 COLLATE=utf8_bin;

--
-- Dumping data for table `attraction_to_layout`
--


-- --------------------------------------------------------

--
-- Table structure for table `attraction_to_store`
--

CREATE TABLE IF NOT EXISTS `attraction_to_store` (
  `category_id` int(11) NOT NULL,
  `store_id` int(11) NOT NULL,
  PRIMARY KEY (`category_id`,`store_id`)
) ENGINE=MyISAM DEFAULT CHARSET=utf8 COLLATE=utf8_bin;

--
-- Dumping data for table `attraction_to_store`
--

INSERT INTO `attraction_to_store` (`category_id`, `store_id`) VALUES
(64, 0),
(66, 0),
(69, 0),
(71, 0),
(72, 0),
(79, 0),
(81, 0),
(82, 0),
(83, 0),
(84, 0),
(85, 0),
(86, 0),
(87, 0),
(88, 0),
(89, 0),
(90, 0),
(91, 0),
(92, 0),
(93, 0),
(94, 0),
(95, 0),
(96, 0),
(97, 0),
(98, 0),
(100, 0),
(101, 0),
(102, 0),
(103, 0),
(104, 0),
(105, 0),
(106, 0),
(107, 0),
(108, 0),
(109, 0);

-- --------------------------------------------------------

--
-- Table structure for table `attribute`
--

CREATE TABLE IF NOT EXISTS `attribute` (
  `attribute_id` int(11) NOT NULL AUTO_INCREMENT,
  `attribute_group_id` int(11) NOT NULL,
  `sort_order` int(3) NOT NULL,
  PRIMARY KEY (`attribute_id`)
) ENGINE=MyISAM  DEFAULT CHARSET=utf8 COLLATE=utf8_bin AUTO_INCREMENT=13 ;

--
-- Dumping data for table `attribute`
--

INSERT INTO `attribute` (`attribute_id`, `attribute_group_id`, `sort_order`) VALUES
(12, 7, 2);

-- --------------------------------------------------------

--
-- Table structure for table `attribute_description`
--

CREATE TABLE IF NOT EXISTS `attribute_description` (
  `attribute_id` int(11) NOT NULL,
  `language_id` int(11) NOT NULL,
  `name` varchar(64) COLLATE utf8_bin NOT NULL,
  PRIMARY KEY (`attribute_id`,`language_id`)
) ENGINE=MyISAM DEFAULT CHARSET=utf8 COLLATE=utf8_bin;

--
-- Dumping data for table `attribute_description`
--

INSERT INTO `attribute_description` (`attribute_id`, `language_id`, `name`) VALUES
(12, 2, '下载PDF'),
(12, 1, 'Download PDF');

-- --------------------------------------------------------

--
-- Table structure for table `attribute_group`
--

CREATE TABLE IF NOT EXISTS `attribute_group` (
  `attribute_group_id` int(11) NOT NULL AUTO_INCREMENT,
  `sort_order` int(3) NOT NULL,
  PRIMARY KEY (`attribute_group_id`)
) ENGINE=MyISAM  DEFAULT CHARSET=utf8 COLLATE=utf8_bin AUTO_INCREMENT=8 ;

--
-- Dumping data for table `attribute_group`
--

INSERT INTO `attribute_group` (`attribute_group_id`, `sort_order`) VALUES
(7, 1);

-- --------------------------------------------------------

--
-- Table structure for table `attribute_group_description`
--

CREATE TABLE IF NOT EXISTS `attribute_group_description` (
  `attribute_group_id` int(11) NOT NULL,
  `language_id` int(11) NOT NULL,
  `name` varchar(64) COLLATE utf8_bin NOT NULL,
  PRIMARY KEY (`attribute_group_id`,`language_id`)
) ENGINE=MyISAM DEFAULT CHARSET=utf8 COLLATE=utf8_bin;

--
-- Dumping data for table `attribute_group_description`
--

INSERT INTO `attribute_group_description` (`attribute_group_id`, `language_id`, `name`) VALUES
(7, 2, '旅游路线'),
(7, 1, 'Travel Line');

-- --------------------------------------------------------

--
-- Table structure for table `banner`
--

CREATE TABLE IF NOT EXISTS `banner` (
  `banner_id` int(11) NOT NULL AUTO_INCREMENT,
  `name` varchar(64) COLLATE utf8_bin NOT NULL,
  `status` int(1) NOT NULL,
  PRIMARY KEY (`banner_id`)
) ENGINE=MyISAM  DEFAULT CHARSET=utf8 COLLATE=utf8_bin AUTO_INCREMENT=9 ;

--
-- Dumping data for table `banner`
--

INSERT INTO `banner` (`banner_id`, `name`, `status`) VALUES
(8, 'Egypd', 1);

-- --------------------------------------------------------

--
-- Table structure for table `banner_image`
--

CREATE TABLE IF NOT EXISTS `banner_image` (
  `banner_image_id` int(11) NOT NULL AUTO_INCREMENT,
  `banner_id` int(11) NOT NULL,
  `link` varchar(255) COLLATE utf8_bin NOT NULL,
  `image` varchar(255) COLLATE utf8_bin NOT NULL,
  PRIMARY KEY (`banner_image_id`)
) ENGINE=MyISAM  DEFAULT CHARSET=utf8 COLLATE=utf8_bin AUTO_INCREMENT=62 ;

--
-- Dumping data for table `banner_image`
--

INSERT INTO `banner_image` (`banner_image_id`, `banner_id`, `link`, `image`) VALUES
(61, 8, 'http://en.wikipedia.org/wiki/File:All_Gizah_Pyramids.jpg', 'data/paramid.jpg');

-- --------------------------------------------------------

--
-- Table structure for table `banner_image_description`
--

CREATE TABLE IF NOT EXISTS `banner_image_description` (
  `banner_image_id` int(11) NOT NULL,
  `language_id` int(11) NOT NULL,
  `banner_id` int(11) NOT NULL,
  `title` varchar(64) COLLATE utf8_bin NOT NULL,
  PRIMARY KEY (`banner_image_id`,`language_id`)
) ENGINE=MyISAM DEFAULT CHARSET=utf8 COLLATE=utf8_bin;

--
-- Dumping data for table `banner_image_description`
--

INSERT INTO `banner_image_description` (`banner_image_id`, `language_id`, `banner_id`, `title`) VALUES
(61, 2, 8, '埃及'),
(61, 1, 8, 'Egypd');

-- --------------------------------------------------------

--
-- Table structure for table `buscharter`
--

CREATE TABLE IF NOT EXISTS `buscharter` (
  `buscharter_id` int(11) NOT NULL AUTO_INCREMENT,
  `author` varchar(64) COLLATE utf8_bin NOT NULL DEFAULT '',
  `company` varchar(100) COLLATE utf8_bin DEFAULT NULL,
  `address` varchar(200) COLLATE utf8_bin DEFAULT NULL,
  `city` varchar(100) COLLATE utf8_bin DEFAULT NULL,
  `state` varchar(10) COLLATE utf8_bin DEFAULT NULL,
  `zipcode` varchar(20) COLLATE utf8_bin DEFAULT NULL,
  `country` varchar(100) COLLATE utf8_bin DEFAULT NULL,
  `email` varchar(100) COLLATE utf8_bin NOT NULL,
  `phone` varchar(100) COLLATE utf8_bin NOT NULL,
  `fax` varchar(100) COLLATE utf8_bin DEFAULT NULL,
  `departdate` varchar(30) COLLATE utf8_bin NOT NULL,
  `departlocation` varchar(100) COLLATE utf8_bin NOT NULL,
  `returndate` varchar(30) COLLATE utf8_bin NOT NULL,
  `returnlocation` varchar(100) COLLATE utf8_bin NOT NULL,
  `numofpassengers` int(4) NOT NULL,
  `attacheditinerary` varchar(500) COLLATE utf8_bin DEFAULT NULL,
  `details` text COLLATE utf8_bin,
  `status` int(1) NOT NULL DEFAULT '0',
  `date_added` datetime NOT NULL DEFAULT '0000-00-00 00:00:00',
  `date_modified` datetime NOT NULL DEFAULT '0000-00-00 00:00:00',
  PRIMARY KEY (`buscharter_id`)
) ENGINE=MyISAM  DEFAULT CHARSET=utf8 COLLATE=utf8_bin AUTO_INCREMENT=11 ;

--
-- Dumping data for table `buscharter`
--

INSERT INTO `buscharter` (`buscharter_id`, `author`, `company`, `address`, `city`, `state`, `zipcode`, `country`, `email`, `phone`, `fax`, `departdate`, `departlocation`, `returndate`, `returnlocation`, `numofpassengers`, `attacheditinerary`, `details`, `status`, `date_added`, `date_modified`) VALUES
(5, 'bus charter function', 'test Eng', '333 grand st', 'new york', 'NY', '10002', 'USA', 'admer999@yahoo.com', '646-888-0999', '', '2012-04-25', 'new york', '2012-04-27', 'Philly', 55, 'How to attach??', 0x44415931204e657720596f726b202d205068696c6164656c70686961202d2057617368696e67746f6e20442e432e2028323333206d696c6573290a090a090a4c656176696e67204e657720596f726b20696e20746865206d6f726e696e6720616e642064726976696e672074776f20686f75727320696e207468652062656175746966756c2047617264656e2053746174652c20776520617265206172726976696e6720696e205068696c6164656c70686961202d20746865206269727468706c616365206f662074686973206e6174696f6e2e2046726f6d207468652066697273742070656e6e7920746f2074686520466972737420416d656e646d656e742c205068696c6164656c70686961206c656420746865206e6174696f6e2e2057652077696c6c206272696e6720796f75206469726563746c7920746f20746865206e65776c79206f7665726861756c656420496e646570656e64656e6365204e6174696f6e616c20486973746f726963616c205061726b206f6e203435206163726573206f662043656e7465722043697479206c616e6473636170652e205468652063656e746572206f6620746865207061726b2069732074686520496e646570656e64656e63652048616c6c20616e6420746865204c6962657274792042656c6c20696c6c757374726174696e6720746865206561726c7920686973746f7279206f66207468697320636f756e7472792e2054686520322c3030302d706f756e642062656c6c2c206361737420696e20456e676c616e6420746f202671756f743b70726f636c61696d206c696265727479207468726f7567686f757420746865206c616e642671756f743b20617320746865204465636c61726174696f6e206f6620496e646570656e64656e636520776173207265616420616c6f756420746f2074686520636974697a656e732c20697320686f7573656420696e2061206e65772031332c3030302d7371756172652d666f6f7420676c61737320706176696c696f6e20616e676c656420736f20796f752063616e2073656520697420616761696e737420746865206261636b64726f70206f6620496e646570656e64656e63652048616c6c2e204279206561726c792061667465726e6f6f6e2c20776520617265206172726976696e672061742074686520636f756e7472792773206361706974616c2e0a0a5370656369616c2050726f6d6f74696f6e3a49662074696d6520697320617661696c61626c652057652061726520676f696e6720746f20766973697420746865206d6f73742066616d6f757320617175617269756d20696e204e6577204a65727365792d2671756f743b20416476656e7475726520417175617269756d2671756f743b2e20496d6d6572736520796f757273656c6620696e207468652077617465727920776f726c6420616e642067657420726561647920746f20657870657269656e636520746865206c69666520617175617469632061742074686520416476656e7475726520417175617269756d206f6e2074686520576174657266726f6e742e204e6f7720796f752063616e206765742068616e64732d6f6e2c20746f75636820616e64206d6f726520696e746572616374697665207468616e20796f75206576657220696d6167696e6564207769746820746865736520637265617475726573206f6620746865207365612e20546865726520617265206d6f7265207468616e2074686f7573616e64206b696e6473206f662073656120637265617475726520696e2074686520617175617269756d2c20737563682061732073656120747572746c652c207365616c2c20736861726b2c20616e642070656e6775696e2e, 0, '2012-05-04 01:05:33', '0000-00-00 00:00:00'),
(6, 'test', '', '', '', 'NY', '', 'USA', 'mononedv@gmail.com', '1234567890', '', '2012-04-29', 'new york', '2012-04-30', 'new york', 20, '', 0x266c743b702667743b0a0926616d703b6e6273703b266c743b2f702667743b0a266c743b702667743b0a09266c743b7374726f6e672667743b4e6961676172612046616c6c7320436f726e696e67266c743b2f7374726f6e672667743b266c743b2f702667743b0a266c743b702667743b0a09266c743b7374726f6e672667743b44617920313a204e657720596f726b202d20436f726e696e67204d757365756d206f6620476c617373202d204e6961676172612046616c6c7320285553207369646529266c743b2f7374726f6e672667743b266c743b6272202f2667743b0a095468652062757320746f75722077696c6c206465706172742066726f6d204e657720596f726b204369747920746f2076697369742074686520266c743b7374726f6e672667743b436f726e696e67204d757365756d206f6620476c617373266c743b2f7374726f6e672667743b20776869636820697320746865206c61726765737420676c617373206d757365756d20696e2074686520776f726c642077697468206d6f7265207468616e2034352c303030206f626a656374732066726f6d206f76657220332c353030207965617273206f6620676c6173736d616b696e6720686973746f72792e20596f752077696c6c20616c736f20736565206c6976652c206e6172726174656420676c6173736d616b696e672064656d6f6e7374726174696f6e732e2041667465727761726473207468652062757320746f75722077696c6c2074616b6520796f7520746f20266c743b7374726f6e672667743b4e6961676172612046616c6c73266c743b2f7374726f6e672667743b2e26616d703b6e6273703b20266c743b7374726f6e672667743b486f74656c3a20266c743b2f7374726f6e672667743b266c743b7374726f6e672667743b5175616c69747920486f74656c266c743b2f7374726f6e672667743b206f722073696d696c617220e38082266c743b6272202f2667743b0a09266c743b6272202f2667743b0a09266c743b7374726f6e672667743b44617920323a204e6961676172612046616c6c73202d204d616964206f6620746865204d6973742028417072202d204f6374203230313229202d204e657720596f726b266c743b2f7374726f6e672667743b266c743b6272202f2667743b0a09496e20746865206d6f726e696e67207468652062757320746f75722077696c6c20736565207468652073706563746163756c6172207669657773206f66204e6961676172612046616c6c73e38082266c743b2f702667743b0a, 0, '2012-04-28 14:42:02', '0000-00-00 00:00:00'),
(7, 'test', '', '', '', 'NY', '', 'USA', 'mononedv@gmail.com', '(850) 645-6588', '', '2012-04-30', 'test', '2012-04-30', 'test', 20, '', 0x266c743b702667743b0a0926616d703b6e6273703b266c743b2f702667743b0a266c743b702667743b0a09266c743b7374726f6e672667743b4e6961676172612046616c6c7320436f726e696e67266c743b2f7374726f6e672667743b266c743b2f702667743b0a266c743b702667743b0a09266c743b7374726f6e672667743b44617920313a204e657720596f726b202d20436f726e696e67204d757365756d206f6620476c617373202d204e6961676172612046616c6c7320285553207369646529266c743b2f7374726f6e672667743b266c743b6272202f2667743b0a095468652062757320746f75722077696c6c206465706172742066726f6d204e657720596f726b204369747920746f2076697369742074686520266c743b7374726f6e672667743b436f726e696e67204d757365756d206f6620476c617373266c743b2f7374726f6e672667743b20776869636820697320746865206c61726765737420676c617373206d757365756d20696e2074686520776f726c642077697468206d6f7265207468616e2034352c303030206f626a656374732066726f6d206f76657220332c353030207965617273206f6620676c6173736d616b696e6720686973746f72792e20596f752077696c6c20616c736f20736565206c6976652c206e6172726174656420676c6173736d616b696e672064656d6f6e7374726174696f6e732e2041667465727761726473207468652062757320746f75722077696c6c2074616b6520796f7520746f20266c743b7374726f6e672667743b4e6961676172612046616c6c73266c743b2f7374726f6e672667743b2e26616d703b6e6273703b20266c743b7374726f6e672667743b486f74656c3a20266c743b2f7374726f6e672667743b266c743b7374726f6e672667743b5175616c69747920486f74656c266c743b2f7374726f6e672667743b206f722073696d696c617220e38082266c743b6272202f2667743b0a09266c743b6272202f2667743b0a09266c743b7374726f6e672667743b44617920323a204e6961676172612046616c6c73202d204d616964206f6620746865204d6973742028417072202d204f6374203230313229202d204e657720596f726b266c743b2f7374726f6e672667743b266c743b6272202f2667743b0a09496e20746865206d6f726e696e67207468652062757320746f75722077696c6c20736565207468652073706563746163756c6172207669657773206f66204e6961676172612046616c6c73e38082266c743b2f702667743b0a, 0, '2012-05-04 01:05:48', '0000-00-00 00:00:00'),
(8, 'test', '', '', '', 'NY', '', 'USA', 'mononedv@gmail.com', '(850) 645-6588', '', '2012-04-30', 'new york', '2012-04-30', 'new york', 20, '', 0x266c743b702667743b0a0926616d703b6e6273703b266c743b2f702667743b0a266c743b702667743b0a09266c743b7374726f6e672667743b4e6961676172612046616c6c7320436f726e696e67266c743b2f7374726f6e672667743b266c743b2f702667743b0a266c743b702667743b0a09266c743b7374726f6e672667743b44617920313a204e657720596f726b202d20436f726e696e67204d757365756d206f6620476c617373202d204e6961676172612046616c6c7320285553207369646529266c743b2f7374726f6e672667743b266c743b6272202f2667743b0a095468652062757320746f75722077696c6c206465706172742066726f6d204e657720596f726b204369747920746f2076697369742074686520266c743b7374726f6e672667743b436f726e696e67204d757365756d206f6620476c617373266c743b2f7374726f6e672667743b20776869636820697320746865206c61726765737420676c617373206d757365756d20696e2074686520776f726c642077697468206d6f7265207468616e2034352c303030206f626a656374732066726f6d206f76657220332c353030207965617273206f6620676c6173736d616b696e6720686973746f72792e20596f752077696c6c20616c736f20736565206c6976652c206e6172726174656420676c6173736d616b696e672064656d6f6e7374726174696f6e732e2041667465727761726473207468652062757320746f75722077696c6c2074616b6520796f7520746f20266c743b7374726f6e672667743b4e6961676172612046616c6c73266c743b2f7374726f6e672667743b2e26616d703b6e6273703b20266c743b7374726f6e672667743b486f74656c3a20266c743b2f7374726f6e672667743b266c743b7374726f6e672667743b5175616c69747920486f74656c266c743b2f7374726f6e672667743b206f722073696d696c617220e38082266c743b6272202f2667743b0a09266c743b6272202f2667743b0a09266c743b7374726f6e672667743b44617920323a204e6961676172612046616c6c73202d204d616964206f6620746865204d6973742028417072202d204f6374203230313229202d204e657720596f726b266c743b2f7374726f6e672667743b266c743b6272202f2667743b0a09496e20746865206d6f726e696e67207468652062757320746f75722077696c6c20736565207468652073706563746163756c6172207669657773206f66204e6961676172612046616c6c73e38082266c743b2f702667743b0a, 0, '2012-04-29 14:45:56', '0000-00-00 00:00:00'),
(9, 'Test Order Inquary Form', 'ttest', '333 grad', 'new york', 'NY', '12222', 'USA', 'admer999@yahoo.com', '646-335-8348', '', '2012-04-30', 'new york', '2012-05-02', 'new york city', 55, '', 0x266c743b702667743b0a09266c743b7370616e20636c6173733d2671756f743b7374796c65352671756f743b2667743b44617920313a204e657720596f726b202d205068696c6164656c70686961202d2042616c74696d6f7265202d2057617368696e67746f6e20442e432e266c743b2f7370616e2667743b266c743b6272202f2667743b0a095468652062757320746f75722077696c6c20626567696e2062792074726176656c696e6720746f20266c743b7374726f6e672667743b5068696c6164656c70686961266c743b2f7374726f6e672667743b2e20596f752077696c6c20766973697420266c743b7374726f6e672667743b496e646570656e64656e63652048616c6c266c743b2f7374726f6e672667743b2077686572652047656f7267652057617368696e67746f6e20776173206170706f696e74656420636f6d6d616e64657220696e206368696566206f662074686520436f6e74696e656e74616c2041726d792c20746865204465636c61726174696f6e206f6620496e646570656e64656e6365207761732061646f7074656420696e20313737362c20616e642074686520552e532e20436f6e737469747574696f6e20776173206472616674656420696e20313738372e20596f752077696c6c20616c736f207365652074686520266c743b7374726f6e672667743b4c6962657274792042656c6c266c743b2f7374726f6e672667743b20776869636820686173206265656e20612073796d626f6c206f66206c69626572747920666f72206f766572203230302079656172732e2054686520746f75722077696c6c20616c736f2074616b6520796f7520746f2074686520552e532e204d696e742077686963682070726f6475636573206265747765656e2031312062696c6c696f6e20616e642032302062696c6c696f6e20636f696e7320616e6e75616c6c792e20496e207468652061667465726e6f6f6e207468652062757320746f75722077696c6c207468656e20766973697420266c743b7374726f6e672667743b42616c74696d6f72657320496e6e657220486172626f72266c743b2f7374726f6e672667743b207768696368206973206f6e65206f6620746865206d6f73742070686f746f6772617068656420616e642076697369746564206172656173206f662074686520636974792e20497420686173206265656e206f6e65206f6620746865206d616a6f7220736561706f72747320696e2074686520556e69746564205374617465732073696e6365207468652031373030732e2041667465727761726473207468652062757320746f75722077696c6c2074616b6520796f7520746f20266c743b7374726f6e672667743b57617368696e67746f6e20442e432e266c743b2f7374726f6e672667743b20776865726520796f752077696c6c20686176652074696d6520746f206578706c6f72652074686520766172696f7573206275696c64696e6773207468617420636f6d70726973652074686520536d697468736f6e69616e20496e737469747574652c207375636820617320746865204e6174696f6e616c2041697220616e64205370616365204d757365756d20616e6420746865204e6174696f6e616c204d757365756d206f66204e61747572616c20486973746f72792e266c743b6272202f2667743b0a09266c743b7374726f6e672667743b266c743b7370616e20636c6173733d2671756f743b7374796c65362671756f743b2667743b266c743b7370616e20636c6173733d2671756f743b7374796c65392671756f743b2667743b486f74656c3a266c743b2f7370616e2667743b204461797320496e6e2c2042657374205765737465726e20266c743b2f7370616e2667743b266c743b2f7374726f6e672667743b266c743b7370616e20636c6173733d2671756f743b7374796c65392671756f743b2667743b6f722073696d696c6172266c743b2f7370616e2667743b266c743b6272202f2667743b0a09266c743b6272202f2667743b0a09266c743b7370616e20636c6173733d2671756f743b7374796c65362671756f743b2667743b266c743b622667743b44617920323a2057617368696e67746f6e20442e432e202d204e657720596f726b266c743b2f622667743b266c743b2f7370616e2667743b266c743b6272202f2667743b0a09496e20746865206d6f726e696e67207468652062757320746f75722077696c6c20636f6e74696e7565207669736974696e6720746865206e6174696f6e73206361706974616c2e204865726520796f752077696c6c2076697369742074686520266c743b7374726f6e672667743b4c696e636f6c6e204d656d6f7269616c266c743b2f7374726f6e672667743b20776869636820697320696e2074686520666f726d206f66206120477265656b2074656d706c6520616e6420636f6e7461696e732061206c6172676520736561746564207363756c7074757265206f66204162726168616d204c696e636f6c6e20616e6420696e736372697074696f6e73206f662074776f2077656c6c2d6b6e6f776e207370656563686573206279204c696e636f6c6e2e20596f752077696c6c20616c736f2076697369742074686520266c743b7374726f6e672667743b4a6566666572736f6e204d656d6f7269616c266c743b2f7374726f6e672667743b2077686963682069732064656469636174656420746f2054686f6d6173204a6566666572736f6e2c20616e20416d65726963616e20466f756e64696e672046617468657220616e642074686520746869726420707265736964656e74206f662074686520556e69746564205374617465732e2054686520746f757220616c736f2074616b657320796f7520746f2074686520266c743b7374726f6e672667743b4e6174696f6e616c204d757365756d206f66204e61747572616c20486973746f7279266c743b2f7374726f6e672667743b2077686963682069732070617274206f662074686520536d697468736f6e69616e20496e737469747574696f6e20616e642069732074686520776f726c64732066696e657374206d757365756d20616e6420726573656172636820636f6d706c65782e20546865204d757365756d2069732064656469636174656420746f207374696d756c6174696e6720637572696f736974792c20646973636f766572792c20616e64206c6561726e696e672061626f757420746865206e61747572616c20776f726c64207468726f7567682069747320756e6d6174636865642072657365617263682c20636f6c6c656374696f6e732c2065786869626974696f6e732c20616e6420656475636174696f6e616c206f757472656163682070726f6772616d732e20596f752077696c6c20616c736f207365652074686520266c743b7374726f6e672667743b576869746520486f757365266c743b2f7374726f6e672667743b207768696368206973206f6e65206f662074686520776f726c6473206d6f73742066616d6f7573206275696c64696e6720616e6420697320746865207265736964656e636520616e6420776f726b706c61636520666f722074686520507265736964656e74206f662074686520552e532e2054686520746f75722077696c6c20616c736f2074616b6520796f7520746f2074686520266c743b7374726f6e672667743b566965746e616d205665746572616e73204d656d6f7269616c266c743b2f7374726f6e672667743b207768696368207761732064657369676e6564206279204d6179612059696e67204c696e20616e6420686f6e6f7273206d656d62657273206f662074686520552e532e2061726d656420666f726365732077686f20666f7567687420696e2074686520566965746e616d2057617220616e642077686f206469656420696e2073657276696365206f7220617265206d697373696e672e204166746572206c756e63682c207468652062757320746f75722077696c6c20636f6e636c756465207769746820796f75722074726970206261636b20746f204e657720596f726b2e266c743b2f702667743b0a, 0, '2012-04-29 20:37:28', '0000-00-00 00:00:00'),
(10, '中文城市版', '仍然日 ', '333', 'new york', 'NY', '', 'USA', 'admer999@yahoo.com', '4648888888', '', '2012-04-30', '纽约市', '2012-05-02', '纽约s', 556, '', 0x266c743b702667743b0a09266c743b7374726f6e672667743b266c743b7370616e207374796c653d2671756f743b636f6c6f723a236232323232323b2671756f743b2667743b266c743b7370616e207374796c653d2671756f743b666f6e742d73697a653a20313470783b2671756f743b2667743b446179203120e7b490e7b484202d20e88fafe79b9be9a093266c743b2f7370616e2667743b266c743b2f7370616e2667743b266c743b2f7374726f6e672667743b266c743b2f702667743b0a266c743b702667743b0a09e697a9e4b88ae5be9ee7b490e7b484e5b882e587bae799bce5898de5be80e7be8ee59c8be9a696e983bd2de88fafe79b9be9a093efbc8ce58588e696bce7b6a0e6b3a2e895a9e6bcbee79a84e6b3a2e5a49ae9a6ace5858be6b2b3e4b88ae4b998e888b9e9818ae8a6bde59f8ee5b882e9a2a8e699afefbc8ce5be8ce980b2e585a5e5b882e58d802c20e887aae794b1e58f83e8a780e5a4a7e5908de9bc8ee9bc8ee79a84e7be8ee59c8be888aae7a9bae888aae5a4a9e58d9ae789a9e9a4a8e38082e6ada4e9a4a8e69381e69c89e4b896e7958ce4b88ae69c80e5ae8ce695b4e79a84e888aae5a4a9e4ba8be6a5ade799bce5b195e58fb22c20e5be9ee4babae9a19ee58fb2e4b88ae79a84e7acace4b880e69eb6e9a39be6a99fe588b0e78fbee59ca8e79a84e5a496e5a4aae7a9bae68ea2e7b4a2e69785e7a88befbc8ce5be9ee69e97e5beb7e4bcafe6a0bce9a795e9a79be9818ee79a84e9a39be8a18ce9878ce695b8e69c80e995b7e79a84e88196e8b7afe69893e696afe7b2bee7a59ee8999fefbc8ce588b0e5afa6e78fbee4babae9a19ee799bbe4b88ae69c88e79083e5a4a2e683b3e79a84e998bfe6b3a2e7be853131e8999fe999b3e58897e89197e8bf91e4b889e799bee5a49a20e69eb6e5a4aae7a9bae9a39be8a18ce599a8e58e9fe4bbb6e38082e68ea5e89197e58f83e8a780e6adb7e5b186e7b8bde7b5b1e5b7a5e4bd9ce5928ce7949fe6b4bbe79a84e5ae98e982b826616d703b6d646173683be799bde5aeaee38082e584aae99b85e79a84e799bde5aeaee58d97e88d89e59daae59ca8e799bde99bb2e7b6a0e88d89e8978de5a4a9e79a84e8a5afe68998e4b88be9a1afe5be97e6a0bce5a496e7abafe88e8ae38082e4b98be5be8cefbc8ce58f83e8a780e58291e4bd9be9819ce7b480e5bfb5e5a082e38082e5afabe4b88be78da8e7ab8be5aea320e8a880e79a84e98099e4bd8de58189e5a4a7e79a84e7acace4b889e4bbbbe7b8bde7b5b1e7ab99e59ca8e7b480e5bfb5e5a082e79a84e4b8ade99693efbc8ce981a0e79cbae799bde5aeaee5928ce88fafe79b9be9a093e7b480e5bfb5e7a291efbc8ce7a59ee68385e887aae88ba5efbc8ce6b0a3e5ae87e8bb92e69882e38082e69c80e5be8ce58f83e8a780e88fafe79b9be9a093e699afe889b2e69c80e99b86e4b8ade59cb026616d703b6d646173683be69e97e882afe7b480e5bfb5e5a082e38082e88e8ae59ab4e79a84e7b480e5bfb5e5a082e585a7efbc8ce7abaf20e59d90e89197e8a7a3e694bee9bb91e5a5b4e5928ce5819ce6ada2e58d97e58c97e585a7e688b0e38081e7b5b1e4b880e7be8ee59c8be79a84e7acace58d81e585ade4bbbbe7b8bde7b5b1e38082e98099e4bd8de6b7b1e58f97e4babae6b091e6849be688b4e79a84e7b8bde7b5b1efbc8ce7a59ee68385e59ab4e5b3bbefbc8ce88ba5e69c89e68980e6809defbc8ce4b880e5a682e697a2e5be80e79a84e68682e6809de68682e6b091efbc8ce68980e588b0e4b98be4babae784a1e4b88de88285e784b6e8b5b7e695ace38082e7ab99e59ca8e9bb9120e4babae9a098e8a296e9a6ace4b88126616d703b6d6964646f743be8b7afe5beb726616d703b6d6964646f743be98791e69bbee685b7e685a8e6bf80e69882e8ac9be6bc9426616d703b6c6471756f3be68891e69c89e4b880e5808be5a4a2e683b326616d703b726471756f3be79a84e59cb0e696b9efbc8ce4b88de794b1e5bf83e6bdaee6be8ee6b983efbc8ce6809de7b792e890ace58d83e38082e6ada3e5898de696b9efbc8ce6b885e6be88e79a84e58092e5bdb1e6b996efbc8ce88fafe79b9be9a093e7b480e5bfb5e7a291efbc8ce59c8be69c83e5b1b1e88e8aefbc8ce4ba8ce688b0e7b480e5bfb5e7a291e79ba1e694b6e79cbc20e5ba95e38082e5b7a6e9828ae698afe795b6e5b9b4e583853231e6adb2e79a84e4ba9ee8a394e5bbbae7af89e8a8ade8a888e5b8abe69e97e79394e78db2e5be97e585a8e59c8be5a4a7e5a5ace79a84e89197e5908de4bd9ce59381efbc8ce58f88e5908d26616d703b6c7371756f3be593ade7898626616d703b727371756f3be79a84e8b68ae688b0e7b480e5bfb5e7a291efbc8ce7b0a1e596aee58dbbe6848fe7bea9e6b7b1e588bbe38082e58fb3e9828ae698afe58fb2e7a8b12026616d703b6c6471756f3be8a2abe981bae5bf98e79a84e688b0e788ad26616d703b726471756f3b20e79a84e69c9de9aeaee688b0e788ade7b480e5bfb5e7a291e38082e695b4e5808be7b480e5bfb5e7a291e68f8fe7b9aae89197e688b0e788ade79a84e889b1e88ba6e4b8a6e79599e4b88be4ba86e784a1e695b8e79a84e6809de88083e38082e9bb83e6988fe69982e58886efbc8ce794a8e7bdb7e6999ae9a490efbc8ce585a5e4bd8fe98592e5ba97e38082266c743b2f702667743b0a266c743b702667743b0a09266c743b7374726f6e672667743be98592e5ba97efbc9a436f756e74727920496e6e20e68896e5908ce7b49a266c743b2f7374726f6e672667743be38082266c743b2f702667743b0a266c743b702667743b0a09266c743b7374726f6e672667743b266c743b7370616e207374796c653d2671756f743b666f6e742d73697a653a313470783b2671756f743b2667743b266c743b7370616e207374796c653d2671756f743b6261636b67726f756e642d636f6c6f723a236666643730303b2671756f743b2667743b446179203220e88fafe79b9be9a093202d20e8b2bbe59f8e202d20e7b490e7b484266c743b2f7370616e2667743b266c743b2f7370616e2667743b266c743b2f7374726f6e672667743b266c743b2f702667743b0a266c743b702667743b0a09e4b880e697a9e68c81e7a5a8e980b2e585a5e7be8ee59c8be4b889e5808be69c80e9ab98e6ac8ae588a9e6a99fe6a78be4b98be4b880e79a84e59c8be69c83e5b1b1e88e8ae38082e59c8be69c83e5a4a7e5bb88e794b1e5bbbae7af89e5b8abe5a881e5bb8926616d703b6d6964646f743be6a191e9a093e8a8ade8a888e38081e4bfaee5bbbae38082e7be8ee59c8be9a696e4bbbbe7b8bde7b5b1e596ace6b2bb26616d703b6d6964646f743be88fafe79b9be9a093e8a6aae887aae782bae59c8be69c83e5a4a7e5bb88e5a5a0e59fbaefbc8c31383030e5b9b4e983a8e5888620e5bbbae7af89e9968be5a78be68a95e585a5e4bdbfe794a8e3808231383134e5b9b4efbc8ce88bb1e38081e7be8ee7acace4ba8ce6aca1e688b0e788ade69982efbc8ce88bb1e59c8be8bb8de99a8ae4b880e5baa6e4bd94e9a098e88fafe79b9be9a093efbc8ce59c8be69c83e5a4a7e5bb88e8a2abe4bb98e4b98be4b880e782ace38082e5be8ce9878de5bbbae59c8be69c83e5a4a7e5bb88efbc8ce4b894e4b88de696b7e980b2e8a18ce4bfaee7b995e693b4e5bbbaefbc8c31393530e5b9b4e6898de585b720e58299e79baee5898de8a68fe6a8a1e38082e5a4a7e5bb88e79a84e58c97e5bb82e698afe58f83e8adb0e999a2efbc8ce58d97e5bb82e698afe79cbee8adb0e999a2efbc8ce585a9e999a2e59084e69c89e5b08fe69c83e8adb0e5bbb3e5928ce8a8b1e5a49ae5a4a7e5b08fe688bfe99693e38082e6ada4e5a496e98284e69c89e99b95e5838fe5bbb3efbc8ce8a3a1e99da2e698afe5b9bee58d81e5baa7e7be8ee59c8be59084e5b79ee6adb7e4bbbbe8adb0e593a1e79a84e5b7a8e59e8be5a191e5838fe38082e8b79fe99aa8e59c8be69c83e585a720e983a8e8a7a3e8aaaae593a1e9818ae8a6bde99b95e6a281e795abe6a39fe79a84e98791e7a2a7e59c93e9a082e5a4a7e5bbb3efbc8ce6aca3e8b39ee6ad90e6b4b2e69687e8979de5bea9e88888e69982e69c9fe79a84e8979de8a193e4bdb3e4bd9cefbc8ce5a893e5a893e69598e8bfb0e7be8ee59c8be6adb7e58fb2e79a84e59b9be5a381e5b7a8e59e8be6b2b9e795abe5928ce6b384e6bc8fe5a4a9e6a99fe79a84e7a59ee7a798e59b9ee99fb3e5a4a7e5bbb3e38082e69c80e5be8cefbc8ce59ca8e88fafe79b9be9a093e5b882e4b8ade5bf8320e58f83e8a780e5908de6b0a3e4b88de587a1e79a84e7b8bde7b5b1e8a09fe5838fe9a4a8efbc8ce8b79fe6a0a9e6a0a9e5a682e7949fe79a84e5a5a7e5b7b4e9a6acefbc8ce7b1b3e99baae58592e58f8ae6adb7e58fb2e4b88a20e89197e5908de7b8bde7b5b1e58091e98284e69c89e5a5bde8908ae5a1a2e5b7a8e6989fe58091e8a6aae5af86e68ea5e8a7b8efbc8ce782bae88fafe79b9be9a093e6b8b8e79599e4b88be7be8ee5a5bde79a84e59b9ee686b6e38082e4b8ade58d88e99ba2e9968be88fafe79b9be9a093efbc8ce5898de5be80e69381e69c89e4b889e799bee5b9b4e6adb7e58fb2e4b894e69bbee782bae7be8ee59c8be79a84e7acace4ba8ce9a696e983bde68980e59ca8e59cb026616d703b6d646173683be8b2bbe59f8ee38082e6b2bfe89197e58fa4e59f8ee99d92e79fb3e5b08f20e8b7afe58ebbe58f83e8a780e8b1a1e5beb5e887aae794b1e79a84e7be8ee59c8be59c8be5afb62de887aae794b1e99098efbc8ce99b96e69c89e695b8e6a29de8a382e7b8abefbc8ce58dbbe689bfe8bc89e4ba86e4ba8ce799bee5a49ae5b9b4e79a84e7be8ee59c8be6adb7e58fb2efbc8ce99b96e784a1e881b2e58dbbe4bbbfe4bd9be6adb7e58fb2e79a84e99098e881b2e4b88de7b595e696bce880b3e38082e8bf91e69781e89995e5b0b1e698afe3808ae78da8e7ab8be5aea3e8a880e3808be3808ae7be8ee59c8be686b2e6b395e3808b20e3808ae4babae6ac8ae6b395e6a188e3808be79a84e8aa95e7949fe59cb026616d703b6d646173683be78da8e7ab8be5aeaee38082e59ca8e78da8e7ab8be5aeaee585a9e69781e698afe7be8ee59c8be69c80e697a9e69c9fe79a84e59c8be69c83e5bbb3e5928ce5b882e694bfe5bbb3efbc8ce4bb8de784b6e4bf9de68c81e89197e8b3aae6a8b8e79a84e58e9fe8b28ce38082e7acace4b880e4bbbbe7b8bde7b5b1e596ace6b2bb26616d703b6d6964646f743be88fafe79b9be9a093e79f97e7ab8be59ca8e78da8e7ab8be5aeaee5898defbc8ce88bb1e5a7bfe58b83e58b83efbc8ce4b88020e58887e5ae9be5a682e69982e58589e58092e6b581e38082e5828de6999ae69982e58886e8bf94e59b9ee7b490e7b484e38082266c743b2f702667743b0a266c743b702667743b0a09266c743b696d6720626f726465723d2671756f743b302671756f743b206865696768743d2671756f743b32302671756f743b207372633d2671756f743b687474703a2f2f65776f726c64746f7572732e636f6d2f70686f746f732f7370656369616c2d63682e6a70672671756f743b2077696474683d2671756f743b313030252671756f743b202f2667743b266c743b2f702667743b0a266c743b756c2667743b0a09266c743b6c692667743b0a0909266c743b7374726f6e672667743b266c743b666f6e7420636f6c6f723d2671756f743b234646303030302671756f743b2667743b266c743b7370616e207374796c653d2671756f743b636f6c6f723a20234630302671756f743b2667743befbc88e8b2b732e9808131efbc89266c743b2f7370616e2667743befbc8d20266c743b2f666f6e742667743b266c743b2f7374726f6e672667743b266c743b666f6e7420636f6c6f723d2671756f743b234646303030302671756f743b2667743b266c743b7370616e207374796c653d2671756f743b636f6c6f723a20233030302671756f743b2667743be8ab8be8a882e4b889e5808be68890e4babae58f8ae981b8e4b880e688bfe38082266c743b2f7370616e2667743b266c743b2f666f6e742667743b266c743b2f6c692667743b0a09266c743b6c692667743b0a0909e587a1e78db2e5be97e8b2b7e4ba8ce98081e4b880e584aae683a0e79a84e68980e69c89e5aea2e4babae587bae799bce795b6e5a4a9e5bf85e9a088e6ba96e69982e5a0b1e588b0efbc8ce5a682e587bae799bce795b6e5a4a9e887a8e69982e58f96e6b688e88085e99c80e58fa6e4bb98e5b08fe7aba5e583b9e98ca2e696b9e58fafe587bae799bce38082266c743b2f6c692667743b0a09266c743b6c692667743b0a0909e587a1e78db2e5be97e8b2b7e4ba8ce98081e4b880e584aae683a0e79a84e68980e69c89e5aea2e4babae59d87e58faae78db2e4b880e688bfe38082efbc8820e688bfe585a7e69c80e5a49ae58faae69c89e585a9e5ba8aefbc89266c743b2f6c692667743b0a09266c743b6c692667743b0a0909e584aae683a0e69982e69c9fe69c89e99990efbc8ce6acb2e8b3bce5be9ee9809f266c743b2f6c692667743b0a09266c743b6c692667743b0a0909e583b9e98ca2e4bba5e7be8ee98791e6af8fe4bd8de8a888e7ae97e38082266c743b2f6c692667743b0a09266c743b6c692667743b0a0909e8a18ce7a88be69c83e59ba0e587bae799bce697a5e69c9fe8808ce6aca1e5ba8fe69c89e68980e8aabfe58b95e38082266c743b2f6c692667743b0a266c743b2f756c2667743b0a266c743b702667743b0a09266c743b666f6e7420636f6c6f723d2671756f743b234646303030302671756f743b2667743b266c743b666f6e7420636f6c6f723d2671756f743b233030303046462671756f743b207374796c653d2671756f743b636f6c6f723a20234630302671756f743b2667743be8b2bbe794a8e58c85e68bacefbc9a266c743b2f666f6e742667743b266c743b2f666f6e742667743b266c743b2f702667743b0a266c743b756c2667743b0a09266c743b6c692667743b0a0909e4b880e6999ae98592e5ba97e4bd8fe5aebfefbc8ce688bfe99693e4bba5e585a9e5bcb5e5ba8ae782bae4b8bbefbc8ce585a8e983a8e99984e69c89e7a781e4babae6b5b4e5bb81e3808228e5b08fe7aba52ce7acace4b8892ce7acace59b9be4babae5908ce688bf2ce4b88de58fa6e58aa0e5ba8a29266c743b2f6c692667743b0a09266c743b6c692667743b0a0909e5b7b4e5a3abe38081e5b08ee9818ae58f8ae58fb8e6a99fe38082266c743b2f6c692667743b0a266c743b2f756c2667743b0a, 0, '2012-04-29 20:44:25', '0000-00-00 00:00:00');

-- --------------------------------------------------------

--
-- Table structure for table `busstation`
--

CREATE TABLE IF NOT EXISTS `busstation` (
  `category_id` int(11) NOT NULL AUTO_INCREMENT,
  `image` varchar(255) COLLATE utf8_bin DEFAULT NULL,
  `parent_id` int(11) NOT NULL DEFAULT '0',
  `top` int(1) NOT NULL,
  `column` int(3) NOT NULL,
  `sort_order` int(3) NOT NULL DEFAULT '0',
  `status` int(1) NOT NULL,
  `date_added` datetime NOT NULL DEFAULT '0000-00-00 00:00:00',
  `date_modified` datetime NOT NULL DEFAULT '0000-00-00 00:00:00',
  PRIMARY KEY (`category_id`)
) ENGINE=MyISAM  DEFAULT CHARSET=utf8 COLLATE=utf8_bin AUTO_INCREMENT=32 ;

--
-- Dumping data for table `busstation`
--

INSERT INTO `busstation` (`category_id`, `image`, `parent_id`, `top`, `column`, `sort_order`, `status`, `date_added`, `date_modified`) VALUES
(1, '', 2, 0, 1, 0, 1, '2011-07-14 14:23:39', '2011-11-12 11:13:25'),
(2, '', 1, 0, 1, 1, 1, '2011-07-14 14:24:00', '2011-11-12 11:16:30'),
(3, '', 2, 0, 1, 0, 1, '2011-07-14 15:26:42', '2011-07-14 15:26:42'),
(4, '', 6, 0, 1, 2, 1, '2011-11-03 14:02:35', '2011-11-29 09:50:29'),
(6, '', 4, 0, 0, 4, 1, '2011-11-17 16:15:17', '2011-11-23 16:15:09'),
(8, '', 14, 0, 0, 2, 1, '2011-12-02 21:56:46', '2011-12-16 00:54:56'),
(9, '', 0, 0, 0, 5, 1, '2011-12-03 06:37:54', '2011-12-03 06:38:50'),
(10, '', 14, 0, 0, 2, 0, '2011-12-05 05:37:30', '2012-02-08 18:31:02'),
(11, '', 14, 0, 0, 2, 1, '2011-12-05 05:38:33', '2012-08-11 12:38:25'),
(12, '', 0, 0, 0, 5, 1, '2011-12-05 05:44:19', '2012-02-08 18:29:25'),
(19, '', 23, 0, 0, 0, 1, '2012-02-12 19:06:37', '2012-02-18 14:57:48'),
(14, '', 0, 0, 0, 0, 1, '2011-12-07 12:25:14', '2011-12-07 12:25:14'),
(15, '', 0, 0, 0, 1, 0, '2011-12-16 00:34:37', '2012-09-05 19:53:35'),
(16, '', 12, 0, 0, 4, 1, '2011-12-16 00:36:49', '2012-02-08 18:27:48'),
(18, '', 0, 0, 0, 0, 1, '2011-12-16 00:53:05', '2012-11-29 15:37:24'),
(20, '', 12, 0, 0, 0, 1, '2012-02-12 19:10:18', '2012-11-29 15:32:42'),
(21, '', 9, 0, 0, 0, 1, '2012-02-12 19:13:15', '2012-02-12 19:13:15'),
(22, '', 23, 0, 0, 2, 1, '2012-02-18 13:00:30', '2012-02-18 14:49:43'),
(23, '', 0, 0, 0, 0, 1, '2012-02-18 13:02:39', '2012-02-18 14:49:14'),
(24, '', 25, 0, 0, 3, 1, '2012-02-18 20:29:47', '2012-02-18 20:31:41'),
(25, '', 0, 0, 0, 2, 1, '2012-02-18 20:30:50', '2012-02-18 20:32:19'),
(26, '', 0, 0, 0, 0, 1, '2012-09-06 02:23:01', '2012-09-06 02:23:01'),
(27, '', 26, 0, 0, 0, 1, '2012-09-06 02:23:36', '2012-09-06 02:23:36'),
(28, '', 30, 0, 0, 0, 1, '2012-09-06 02:38:12', '2012-11-29 15:39:24'),
(29, '', 30, 0, 0, 0, 1, '2012-09-06 02:39:29', '2012-11-29 15:38:07'),
(30, '', 0, 0, 0, 0, 1, '2012-09-06 02:40:00', '2012-09-06 06:36:42'),
(31, '', 14, 0, 0, 2, 1, '2012-11-10 17:31:18', '2012-11-10 18:15:27');

-- --------------------------------------------------------

--
-- Table structure for table `busstation_description`
--

CREATE TABLE IF NOT EXISTS `busstation_description` (
  `category_id` int(11) NOT NULL,
  `language_id` int(11) NOT NULL,
  `name` varchar(255) COLLATE utf8_bin NOT NULL DEFAULT '',
  `description` text COLLATE utf8_bin NOT NULL,
  `meta_description` varchar(255) COLLATE utf8_bin NOT NULL,
  `meta_keyword` varchar(255) COLLATE utf8_bin NOT NULL,
  PRIMARY KEY (`category_id`,`language_id`),
  KEY `name` (`name`)
) ENGINE=MyISAM DEFAULT CHARSET=utf8 COLLATE=utf8_bin;

--
-- Dumping data for table `busstation_description`
--

INSERT INTO `busstation_description` (`category_id`, `language_id`, `name`, `description`, `meta_description`, `meta_keyword`) VALUES
(1, 1, 'Flushing Agents', 0x266c743b702667743b0d0a0937203a203030414d3a2033392d3130204d61696e20537420466c757368696e67204e592031313335342028496e2066726f6e74206f66204853424329266c743b2f702667743b0d0a, '', ''),
(2, 1, 'USA East', 0x266c743b702667743b0d0a09647473266c743b2f702667743b0d0a, '', ''),
(3, 1, '7:00AM - 135-20 39th Ave, Flushing, NY. 11354 (In front of the Sheraton hotel) . ', '', '', ''),
(3, 2, '7:00 早上 - 135-20 39th Ave, Flushing, NY. 11354 (In front of the Sheraton hotel) . ', '', '', ''),
(1, 2, '法拉盛代理 ', 0x266c743b702667743b0d0a0937203a203030414d3a2033392d3130204d61696e20537420466c757368696e67204e592031313335342028496e2066726f6e74206f66204853424329266c743b2f702667743b0d0a, '', ''),
(2, 2, '美东', 0x266c743b702667743b0d0a097465737426616d703b6e6273703be7be8ee4b89c266c743b2f702667743b0d0a, '', ''),
(6, 2, '法拉盛上车地点：', 0x266c743b702667743b0d0a097420e5969ce69da5e799bbe98592e5ba97efbc9a3133362d3336204d61696e20537420466c757368696e67204e5931313337332e266c743b2f702667743b0d0a, '', ''),
(4, 1, 'Flushing Bus Stops:', 0x266c743b702667743b0d0a09e5969ce69da5e799bbe98592e5ba9720746573742031323120726f61642066686c75736869676e672e266c743b2f702667743b0d0a, '', ''),
(4, 2, '法拉盛', 0x266c743b702667743b0d0a09e5969ce69da5e799bbe98592e5ba97266c743b2f702667743b0d0a, '', ''),
(6, 1, 'Flushing Bus Stop', 0x266c743b702667743b0d0a09266c743b7374726f6e672667743b74657374205368617261746f6e20486f74656c266c743b2f7374726f6e672667743befbc9a3133362d3336204d61696e20537420466c757368696e67204e5931313337332e266c743b2f702667743b0d0a266c743b702667743b0d0a0926616d703b6e6273703b266c743b2f702667743b0d0a, '', ''),
(8, 2, '法拉盛: 7:00 早上.- 135-20 39th Ave, Flushing, NY 11354 (Sheraton Hotel) .', '', '', ''),
(9, 2, '八大道', 0x266c743b702667743b0d0a093820e585abe5a4a7e981932f353920e8a19720e5b08fe5b7b4e7ab99266c743b2f702667743b0d0a, '', ''),
(9, 1, 'Brooklyn', 0x266c743b702667743b0d0a0938204176652f3539205374204275732053687574746c652053746174696f6e266c743b2f702667743b0d0a, '', ''),
(10, 1, '8.50 a.m. -511, Old Post Rd NJ08817  (Kam Mun Super Market)', '', '', ''),
(10, 2, '8: 50早上- (金門超市)511 Old Past Rd. Edison NJ08817. ', 0x266c743b702667743b0d0a0926616d703b6e6273703b2026616d703b6e6273703b373a30302026616d703b6e6273703b612e6d2e202d33392d3130204d61696e20537420466c757368696e67204e592031313335342028485342432042616e6b29266c743b2f702667743b0d0a266c743b702667743b0d0a0926616d703b6e6273703b26616d703b6e6273703b20373a303026616d703b6e6273703b20612e6d2e2d203133352d32302033397468204176652c20466c757368696e672c204e5920313133353420285368657261746f6e20486f74656c29202e266c743b2f702667743b0d0a266c743b702667743b0d0a0926616d703b6e6273703b26616d703b6e6273703b20383a313526616d703b6e6273703b20612e6d2e202d20343820426f776572792053742c204e657720596f726b204e592031303031332e266c743b2f702667743b0d0a266c743b702667743b0d0a0926616d703b6e6273703b2026616d703b6e6273703b383a303026616d703b6e6273703b20612e6d2e202d20383720426f776572792c204e657720596f726b2c204e5920313030303220284368696e61746f776e20284d616e68617474616e29266c743b2f702667743b0d0a266c743b702667743b0d0a0926616d703b6e6273703b26616d703b6e6273703b26616d703b6e6273703b383a343526616d703b6e6273703b20612e6d2e202de98791e997a8e8b685e5b88220353131204f6c6420506f73742052642c20456469736f6e2c204e4a20303838313720284b616d204d616e20466f6f6429202e266c743b2f702667743b0d0a266c743b702667743b0d0a0926616d703b6e6273703b26616d703b6e6273703b31313a30302026616d703b6e6273703b612e6d2e202d313830204e357468205374726565742c205068696c6164656c706869612c20504120313931303620284e6174696f6e616c20436f6e737469747574696f6e2043656e746572205061726b696e67292e266c743b2f702667743b0d0a, '', ''),
(19, 2, '家园机场 - 当地机场接机-旅店。', '', '', ''),
(19, 1, 'Home Airport - Pick up from Airport -Transfer to Hotel,', '', '', ''),
(11, 2, '8:00  a.m. - 48 Bowery, New York, NY10013(唐人街).', 0x266c743b702667743b0d0a0926616d703b6e6273703b20373a30302026616d703b6e6273703b612e6d2e202d33392d3130204d61696e20537420466c757368696e67204e592031313335342028e6b187e4b8b0e993b6e8a18ce6978129266c743b2f702667743b0d0a, '', ''),
(14, 1, 'NY', '', '', ''),
(14, 2, 'NY', '', '', ''),
(20, 2, '8.45 am -828 US 46 Parsippany, New Jersey NJ (鑫鑫超市).', '', '', ''),
(16, 1, '8.50 a.m. -511, Old Post Rd NJ08817 (Kam Mun Super Market)', '', '', ''),
(25, 1, 'USA West', '', '', ''),
(12, 1, 'Edison, NJ', '', '', ''),
(12, 2, '金门超市', '', '', ''),
(15, 2, '法拉盛-7:00早上135-20 39 Ave, Flushing, NY 11354 (喜徕登酒店).', '', '', ''),
(18, 2, '美国西部', '', '', ''),
(18, 1, 'USA West ', '', '', ''),
(8, 1, 'Flushing : 7:00  a.m.- 135-20 39th Ave, Flushing, NY 11354 (Sheraton Hotel) .', 0x266c743b702667743b0d0a0954696d653a373a303026616d703b6e6273703b20612e6d2e2d203133352d32302033397468204176652c20466c757368696e672c204e5920313133353420285368657261746f6e20486f74656c29202e266c743b2f702667743b0d0a, '', ''),
(21, 1, '8 Ave, 59th Street Bus Shuttle Stop.', '', '', ''),
(21, 2, '八大道/ 59 街小巴站对面。', '', '', ''),
(22, 1, 'Honolulu Airport Transfer to Hotel', '', '', ''),
(22, 2, '檀香山机场(进出）', '', '', ''),
(23, 1, 'Hawaii', '', '', ''),
(23, 2, '夏威夷檀香', '', '', ''),
(24, 2, '接机送到酒店', '', '', ''),
(24, 1, 'Airport Transfer to Hotel', '', '', ''),
(25, 2, '美国西岸', '', '', ''),
(16, 2, '8.50 a.m. -511, Old Post Rd NJ08817 (Kam Mun Super Market)', '', '', ''),
(11, 1, '8:00  a.m. - 48 Bowery, New York, NY10013(Chinatown).', 0x266c743b702667743b0d0a0926616d703b6e6273703b20373a30302026616d703b6e6273703b612e6d2e202d33392d3130204d61696e20537420466c757368696e67204e592031313335342028485342432042616e6b29266c743b2f702667743b0d0a, '', ''),
(15, 1, '7:00 a.m.-135-20 39 Ave, Flushing, NY11354(Sharaton Hotel).', '', '', ''),
(26, 1, 'Europe', '', '', ''),
(26, 2, '欧洲', '', '', ''),
(27, 1, 'Paris Airport', '', '', ''),
(27, 2, '巴黎机场', '', '', ''),
(28, 1, 'Montreal', '', '', ''),
(29, 2, '多伦多', '', '', ''),
(30, 2, '加拿', '', '', ''),
(30, 1, 'Canadaa', '', '', ''),
(28, 2, '蒙特利爾', '', '', ''),
(29, 1, 'Tonronto', '', '', ''),
(31, 2, '紐約機場接機', '', '', ''),
(31, 1, 'NY Airport Pickup', '', '', ''),
(20, 1, '8.45 am -828 US 46 Parsippany, New Jersey NJ (Top Quality Market).', '', '', '');

-- --------------------------------------------------------

--
-- Table structure for table `category`
--

CREATE TABLE IF NOT EXISTS `category` (
  `category_id` int(11) NOT NULL AUTO_INCREMENT,
  `image` varchar(255) COLLATE utf8_bin DEFAULT NULL,
  `parent_id` int(11) NOT NULL DEFAULT '0',
  `top` int(1) NOT NULL,
  `column` int(3) NOT NULL,
  `sort_order` int(3) NOT NULL DEFAULT '0',
  `status` int(1) NOT NULL,
  `date_added` datetime NOT NULL DEFAULT '0000-00-00 00:00:00',
  `date_modified` datetime NOT NULL DEFAULT '0000-00-00 00:00:00',
  PRIMARY KEY (`category_id`)
) ENGINE=MyISAM  DEFAULT CHARSET=utf8 COLLATE=utf8_bin AUTO_INCREMENT=135 ;

--
-- Dumping data for table `category`
--

INSERT INTO `category` (`category_id`, `image`, `parent_id`, `top`, `column`, `sort_order`, `status`, `date_added`, `date_modified`) VALUES
(69, 'data/paris.jpg', 0, 0, 1, 8, 1, '2011-07-18 13:28:36', '2013-04-20 08:43:06'),
(68, 'data/bn_sec_usae.jpg', 0, 0, 1, 7, 1, '2011-07-18 13:28:13', '2013-02-10 03:34:36'),
(67, 'data/bn_sec_usae.jpg', 0, 0, 1, 6, 0, '2011-07-18 13:27:52', '2013-04-20 08:44:17'),
(66, '', 0, 0, 1, 5, 1, '2011-07-18 13:27:35', '2012-09-24 21:59:29'),
(65, 'data/bn_sec_usae.jpg', 0, 0, 3, 4, 0, '2011-07-18 13:26:18', '2013-04-20 09:41:11'),
(109, 'data/ottawa.jpg', 0, 0, 0, 2, 0, '2012-04-07 20:28:41', '2013-05-03 18:13:49'),
(119, 'data/Niagara Illumination.jpg', 59, 0, 0, 0, 1, '2012-04-07 20:59:50', '2013-05-21 19:42:40'),
(59, '', 0, 1, 1, 1, 1, '2011-06-23 15:14:53', '2013-05-03 15:21:36'),
(72, 'data/GOLDGates.jpg', 0, 1, 0, 2, 1, '2011-11-16 17:58:37', '2013-05-03 15:19:32'),
(74, 'data/falls.jpg', 0, 0, 0, 4, 0, '2011-11-16 18:58:30', '2013-04-20 08:20:57'),
(75, 'data/DCs.jpg', 0, 0, 0, 2, 0, '2011-11-16 19:00:48', '2013-04-20 08:24:25'),
(80, 'data/Paris2.jpg', 0, 0, 0, 6, 0, '2011-11-17 18:45:49', '2013-04-20 08:46:07'),
(122, 'data/liberty.jpg', 59, 0, 0, 0, 1, '2012-04-07 21:15:58', '2013-04-15 07:52:43'),
(90, 'data/skys.jpg', 72, 0, 0, 5, 1, '2011-12-02 21:40:20', '2013-04-15 07:56:39'),
(99, 'data/MYMN-S-0896.jpg', 0, 0, 0, 6, 0, '2012-02-12 12:27:23', '2013-04-20 08:42:49'),
(108, 'data/Tonronto.jpg', 59, 0, 0, 0, 0, '2012-04-07 20:25:35', '2013-05-03 18:12:59'),
(100, 'data/hollyw.jpg', 72, 0, 0, 3, 0, '2012-02-18 20:22:00', '2013-04-18 21:09:10'),
(107, 'data/china.jpg', 111, 0, 0, 2, 1, '2012-04-07 20:24:35', '2013-04-18 21:01:02'),
(103, 'data/BrooklynBridge.jpg', 59, 0, 0, 0, 1, '2012-03-17 23:56:40', '2013-05-03 14:46:05'),
(111, '', 0, 1, 0, 0, 1, '2012-04-07 20:30:58', '2013-05-21 19:12:38'),
(110, 'data/MYBoat-S_1133.jpg', 0, 0, 0, 30, 0, '2012-04-07 20:29:46', '2013-05-03 18:15:38'),
(112, 'data/west coast/Capture.PNG', 0, 0, 0, 0, 0, '2012-04-07 20:42:36', '2013-04-20 08:20:09'),
(114, 'data/MYMN-S-0896.jpg', 0, 0, 0, 1, 0, '2012-04-07 20:45:25', '2013-04-20 08:44:54'),
(116, 'data/16245300764e5e58784e09c.jpg', 0, 0, 0, 0, 0, '2012-04-07 20:53:21', '2013-05-03 17:50:45'),
(117, 'data/BrooklynBridge.jpg', 0, 0, 0, 0, 0, '2012-04-07 20:55:07', '2013-05-03 17:49:56'),
(118, 'data/MYMN-S-0896.jpg', 0, 0, 0, 0, 0, '2012-04-07 20:57:00', '2013-04-18 20:14:10'),
(120, 'data/MYMN-S-0896.jpg', 0, 0, 0, 32, 0, '2012-04-07 21:01:37', '2013-04-20 08:22:25'),
(121, 'data/MYMN-S-0896.jpg', 0, 0, 0, 0, 0, '2012-04-07 21:02:40', '2013-04-18 20:00:44'),
(123, 'data/MYMN-S-0896.jpg', 0, 0, 0, 0, 1, '2012-04-07 21:20:08', '2013-04-18 20:00:14'),
(124, '', 0, 1, 0, 9, 1, '2012-04-25 10:52:06', '2013-04-03 17:31:02'),
(125, 'data/Bostons.jpg', 0, 0, 0, 0, 0, '2012-08-11 12:27:56', '2013-04-20 08:21:43'),
(126, 'data/DC.jpg', 128, 0, 0, 0, 0, '2012-08-12 19:34:08', '2013-05-21 19:11:14'),
(127, '', 0, 1, 0, 0, 1, '2012-09-06 02:19:42', '2013-04-24 10:10:11'),
(128, 'data/MYBoat-S_1133.jpg', 0, 1, 0, 1, 1, '2012-09-06 06:27:52', '2013-05-03 15:22:39'),
(129, 'data/DoubleDec3.jpg', 0, 0, 0, 0, 0, '2012-09-13 03:27:04', '2013-05-03 18:19:18'),
(130, 'data/liberty.jpg', 128, 0, 0, 0, 0, '2012-09-16 06:16:39', '2013-05-21 19:42:55'),
(131, '', 0, 0, 0, 0, 0, '2012-11-29 11:53:26', '2013-05-03 17:34:38'),
(132, 'data/MYMN-S-0896.jpg', 0, 0, 0, 0, 0, '2012-11-29 11:59:23', '2013-04-18 20:01:55'),
(133, 'data/skywalks.jpg', 72, 0, 0, 0, 1, '2012-11-29 13:33:49', '2013-04-18 19:53:11'),
(134, 'data/disneyPark.jpg', 59, 0, 0, 0, 1, '2012-11-29 13:36:32', '2013-04-15 07:54:17');

-- --------------------------------------------------------

--
-- Table structure for table `category_description`
--

CREATE TABLE IF NOT EXISTS `category_description` (
  `category_id` int(11) NOT NULL,
  `language_id` int(11) NOT NULL,
  `name` varchar(255) COLLATE utf8_bin NOT NULL DEFAULT '',
  `description` text COLLATE utf8_bin NOT NULL,
  `meta_description` varchar(255) COLLATE utf8_bin NOT NULL,
  `meta_keyword` varchar(255) COLLATE utf8_bin NOT NULL,
  PRIMARY KEY (`category_id`,`language_id`),
  KEY `name` (`name`)
) ENGINE=MyISAM DEFAULT CHARSET=utf8 COLLATE=utf8_bin;

--
-- Dumping data for table `category_description`
--

INSERT INTO `category_description` (`category_id`, `language_id`, `name`, `description`, `meta_description`, `meta_keyword`) VALUES
(69, 1, '555', '', '', ''),
(69, 2, '555', '', '', ''),
(109, 2, '?  夏威夷', '', '', ''),
(68, 1, 'Basic Features', '', '', ''),
(126, 2, '钱又付完了- 王八蛋公司不怎么办', '', '', ''),
(126, 1, '钱又付完了-王八蛋公司不怎么办', '', '', ''),
(99, 2, '999', '', '', ''),
(108, 2, '多伦多', '', '', ''),
(107, 2, '万里长城', '', '', ''),
(110, 1, 'Hawaii ', '', '', ''),
(110, 2, '夏威夷', '', '', ''),
(114, 1, 'White House', '', '', ''),
(114, 2, '白宫', '', '', ''),
(117, 2, '费城', '', '', ''),
(117, 1, 'Philadelphia', '', '', ''),
(100, 1, 'Hollywood', '', '', ''),
(100, 2, '好来乌', '', '', ''),
(66, 2, '? 中东', '', '', ''),
(119, 1, 'N Falls 网站三年都没修好', '', '', ''),
(124, 2, '澳洲', '', '', ''),
(112, 1, '温哥华', '', '', ''),
(121, 1, '5e', '', '', ''),
(121, 2, '5c', '', '', ''),
(109, 1, '?  Hawaii', '', '', ''),
(59, 1, '?Europe网站问题多多', '', '', ''),
(108, 1, 'Toronto ', '', '', ''),
(107, 1, 'Great Wall', '', '', ''),
(103, 2, '华盛顿 DC', '', '', ''),
(99, 1, '999', '', '', ''),
(119, 2, '尼加拉网站三年都没修好', 0x266c743b702667743b0d0a09e7bd91e7ab99e4b889e5b9b4e983bde6b2a1e4bfaee5a5bd266c743b2f702667743b0d0a, '', ''),
(125, 2, '波士顿', '', '', ''),
(118, 1, '8e', '', '', ''),
(118, 2, '8c', '', '', ''),
(65, 1, '77', '', '', ''),
(65, 2, '77', '', '', ''),
(127, 1, 'Australia', '', '', ''),
(127, 2, '奥洲', '', '', ''),
(66, 1, '? Middle East', '', '', ''),
(125, 1, 'Boston', '', '', ''),
(129, 1, 'Hawaii ', '', '', ''),
(129, 2, '夏威夷', '', '', ''),
(130, 1, 'New york 问题多多', '', '', ''),
(130, 2, '纽约网站问题多多', '', '', ''),
(124, 1, 'Australia', '', '', ''),
(103, 1, 'Washingtond DC', '', '', ''),
(131, 2, '巧克力世界', '', '', ''),
(131, 1, 'Chocolate World', '', '', ''),
(59, 2, '?钱有付完了修不好怎么办', '', '', ''),
(133, 1, 'Grand Canyon', '', '', ''),
(133, 2, '大峡谷', '', '', ''),
(123, 1, '4e', '', '', ''),
(123, 2, '4c', '', '', ''),
(128, 1, '?East USA', '', '', ''),
(128, 2, '?3年修不好怎么办', '', '', ''),
(132, 1, '6e', '', '', ''),
(132, 2, '6c', '', '', ''),
(80, 1, 'Paris', '', '', ''),
(80, 2, '白宫', '', '', ''),
(68, 2, '网站该有的基本功能', '', '', ''),
(74, 1, '111', '', '', ''),
(74, 2, '1111', '', '', ''),
(67, 1, 'Yale University', '', '', ''),
(67, 2, '耶鲁大学', '', '', ''),
(112, 2, '温哥华', '', '', ''),
(111, 1, '?亚问题多多', '', '', ''),
(111, 2, '?亚--问题多多d的网站', '', '', ''),
(90, 2, '拉斯维加斯', '', '', ''),
(90, 1, 'Las Vegas', '', '', ''),
(75, 1, 'US Parliament', '', '', ''),
(75, 2, '会大厦', '', '', ''),
(122, 1, 'Statue of Liberty ', '', '', ''),
(122, 2, '自由女神像', '', '', ''),
(134, 1, 'Liberty Island', '', '', ''),
(134, 2, '自由女神像', '', '', ''),
(116, 1, 'Statue of Liberty ', '', '', ''),
(116, 2, '自由女神像1', '', '', ''),
(120, 1, 'S. America', '', '', ''),
(120, 2, '南美', '', '', ''),
(72, 1, '?WUS 网站3年修不好', '', '', ''),
(72, 2, '?美西问题多多', '', '', '');

-- --------------------------------------------------------

--
-- Table structure for table `category_to_layout`
--

CREATE TABLE IF NOT EXISTS `category_to_layout` (
  `category_id` int(11) NOT NULL,
  `store_id` int(11) NOT NULL,
  `layout_id` int(11) NOT NULL,
  PRIMARY KEY (`category_id`,`store_id`)
) ENGINE=MyISAM DEFAULT CHARSET=utf8 COLLATE=utf8_bin;

--
-- Dumping data for table `category_to_layout`
--


-- --------------------------------------------------------

--
-- Table structure for table `category_to_store`
--

CREATE TABLE IF NOT EXISTS `category_to_store` (
  `category_id` int(11) NOT NULL,
  `store_id` int(11) NOT NULL,
  PRIMARY KEY (`category_id`,`store_id`)
) ENGINE=MyISAM DEFAULT CHARSET=utf8 COLLATE=utf8_bin;

--
-- Dumping data for table `category_to_store`
--

INSERT INTO `category_to_store` (`category_id`, `store_id`) VALUES
(59, 0),
(66, 0),
(72, 0),
(90, 0),
(98, 0),
(101, 0),
(103, 0),
(104, 0),
(107, 0),
(111, 0),
(115, 0),
(119, 0),
(122, 0),
(124, 0),
(126, 0),
(127, 0),
(128, 0),
(133, 0),
(134, 0);

-- --------------------------------------------------------

--
-- Table structure for table `country`
--

CREATE TABLE IF NOT EXISTS `country` (
  `country_id` int(11) NOT NULL AUTO_INCREMENT,
  `name` varchar(128) COLLATE utf8_bin NOT NULL,
  `iso_code_2` varchar(2) COLLATE utf8_bin NOT NULL DEFAULT '',
  `iso_code_3` varchar(3) COLLATE utf8_bin NOT NULL DEFAULT '',
  `address_format` text COLLATE utf8_bin NOT NULL,
  `postcode_required` int(1) NOT NULL,
  `status` int(1) NOT NULL DEFAULT '1',
  PRIMARY KEY (`country_id`)
) ENGINE=MyISAM  DEFAULT CHARSET=utf8 COLLATE=utf8_bin AUTO_INCREMENT=240 ;

--
-- Dumping data for table `country`
--

INSERT INTO `country` (`country_id`, `name`, `iso_code_2`, `iso_code_3`, `address_format`, `postcode_required`, `status`) VALUES
(1, 'Afghanistan', 'AF', 'AFG', '', 0, 1),
(2, 'Albania', 'AL', 'ALB', '', 0, 1),
(3, 'Algeria', 'DZ', 'DZA', '', 0, 1),
(4, 'American Samoa', 'AS', 'ASM', '', 0, 1),
(5, 'Andorra', 'AD', 'AND', '', 0, 1),
(6, 'Angola', 'AO', 'AGO', '', 0, 1),
(7, 'Anguilla', 'AI', 'AIA', '', 0, 1),
(8, 'Antarctica', 'AQ', 'ATA', '', 0, 1),
(9, 'Antigua and Barbuda', 'AG', 'ATG', '', 0, 1),
(10, 'Argentina', 'AR', 'ARG', '', 0, 1),
(11, 'Armenia', 'AM', 'ARM', '', 0, 1),
(12, 'Aruba', 'AW', 'ABW', '', 0, 1),
(13, 'Australia', 'AU', 'AUS', '', 0, 1),
(14, 'Austria', 'AT', 'AUT', '', 0, 1),
(15, 'Azerbaijan', 'AZ', 'AZE', '', 0, 1),
(16, 'Bahamas', 'BS', 'BHS', '', 0, 1),
(17, 'Bahrain', 'BH', 'BHR', '', 0, 1),
(18, 'Bangladesh', 'BD', 'BGD', '', 0, 1),
(19, 'Barbados', 'BB', 'BRB', '', 0, 1),
(20, 'Belarus', 'BY', 'BLR', '', 0, 1),
(21, 'Belgium', 'BE', 'BEL', '', 0, 1),
(22, 'Belize', 'BZ', 'BLZ', '', 0, 1),
(23, 'Benin', 'BJ', 'BEN', '', 0, 1),
(24, 'Bermuda', 'BM', 'BMU', '', 0, 1),
(25, 'Bhutan', 'BT', 'BTN', '', 0, 1),
(26, 'Bolivia', 'BO', 'BOL', '', 0, 1),
(27, 'Bosnia and Herzegowina', 'BA', 'BIH', '', 0, 1),
(28, 'Botswana', 'BW', 'BWA', '', 0, 1),
(29, 'Bouvet Island', 'BV', 'BVT', '', 0, 1),
(30, 'Brazil', 'BR', 'BRA', '', 0, 1),
(31, 'British Indian Ocean Territory', 'IO', 'IOT', '', 0, 1),
(32, 'Brunei Darussalam', 'BN', 'BRN', '', 0, 1),
(33, 'Bulgaria', 'BG', 'BGR', '', 0, 1),
(34, 'Burkina Faso', 'BF', 'BFA', '', 0, 1),
(35, 'Burundi', 'BI', 'BDI', '', 0, 1),
(36, 'Cambodia', 'KH', 'KHM', '', 0, 1),
(37, 'Cameroon', 'CM', 'CMR', '', 0, 1),
(38, 'Canada', 'CA', 'CAN', '', 0, 1),
(39, 'Cape Verde', 'CV', 'CPV', '', 0, 1),
(40, 'Cayman Islands', 'KY', 'CYM', '', 0, 1),
(41, 'Central African Republic', 'CF', 'CAF', '', 0, 1),
(42, 'Chad', 'TD', 'TCD', '', 0, 1),
(43, 'Chile', 'CL', 'CHL', '', 0, 1),
(44, 'China', 'CN', 'CHN', '', 0, 1),
(45, 'Christmas Island', 'CX', 'CXR', '', 0, 1),
(46, 'Cocos (Keeling) Islands', 'CC', 'CCK', '', 0, 1),
(47, 'Colombia', 'CO', 'COL', '', 0, 1),
(48, 'Comoros', 'KM', 'COM', '', 0, 1),
(49, 'Congo', 'CG', 'COG', '', 0, 1),
(50, 'Cook Islands', 'CK', 'COK', '', 0, 1),
(51, 'Costa Rica', 'CR', 'CRI', '', 0, 1),
(52, 'Cote D''Ivoire', 'CI', 'CIV', '', 0, 1),
(53, 'Croatia', 'HR', 'HRV', '', 0, 1),
(54, 'Cuba', 'CU', 'CUB', '', 0, 1),
(55, 'Cyprus', 'CY', 'CYP', '', 0, 1),
(56, 'Czech Republic', 'CZ', 'CZE', '', 0, 1),
(57, 'Denmark', 'DK', 'DNK', '', 0, 1),
(58, 'Djibouti', 'DJ', 'DJI', '', 0, 1),
(59, 'Dominica', 'DM', 'DMA', '', 0, 1),
(60, 'Dominican Republic', 'DO', 'DOM', '', 0, 1),
(61, 'East Timor', 'TP', 'TMP', '', 0, 1),
(62, 'Ecuador', 'EC', 'ECU', '', 0, 1),
(63, 'Egypt', 'EG', 'EGY', '', 0, 1),
(64, 'El Salvador', 'SV', 'SLV', '', 0, 1),
(65, 'Equatorial Guinea', 'GQ', 'GNQ', '', 0, 1),
(66, 'Eritrea', 'ER', 'ERI', '', 0, 1),
(67, 'Estonia', 'EE', 'EST', '', 0, 1),
(68, 'Ethiopia', 'ET', 'ETH', '', 0, 1),
(69, 'Falkland Islands (Malvinas)', 'FK', 'FLK', '', 0, 1),
(70, 'Faroe Islands', 'FO', 'FRO', '', 0, 1),
(71, 'Fiji', 'FJ', 'FJI', '', 0, 1),
(72, 'Finland', 'FI', 'FIN', '', 0, 1),
(73, 'France', 'FR', 'FRA', '', 0, 1),
(74, 'France, Metropolitan', 'FX', 'FXX', '', 0, 1),
(75, 'French Guiana', 'GF', 'GUF', '', 0, 1),
(76, 'French Polynesia', 'PF', 'PYF', '', 0, 1),
(77, 'French Southern Territories', 'TF', 'ATF', '', 0, 1),
(78, 'Gabon', 'GA', 'GAB', '', 0, 1),
(79, 'Gambia', 'GM', 'GMB', '', 0, 1),
(80, 'Georgia', 'GE', 'GEO', '', 0, 1),
(81, 'Germany', 'DE', 'DEU', '', 0, 1),
(82, 'Ghana', 'GH', 'GHA', '', 0, 1),
(83, 'Gibraltar', 'GI', 'GIB', '', 0, 1),
(84, 'Greece', 'GR', 'GRC', '', 0, 1),
(85, 'Greenland', 'GL', 'GRL', '', 0, 1),
(86, 'Grenada', 'GD', 'GRD', '', 0, 1),
(87, 'Guadeloupe', 'GP', 'GLP', '', 0, 1),
(88, 'Guam', 'GU', 'GUM', '', 0, 1),
(89, 'Guatemala', 'GT', 'GTM', '', 0, 1),
(90, 'Guinea', 'GN', 'GIN', '', 0, 1),
(91, 'Guinea-bissau', 'GW', 'GNB', '', 0, 1),
(92, 'Guyana', 'GY', 'GUY', '', 0, 1),
(93, 'Haiti', 'HT', 'HTI', '', 0, 1),
(94, 'Heard and Mc Donald Islands', 'HM', 'HMD', '', 0, 1),
(95, 'Honduras', 'HN', 'HND', '', 0, 1),
(96, 'Hong Kong', 'HK', 'HKG', '', 0, 1),
(97, 'Hungary', 'HU', 'HUN', '', 0, 1),
(98, 'Iceland', 'IS', 'ISL', '', 0, 1),
(99, 'India', 'IN', 'IND', '', 0, 1),
(100, 'Indonesia', 'ID', 'IDN', '', 0, 1),
(101, 'Iran (Islamic Republic of)', 'IR', 'IRN', '', 0, 1),
(102, 'Iraq', 'IQ', 'IRQ', '', 0, 1),
(103, 'Ireland', 'IE', 'IRL', '', 0, 1),
(104, 'Israel', 'IL', 'ISR', '', 0, 1),
(105, 'Italy', 'IT', 'ITA', '', 0, 1),
(106, 'Jamaica', 'JM', 'JAM', '', 0, 1),
(107, 'Japan', 'JP', 'JPN', '', 0, 1),
(108, 'Jordan', 'JO', 'JOR', '', 0, 1),
(109, 'Kazakhstan', 'KZ', 'KAZ', '', 0, 1),
(110, 'Kenya', 'KE', 'KEN', '', 0, 1),
(111, 'Kiribati', 'KI', 'KIR', '', 0, 1),
(112, 'North Korea', 'KP', 'PRK', '', 0, 1),
(113, 'Korea, Republic of', 'KR', 'KOR', '', 0, 1),
(114, 'Kuwait', 'KW', 'KWT', '', 0, 1),
(115, 'Kyrgyzstan', 'KG', 'KGZ', '', 0, 1),
(116, 'Lao People''s Democratic Republic', 'LA', 'LAO', '', 0, 1),
(117, 'Latvia', 'LV', 'LVA', '', 0, 1),
(118, 'Lebanon', 'LB', 'LBN', '', 0, 1),
(119, 'Lesotho', 'LS', 'LSO', '', 0, 1),
(120, 'Liberia', 'LR', 'LBR', '', 0, 1),
(121, 'Libyan Arab Jamahiriya', 'LY', 'LBY', '', 0, 1),
(122, 'Liechtenstein', 'LI', 'LIE', '', 0, 1),
(123, 'Lithuania', 'LT', 'LTU', '', 0, 1),
(124, 'Luxembourg', 'LU', 'LUX', '', 0, 1),
(125, 'Macau', 'MO', 'MAC', '', 0, 1),
(126, 'Macedonia', 'MK', 'MKD', '', 0, 1),
(127, 'Madagascar', 'MG', 'MDG', '', 0, 1),
(128, 'Malawi', 'MW', 'MWI', '', 0, 1),
(129, 'Malaysia', 'MY', 'MYS', '', 0, 1),
(130, 'Maldives', 'MV', 'MDV', '', 0, 1),
(131, 'Mali', 'ML', 'MLI', '', 0, 1),
(132, 'Malta', 'MT', 'MLT', '', 0, 1),
(133, 'Marshall Islands', 'MH', 'MHL', '', 0, 1),
(134, 'Martinique', 'MQ', 'MTQ', '', 0, 1),
(135, 'Mauritania', 'MR', 'MRT', '', 0, 1),
(136, 'Mauritius', 'MU', 'MUS', '', 0, 1),
(137, 'Mayotte', 'YT', 'MYT', '', 0, 1),
(138, 'Mexico', 'MX', 'MEX', '', 0, 1),
(139, 'Micronesia, Federated States of', 'FM', 'FSM', '', 0, 1),
(140, 'Moldova, Republic of', 'MD', 'MDA', '', 0, 1),
(141, 'Monaco', 'MC', 'MCO', '', 0, 1),
(142, 'Mongolia', 'MN', 'MNG', '', 0, 1),
(143, 'Montserrat', 'MS', 'MSR', '', 0, 1),
(144, 'Morocco', 'MA', 'MAR', '', 0, 1),
(145, 'Mozambique', 'MZ', 'MOZ', '', 0, 1),
(146, 'Myanmar', 'MM', 'MMR', '', 0, 1),
(147, 'Namibia', 'NA', 'NAM', '', 0, 1),
(148, 'Nauru', 'NR', 'NRU', '', 0, 1),
(149, 'Nepal', 'NP', 'NPL', '', 0, 1),
(150, 'Netherlands', 'NL', 'NLD', '', 0, 1),
(151, 'Netherlands Antilles', 'AN', 'ANT', '', 0, 1),
(152, 'New Caledonia', 'NC', 'NCL', '', 0, 1),
(153, 'New Zealand', 'NZ', 'NZL', '', 0, 1),
(154, 'Nicaragua', 'NI', 'NIC', '', 0, 1),
(155, 'Niger', 'NE', 'NER', '', 0, 1),
(156, 'Nigeria', 'NG', 'NGA', '', 0, 1),
(157, 'Niue', 'NU', 'NIU', '', 0, 1),
(158, 'Norfolk Island', 'NF', 'NFK', '', 0, 1),
(159, 'Northern Mariana Islands', 'MP', 'MNP', '', 0, 1),
(160, 'Norway', 'NO', 'NOR', '', 0, 1),
(161, 'Oman', 'OM', 'OMN', '', 0, 1),
(162, 'Pakistan', 'PK', 'PAK', '', 0, 1),
(163, 'Palau', 'PW', 'PLW', '', 0, 1),
(164, 'Panama', 'PA', 'PAN', '', 0, 1),
(165, 'Papua New Guinea', 'PG', 'PNG', '', 0, 1),
(166, 'Paraguay', 'PY', 'PRY', '', 0, 1),
(167, 'Peru', 'PE', 'PER', '', 0, 1),
(168, 'Philippines', 'PH', 'PHL', '', 0, 1),
(169, 'Pitcairn', 'PN', 'PCN', '', 0, 1),
(170, 'Poland', 'PL', 'POL', '', 0, 1),
(171, 'Portugal', 'PT', 'PRT', '', 0, 1),
(172, 'Puerto Rico', 'PR', 'PRI', '', 0, 1),
(173, 'Qatar', 'QA', 'QAT', '', 0, 1),
(174, 'Reunion', 'RE', 'REU', '', 0, 1),
(175, 'Romania', 'RO', 'ROM', '', 0, 1),
(176, 'Russian Federation', 'RU', 'RUS', '', 0, 1),
(177, 'Rwanda', 'RW', 'RWA', '', 0, 1),
(178, 'Saint Kitts and Nevis', 'KN', 'KNA', '', 0, 1),
(179, 'Saint Lucia', 'LC', 'LCA', '', 0, 1),
(180, 'Saint Vincent and the Grenadines', 'VC', 'VCT', '', 0, 1),
(181, 'Samoa', 'WS', 'WSM', '', 0, 1),
(182, 'San Marino', 'SM', 'SMR', '', 0, 1),
(183, 'Sao Tome and Principe', 'ST', 'STP', '', 0, 1),
(184, 'Saudi Arabia', 'SA', 'SAU', '', 0, 1),
(185, 'Senegal', 'SN', 'SEN', '', 0, 1),
(186, 'Seychelles', 'SC', 'SYC', '', 0, 1),
(187, 'Sierra Leone', 'SL', 'SLE', '', 0, 1),
(188, 'Singapore', 'SG', 'SGP', '', 0, 1),
(189, 'Slovak Republic', 'SK', 'SVK', 0x7b66697273746e616d657d207b6c6173746e616d657d0d0a7b636f6d70616e797d0d0a7b616464726573735f317d0d0a7b616464726573735f327d0d0a7b636974797d207b706f7374636f64657d0d0a7b7a6f6e657d0d0a7b636f756e7472797d, 0, 1),
(190, 'Slovenia', 'SI', 'SVN', '', 0, 1),
(191, 'Solomon Islands', 'SB', 'SLB', '', 0, 1),
(192, 'Somalia', 'SO', 'SOM', '', 0, 1),
(193, 'South Africa', 'ZA', 'ZAF', '', 0, 1),
(194, 'South Georgia &amp; South Sandwich Islands', 'GS', 'SGS', '', 0, 1),
(195, 'Spain', 'ES', 'ESP', '', 0, 1),
(196, 'Sri Lanka', 'LK', 'LKA', '', 0, 1),
(197, 'St. Helena', 'SH', 'SHN', '', 0, 1),
(198, 'St. Pierre and Miquelon', 'PM', 'SPM', '', 0, 1),
(199, 'Sudan', 'SD', 'SDN', '', 0, 1),
(200, 'Suriname', 'SR', 'SUR', '', 0, 1),
(201, 'Svalbard and Jan Mayen Islands', 'SJ', 'SJM', '', 0, 1),
(202, 'Swaziland', 'SZ', 'SWZ', '', 0, 1),
(203, 'Sweden', 'SE', 'SWE', '', 0, 1),
(204, 'Switzerland', 'CH', 'CHE', '', 0, 1),
(205, 'Syrian Arab Republic', 'SY', 'SYR', '', 0, 1),
(206, 'Taiwan', 'TW', 'TWN', '', 0, 1),
(207, 'Tajikistan', 'TJ', 'TJK', '', 0, 1),
(208, 'Tanzania, United Republic of', 'TZ', 'TZA', '', 0, 1),
(209, 'Thailand', 'TH', 'THA', '', 0, 1),
(210, 'Togo', 'TG', 'TGO', '', 0, 1),
(211, 'Tokelau', 'TK', 'TKL', '', 0, 1),
(212, 'Tonga', 'TO', 'TON', '', 0, 1),
(213, 'Trinidad and Tobago', 'TT', 'TTO', '', 0, 1),
(214, 'Tunisia', 'TN', 'TUN', '', 0, 1),
(215, 'Turkey', 'TR', 'TUR', '', 0, 1),
(216, 'Turkmenistan', 'TM', 'TKM', '', 0, 1),
(217, 'Turks and Caicos Islands', 'TC', 'TCA', '', 0, 1),
(218, 'Tuvalu', 'TV', 'TUV', '', 0, 1),
(219, 'Uganda', 'UG', 'UGA', '', 0, 1),
(220, 'Ukraine', 'UA', 'UKR', '', 0, 1),
(221, 'United Arab Emirates', 'AE', 'ARE', '', 0, 1),
(222, 'United Kingdom', 'GB', 'GBR', '', 1, 1),
(223, 'United States', 'US', 'USA', 0x7b66697273746e616d657d207b6c6173746e616d657d0d0a7b636f6d70616e797d0d0a7b616464726573735f317d0d0a7b616464726573735f327d0d0a7b636974797d2c207b7a6f6e657d207b706f7374636f64657d0d0a7b636f756e7472797d, 0, 1),
(224, 'United States Minor Outlying Islands', 'UM', 'UMI', '', 0, 1),
(225, 'Uruguay', 'UY', 'URY', '', 0, 1),
(226, 'Uzbekistan', 'UZ', 'UZB', '', 0, 1),
(227, 'Vanuatu', 'VU', 'VUT', '', 0, 1),
(228, 'Vatican City State (Holy See)', 'VA', 'VAT', '', 0, 1),
(229, 'Venezuela', 'VE', 'VEN', '', 0, 1),
(230, 'Viet Nam', 'VN', 'VNM', '', 0, 1),
(231, 'Virgin Islands (British)', 'VG', 'VGB', '', 0, 1),
(232, 'Virgin Islands (U.S.)', 'VI', 'VIR', '', 0, 1),
(233, 'Wallis and Futuna Islands', 'WF', 'WLF', '', 0, 1),
(234, 'Western Sahara', 'EH', 'ESH', '', 0, 1),
(235, 'Yemen', 'YE', 'YEM', '', 0, 1),
(236, 'Yugoslavia', 'YU', 'YUG', '', 0, 1),
(237, 'Democratic Republic of Congo', 'CD', 'COD', '', 0, 1),
(238, 'Zambia', 'ZM', 'ZMB', '', 0, 1),
(239, 'Zimbabwe', 'ZW', 'ZWE', '', 0, 1);

-- --------------------------------------------------------

--
-- Table structure for table `coupon`
--

CREATE TABLE IF NOT EXISTS `coupon` (
  `coupon_id` int(11) NOT NULL AUTO_INCREMENT,
  `name` varchar(128) COLLATE utf8_bin NOT NULL,
  `code` varchar(10) COLLATE utf8_bin NOT NULL,
  `type` char(1) COLLATE utf8_bin NOT NULL,
  `discount` decimal(15,4) NOT NULL,
  `logged` int(1) NOT NULL,
  `shipping` int(1) NOT NULL,
  `total` decimal(15,4) NOT NULL,
  `date_start` date NOT NULL DEFAULT '0000-00-00',
  `date_end` date NOT NULL DEFAULT '0000-00-00',
  `uses_total` int(11) NOT NULL,
  `uses_customer` varchar(11) COLLATE utf8_bin NOT NULL,
  `status` int(1) NOT NULL,
  `date_added` datetime NOT NULL DEFAULT '0000-00-00 00:00:00',
  `whosale_id` int(5) NOT NULL,
  PRIMARY KEY (`coupon_id`),
  KEY `whosale_id` (`whosale_id`)
) ENGINE=MyISAM  DEFAULT CHARSET=utf8 COLLATE=utf8_bin AUTO_INCREMENT=9 ;

--
-- Dumping data for table `coupon`
--

INSERT INTO `coupon` (`coupon_id`, `name`, `code`, `type`, `discount`, `logged`, `shipping`, `total`, `date_start`, `date_end`, `uses_total`, `uses_customer`, `status`, `date_added`, `whosale_id`) VALUES
(4, '-10% Discount', '2222', 'P', 10.0000, 0, 0, 20.0000, '2011-01-01', '2012-10-06', 10, '10', 1, '2009-01-27 13:55:03', 0),
(5, 'Free Shipping', '3333', 'P', 2.5000, 0, 1, 2.5000, '2009-03-01', '2009-08-31', 10, '10', 1, '2009-03-14 21:13:53', 0),
(6, '-10.00 Discount', '1111', 'P', 10.0000, 0, 0, 10.0000, '2012-02-08', '2013-11-01', 1000, '1000', 1, '2009-03-14 21:15:18', 0),
(7, 'VIP Special Discount', '8888', 'P', 10.0000, 0, 1, 50.0000, '2012-02-08', '2013-01-01', 0, '0', 1, '2011-11-16 00:57:21', 0),
(8, 'USA380', '8003809123', 'P', 13.0000, 0, 0, 0.0000, '2012-03-12', '2013-01-01', 1, '1', 1, '2011-12-07 12:48:28', 9123);

-- --------------------------------------------------------

--
-- Table structure for table `coupon_history`
--

CREATE TABLE IF NOT EXISTS `coupon_history` (
  `coupon_history_id` int(11) NOT NULL AUTO_INCREMENT,
  `coupon_id` int(11) NOT NULL,
  `order_id` int(11) NOT NULL,
  `customer_id` int(11) NOT NULL,
  `amount` decimal(15,4) NOT NULL,
  `date_added` datetime NOT NULL,
  PRIMARY KEY (`coupon_history_id`)
) ENGINE=MyISAM  DEFAULT CHARSET=utf8 COLLATE=utf8_bin AUTO_INCREMENT=18 ;

--
-- Dumping data for table `coupon_history`
--

INSERT INTO `coupon_history` (`coupon_history_id`, `coupon_id`, `order_id`, `customer_id`, `amount`, `date_added`) VALUES
(3, 7, 58, 2, -10.0000, '2012-02-25 19:16:45'),
(4, 6, 65, 11, -205.0000, '2012-04-18 21:39:01'),
(5, 6, 66, 3, -28.0000, '2012-04-19 21:27:13'),
(7, 7, 106, 0, -10.0000, '2012-05-03 19:09:20'),
(8, 7, 159, 3, -415.8000, '2012-05-24 10:43:49'),
(9, 7, 173, 3, -250.7000, '2012-06-11 13:16:57'),
(10, 7, 174, 0, -18.0000, '2012-06-13 21:31:10'),
(11, 7, 175, 3, -187.0000, '2012-06-15 08:40:50'),
(12, 7, 176, 3, -106.0000, '2012-06-15 08:51:09'),
(13, 7, 177, 3, -57.5000, '2012-06-15 13:58:06'),
(14, 7, 178, 3, -65.0000, '2012-06-15 14:25:48'),
(15, 7, 180, 2, -153.5000, '2012-06-17 22:35:27'),
(16, 7, 182, 2, -150.7000, '2012-06-18 05:52:58'),
(17, 7, 187, 2, -313.1000, '2012-08-09 14:41:28');

-- --------------------------------------------------------

--
-- Table structure for table `coupon_product`
--

CREATE TABLE IF NOT EXISTS `coupon_product` (
  `coupon_product_id` int(11) NOT NULL AUTO_INCREMENT,
  `coupon_id` int(11) NOT NULL,
  `product_id` int(11) NOT NULL,
  PRIMARY KEY (`coupon_product_id`)
) ENGINE=MyISAM  DEFAULT CHARSET=utf8 COLLATE=utf8_bin AUTO_INCREMENT=5 ;

--
-- Dumping data for table `coupon_product`
--


-- --------------------------------------------------------

--
-- Table structure for table `currency`
--

CREATE TABLE IF NOT EXISTS `currency` (
  `currency_id` int(11) NOT NULL AUTO_INCREMENT,
  `title` varchar(32) COLLATE utf8_bin NOT NULL DEFAULT '',
  `code` varchar(3) COLLATE utf8_bin NOT NULL DEFAULT '',
  `symbol_left` varchar(12) COLLATE utf8_bin NOT NULL,
  `symbol_right` varchar(12) COLLATE utf8_bin NOT NULL,
  `decimal_place` char(1) COLLATE utf8_bin NOT NULL,
  `value` float(15,8) NOT NULL,
  `status` int(1) NOT NULL,
  `date_modified` datetime NOT NULL DEFAULT '0000-00-00 00:00:00',
  PRIMARY KEY (`currency_id`)
) ENGINE=MyISAM  DEFAULT CHARSET=utf8 COLLATE=utf8_bin AUTO_INCREMENT=4 ;

--
-- Dumping data for table `currency`
--

INSERT INTO `currency` (`currency_id`, `title`, `code`, `symbol_left`, `symbol_right`, `decimal_place`, `value`, `status`, `date_modified`) VALUES
(1, 'Pound Sterling', 'GBP', '￡', '', '2', 0.62559998, 1, '2011-06-23 19:07:49'),
(2, 'US Dollar', 'USD', '$', '', '0', 1.00000000, 1, '2011-07-18 15:19:29'),
(3, 'Euro', 'EUR', '', '€', '2', 0.70389998, 1, '2011-06-23 19:07:49');

-- --------------------------------------------------------

--
-- Table structure for table `customer`
--

CREATE TABLE IF NOT EXISTS `customer` (
  `customer_id` int(11) NOT NULL AUTO_INCREMENT,
  `store_id` int(11) NOT NULL DEFAULT '0',
  `firstname` varchar(32) COLLATE utf8_bin NOT NULL DEFAULT '',
  `lastname` varchar(32) COLLATE utf8_bin NOT NULL DEFAULT '',
  `email` varchar(96) COLLATE utf8_bin NOT NULL DEFAULT '',
  `telephone` varchar(32) COLLATE utf8_bin NOT NULL DEFAULT '',
  `fax` varchar(32) COLLATE utf8_bin NOT NULL DEFAULT '',
  `password` varchar(40) COLLATE utf8_bin NOT NULL DEFAULT '',
  `cart` text COLLATE utf8_bin,
  `wishlist` text COLLATE utf8_bin,
  `newsletter` int(1) NOT NULL DEFAULT '0',
  `address_id` int(11) NOT NULL DEFAULT '0',
  `customer_group_id` int(11) NOT NULL,
  `ip` varchar(15) COLLATE utf8_bin NOT NULL DEFAULT '0',
  `status` int(1) NOT NULL,
  `approved` int(1) NOT NULL,
  `date_added` datetime NOT NULL DEFAULT '0000-00-00 00:00:00',
  PRIMARY KEY (`customer_id`)
) ENGINE=MyISAM  DEFAULT CHARSET=utf8 COLLATE=utf8_bin AUTO_INCREMENT=37 ;

--
-- Dumping data for table `customer`
--

INSERT INTO `customer` (`customer_id`, `store_id`, `firstname`, `lastname`, `email`, `telephone`, `fax`, `password`, `cart`, `wishlist`, `newsletter`, `address_id`, `customer_group_id`, `ip`, `status`, `approved`, `date_added`) VALUES
(1, 0, 'Samuel', 'Yu', 'ephraimju@gmail.com', '3476383407', '', '1de03151df7a5274f6ea01eddad254d5', 0x613a333a7b693a37323b733a323a223230223b693a37303b733a333a22333230223b693a36353b693a3330383b7d, '', 0, 1, 8, '65.46.73.46', 1, 1, '2011-06-23 17:42:34'),
(2, 0, 'man ', 'poon', 'nycpoon@yahoo.com', '646-918-2788', '', '4eac794d3dec5bbf0b1bcec29761472f', 0x613a303a7b7d, 0x613a313a7b693a303b733a323a223738223b7d, 1, 2, 8, '74.68.112.123', 1, 1, '2011-11-01 00:27:35'),
(36, 0, 'Jianguo', 'He', 'hejianguo159@gmail.com', '(212)736-9002', '', 'e10adc3949ba59abbe56e057f20f883e', 0x613a303a7b7d, 0x613a313a7b693a303b733a323a223731223b7d, 0, 40, 8, '108.245.186.15', 1, 1, '2012-12-18 14:56:53'),
(19, 0, 'test member055', 'pov', 'nycpoon@usa4fun.com', '6655555555', '', 'e57aca5348c93206a7d9573ae9a46733', 0x613a303a7b7d, '', 0, 23, 8, '66.108.142.251', 1, 1, '2012-05-05 14:01:16'),
(20, 0, 'new york', 'Nyc', 'in@newyorktravelservice.com', '8888888888', '', '9b104ed4aa532836ff7c16be6a6d0d15', 0x613a303a7b7d, '', 0, 24, 8, '66.108.142.251', 1, 1, '2012-05-05 14:22:36'),
(3, 0, 'man', 'poon', 'admer999@yahoo.com', '646--838', '', '9b104ed4aa532836ff7c16be6a6d0d15', 0x613a313a7b733a3639353a2237383a59546f334f6e747a4f6a45774f694a6964584e7a6447463061573975496a74684f6a493665334d364e446f69626d46745a534937637a6f784d446f69596e567a6333526864476c7662694937637a6f314f694a32595778315a534937637a6f7a4e446f6953473975623278316248556751576c796347397964434255636d467563325a6c63694230627942496233526c6243493766584d364d544136496d526c6347467964475268644755694f3245364d6a7037637a6f304f694a755957316c496a747a4f6a45774f694a6b5a584268636e526b5958526c496a747a4f6a5536496e5a686248566c496a747a4f6a45334f6949774e6938794e4338794d44457949453176626d52686553493766584d364e6a6f696447466b64577830496a74684f6a493665334d364e446f69626d46745a534937637a6f324f694a3059575231624851694f334d364e546f69646d4673645755694f326b364d547439637a6f324f694a3059326870624751694f3245364d6a7037637a6f304f694a755957316c496a747a4f6a5936496e526a61476c735a434937637a6f314f694a32595778315a53493761546f774f33317a4f6a5536496e527962323974496a74684f6a493665334d364e446f69626d46745a534937637a6f314f694a30636d397662534937637a6f314f694a32595778315a53493761546f784f33317a4f6a45774f694a30636d46325a5778735a584a7a496a74684f6a493665334d364e446f69626d46745a534937637a6f784d446f6964484a68646d56736247567963794937637a6f314f694a32595778315a534937637a6f304f694a6b59585235496a7439637a6f324f694a796232397459574d694f3245364d6a7037637a6f304f694a755957316c496a747a4f6a5936496e4a766232316859794937637a6f314f694a32595778315a534937637a6f7a4f6949784c4441694f333139223b733a333a22363330223b7d, 0x613a313a7b693a303b733a323a223737223b7d, 1, 3, 8, '66.108.142.251', 1, 1, '2011-11-01 15:29:54'),
(4, 0, 'Tony', 'Wong', 'tonyyibada@gmail.com', '3470010001', '', '098f6bcd4621d373cade4e832627b4f6', 0x613a303a7b7d, '', 0, 4, 8, '66.108.142.251', 1, 1, '2011-11-16 09:37:09'),
(5, 0, 'man', 'Poon', 'mankempoon@gmail.com', '646-335-918-2788', '', '9b104ed4aa532836ff7c16be6a6d0d15', NULL, NULL, 1, 5, 8, '0', 1, 1, '2012-02-12 20:42:18'),
(6, 0, 'Man', 'poon', 'mankempoon@yahoo.com', '646-918-2788', '', '9b104ed4aa532836ff7c16be6a6d0d15', 0x613a303a7b7d, '', 1, 6, 8, '50.12.108.233', 1, 1, '2012-03-15 20:11:48'),
(35, 0, 'program153', 'program153', 'program153@gmail.com', '(718)492-0000', '', 'f54ae3558c38d78d5c6d10af4c59112f', 0x613a303a7b7d, 0x613a313a7b693a303b733a323a223737223b7d, 1, 39, 8, '38.104.70.190', 1, 1, '2012-08-28 07:11:46'),
(7, 0, 'test', 'Poon', 'nycpoon@gmail.com', '646778-9999', '', 'f6435bb3084253dfdde98c49d1a17469', NULL, NULL, 0, 7, 8, '0', 1, 1, '2012-03-15 20:50:01'),
(8, 0, 'test', 'Poon', 'info@goto-ny.com', '646778-9999', '', '380138e1edda2e6029e34b46035ab568', NULL, NULL, 1, 8, 8, '0', 1, 1, '2012-03-15 20:51:16'),
(9, 0, 'test', 'Poon', '123@goto-ny.com', '646778-9999', '', '9b104ed4aa532836ff7c16be6a6d0d15', NULL, NULL, 1, 9, 8, '0', 1, 1, '2012-03-15 20:51:34'),
(13, 0, 'martin', 'zhao', 'mononedv@gmail.com', '4145556666', '', '56dc7f529138b9787cf0dc0142ab2e33', 0x613a313a7b733a3733313a2236363a59546f334f6e747a4f6a45774f694a6964584e7a6447463061573975496a74684f6a493665334d364e446f69626d46745a534937637a6f784d446f69596e567a6333526864476c7662694937637a6f314f694a32595778315a534937637a6f324d446f694f446f674e54446d6c366e6b75496f7449436a70683548706c6f446f746f586c754949704e544578494539735a43425159584e3049464a6b4c6942465a476c7a62323467546b6f774f4467784e793467496a7439637a6f784d446f695a47567759584a305a4746305a53493759546f794f6e747a4f6a5136496d3568625755694f334d364d544136496d526c6347467964475268644755694f334d364e546f69646d4673645755694f334d364d6a4136496a41324c7a49314c7a49774d5449673570696635707966355a7562496a7439637a6f324f694a3059575231624851694f3245364d6a7037637a6f304f694a755957316c496a747a4f6a5936496e52685a48567364434937637a6f314f694a32595778315a53493761546f784f33317a4f6a5936496e526a61476c735a43493759546f794f6e747a4f6a5136496d3568625755694f334d364e6a6f6964474e6f6157786b496a747a4f6a5536496e5a686248566c496a74704f6a413766584d364e546f6964484a76623230694f3245364d6a7037637a6f304f694a755957316c496a747a4f6a5536496e527962323974496a747a4f6a5536496e5a686248566c496a74704f6a453766584d364d544136496e527959585a6c6247786c636e4d694f3245364d6a7037637a6f304f694a755957316c496a747a4f6a45774f694a30636d46325a5778735a584a7a496a747a4f6a5536496e5a686248566c496a747a4f6a4536496d45694f33317a4f6a5936496e4a76623231685979493759546f794f6e747a4f6a5136496d3568625755694f334d364e6a6f69636d39766257466a496a747a4f6a5536496e5a686248566c496a747a4f6a4d36496a45734d4349376658303d223b733a333a22333135223b7d, 0x613a313a7b693a303b733a323a223636223b7d, 0, 17, 8, '68.63.25.47', 1, 1, '2012-04-29 14:20:16'),
(11, 0, 'min', 'pin', 'info@ny1tours.com', '664-666-2288', '', '74858eff26fde3198f1a6c8e10c447b4', 0x613a323a7b693a37303b693a323b693a37353b693a313b7d, '', 1, 11, 8, '66.108.142.251', 1, 1, '2012-04-18 21:33:33'),
(16, 0, 'test member sign', 'pon', 'mankempoon@usa4fun.com', '4646666666', '', '37eb72579f3250b9b2935b13d908b79e', 0x613a303a7b7d, '', 1, 20, 8, '66.108.142.251', 1, 1, '2012-05-03 19:37:41'),
(21, 0, 'ricky', 'huang', 'chok_christy@yahoo.com', '2129651228', '', 'c2792fe6845c93225675d247743b17c5', 0x613a303a7b7d, '', 1, 25, 8, '24.146.242.14', 1, 1, '2012-05-06 15:22:48'),
(23, 0, 'man', 'poon', 'e_worldtours@yahoo.com', '646-335-8348', '', 'd19936466c852209dd7ea23fd7cf4ef1', 0x613a303a7b7d, '', 0, 27, 8, '66.108.142.251', 1, 1, '2012-05-21 14:52:24'),
(24, 0, 'Ivy', 'Wu', 'ivywu620@gmail.com', '9177436857', '', 'db0378f78b02d3da33823e2d1be60639', 0x613a303a7b7d, '', 0, 28, 8, '96.242.78.21', 1, 1, '2012-05-21 16:20:03'),
(14, 0, 'min', 'li', 'info@usa4fun.com', '648888888', '', '0e04edff6cb1c45aa0efb7bf05b905ac', 0x613a333a7b733a3734333a2237353a59546f334f6e747a4f6a45774f694a6964584e7a6447463061573975496a74684f6a493665334d364e446f69626d46745a534937637a6f784d446f69596e567a6333526864476c7662694937637a6f314f694a32595778315a534937637a6f324e546f694f446f774d434167595335744c6941744944673349454a766432567965537767546d563349466c76636d73734945355a494445774d4441794943684461476c7559585276643234674b453168626d68686448526862696b694f33317a4f6a45774f694a6b5a584268636e526b5958526c496a74684f6a493665334d364e446f69626d46745a534937637a6f784d446f695a47567759584a305a4746305a534937637a6f314f694a32595778315a534937637a6f794d446f694d4455764d446b764d6a41784d69446d6d4a2f6d6e4a2f6c686130694f33317a4f6a5936496e52685a4856736443493759546f794f6e747a4f6a5136496d3568625755694f334d364e6a6f696447466b64577830496a747a4f6a5536496e5a686248566c496a74704f6a4d3766584d364e6a6f6964474e6f6157786b496a74684f6a493665334d364e446f69626d46745a534937637a6f324f694a3059326870624751694f334d364e546f69646d4673645755694f326b364d447439637a6f314f694a30636d39766253493759546f794f6e747a4f6a5136496d3568625755694f334d364e546f6964484a76623230694f334d364e546f69646d4673645755694f326b364d547439637a6f784d446f6964484a68646d5673624756796379493759546f794f6e747a4f6a5136496d3568625755694f334d364d544136496e527959585a6c6247786c636e4d694f334d364e546f69646d4673645755694f334d364e546f695a43787a4c4745694f33317a4f6a5936496e4a76623231685979493759546f794f6e747a4f6a5136496d3568625755694f334d364e6a6f69636d39766257466a496a747a4f6a5536496e5a686248566c496a747a4f6a4d36496a4d734d4349376658303d223b733a343a2231313137223b733a3733393a2236363a59546f334f6e747a4f6a45774f694a6964584e7a6447463061573975496a74684f6a493665334d364e446f69626d46745a534937637a6f784d446f69596e567a6333526864476c7662694937637a6f314f694a32595778315a534937637a6f324e546f694f446f774d434167595335744c6941744944673349454a766432567965537767546d563349466c76636d73734945355a494445774d4441794943684461476c7559585276643234674b453168626d68686448526862696b694f33317a4f6a45774f694a6b5a584268636e526b5958526c496a74684f6a493665334d364e446f69626d46745a534937637a6f784d446f695a47567759584a305a4746305a534937637a6f314f694a32595778315a534937637a6f794d446f694d4455764d4463764d6a41784d69446d6d4a2f6d6e4a2f6d6c3655694f33317a4f6a5936496e52685a4856736443493759546f794f6e747a4f6a5136496d3568625755694f334d364e6a6f696447466b64577830496a747a4f6a5536496e5a686248566c496a74704f6a493766584d364e6a6f6964474e6f6157786b496a74684f6a493665334d364e446f69626d46745a534937637a6f324f694a3059326870624751694f334d364e546f69646d4673645755694f326b364d447439637a6f314f694a30636d39766253493759546f794f6e747a4f6a5136496d3568625755694f334d364e546f6964484a76623230694f334d364e546f69646d4673645755694f326b364d547439637a6f784d446f6964484a68646d5673624756796379493759546f794f6e747a4f6a5136496d3568625755694f334d364d544136496e527959585a6c6247786c636e4d694f334d364e546f69646d4673645755694f334d364d7a6f6964797878496a7439637a6f324f694a796232397459574d694f3245364d6a7037637a6f304f694a755957316c496a747a4f6a5936496e4a766232316859794937637a6f314f694a32595778315a534937637a6f7a4f6949794c4441694f333139223b733a333a22343530223b733a3733393a2237353a59546f334f6e747a4f6a45774f694a6964584e7a6447463061573975496a74684f6a493665334d364e446f69626d46745a534937637a6f784d446f69596e567a6333526864476c7662694937637a6f314f694a32595778315a534937637a6f324e546f694f446f774d434167595335744c6941744944673349454a766432567965537767546d563349466c76636d73734945355a494445774d4441794943684461476c7559585276643234674b453168626d68686448526862696b694f33317a4f6a45774f694a6b5a584268636e526b5958526c496a74684f6a493665334d364e446f69626d46745a534937637a6f784d446f695a47567759584a305a4746305a534937637a6f314f694a32595778315a534937637a6f794d446f694d4455764d6a4d764d6a41784d69446d6d4a2f6d6e4a2f6b757051694f33317a4f6a5936496e52685a4856736443493759546f794f6e747a4f6a5136496d3568625755694f334d364e6a6f696447466b64577830496a747a4f6a5536496e5a686248566c496a74704f6a453766584d364e6a6f6964474e6f6157786b496a74684f6a493665334d364e446f69626d46745a534937637a6f324f694a3059326870624751694f334d364e546f69646d4673645755694f326b364d447439637a6f314f694a30636d39766253493759546f794f6e747a4f6a5136496d3568625755694f334d364e546f6964484a76623230694f334d364e546f69646d4673645755694f326b364d547439637a6f784d446f6964484a68646d5673624756796379493759546f794f6e747a4f6a5136496d3568625755694f334d364d544136496e527959585a6c6247786c636e4d694f334d364e546f69646d4673645755694f334d364d546f694d69493766584d364e6a6f69636d39766257466a496a74684f6a493665334d364e446f69626d46745a534937637a6f324f694a796232397459574d694f334d364e546f69646d4673645755694f334d364d7a6f694d537777496a743966513d3d223b733a333a22353735223b7d, '', 1, 18, 8, '66.108.142.251', 1, 1, '2012-05-03 06:30:51'),
(15, 0, 'rwqr', 'rwer', 'ruifeng59@163.com', '1231231223', '', 'b59c67bf196a4758191e42f76670ceba', 0x613a363a7b733a3638373a2237383a59546f334f6e747a4f6a45774f694a6964584e7a6447463061573975496a74684f6a493665334d364e446f69626d46745a534937637a6f784d446f69596e567a6333526864476c7662694937637a6f314f694a32595778315a534937637a6f794e546f69357171413661615a3562477835707936355a79364b4f692f6d2b574875752b386953493766584d364d544136496d526c6347467964475268644755694f3245364d6a7037637a6f304f694a755957316c496a747a4f6a45774f694a6b5a584268636e526b5958526c496a747a4f6a5536496e5a686248566c496a747a4f6a49774f6949774e5338774e6938794d444579494f61596e2b61636e2b53366c43493766584d364e6a6f696447466b64577830496a74684f6a493665334d364e446f69626d46745a534937637a6f324f694a3059575231624851694f334d364e546f69646d4673645755694f326b364d547439637a6f324f694a3059326870624751694f3245364d6a7037637a6f304f694a755957316c496a747a4f6a5936496e526a61476c735a434937637a6f314f694a32595778315a53493761546f774f33317a4f6a5536496e527962323974496a74684f6a493665334d364e446f69626d46745a534937637a6f314f694a30636d397662534937637a6f314f694a32595778315a53493761546f784f33317a4f6a45774f694a30636d46325a5778735a584a7a496a74684f6a493665334d364e446f69626d46745a534937637a6f784d446f6964484a68646d56736247567963794937637a6f314f694a32595778315a534937637a6f304f694a7661573976496a7439637a6f324f694a796232397459574d694f3245364d6a7037637a6f304f694a755957316c496a747a4f6a5936496e4a766232316859794937637a6f314f694a32595778315a534937637a6f7a4f6949784c4441694f333139223b733a333a22363330223b733a3734333a2237353a59546f334f6e747a4f6a45774f694a6964584e7a6447463061573975496a74684f6a493665334d364e446f69626d46745a534937637a6f784d446f69596e567a6333526864476c7662694937637a6f314f694a32595778315a534937637a6f324e546f694f446f774d434167595335744c6941744944673349454a766432567965537767546d563349466c76636d73734945355a494445774d4441794943684461476c7559585276643234674b453168626d68686448526862696b694f33317a4f6a45774f694a6b5a584268636e526b5958526c496a74684f6a493665334d364e446f69626d46745a534937637a6f784d446f695a47567759584a305a4746305a534937637a6f314f694a32595778315a534937637a6f794d446f694d4455764d446b764d6a41784d69446d6d4a2f6d6e4a2f6c686130694f33317a4f6a5936496e52685a4856736443493759546f794f6e747a4f6a5136496d3568625755694f334d364e6a6f696447466b64577830496a747a4f6a5536496e5a686248566c496a74704f6a453766584d364e6a6f6964474e6f6157786b496a74684f6a493665334d364e446f69626d46745a534937637a6f324f694a3059326870624751694f334d364e546f69646d4673645755694f326b364d447439637a6f314f694a30636d39766253493759546f794f6e747a4f6a5136496d3568625755694f334d364e546f6964484a76623230694f334d364e546f69646d4673645755694f326b364d547439637a6f784d446f6964484a68646d5673624756796379493759546f794f6e747a4f6a5136496d3568625755694f334d364d544136496e527959585a6c6247786c636e4d694f334d364e546f69646d4673645755694f334d364e6a6f693536433061584274496a7439637a6f324f694a796232397459574d694f3245364d6a7037637a6f304f694a755957316c496a747a4f6a5936496e4a766232316859794937637a6f314f694a32595778315a534937637a6f7a4f6949784c4441694f333139223b733a333a22353735223b733a3733353a2237373a59546f334f6e747a4f6a45774f694a6964584e7a6447463061573975496a74684f6a493665334d364e446f69626d46745a534937637a6f784d446f69596e567a6333526864476c7662694937637a6f314f694a32595778315a534937637a6f314d7a6f694f446f774d434167595335744c6941744944673349454a766432567965537767546d563349466c76636d73734945355a4d5441774d44496f51326870626d4630623364754b5334694f33317a4f6a45774f694a6b5a584268636e526b5958526c496a74684f6a493665334d364e446f69626d46745a534937637a6f784d446f695a47567759584a305a4746305a534937637a6f314f694a32595778315a534937637a6f784f446f694d4455764d6a67764d6a41784d6942556457567a5a474635496a7439637a6f324f694a3059575231624851694f3245364d6a7037637a6f304f694a755957316c496a747a4f6a5936496e52685a48567364434937637a6f314f694a32595778315a53493761546f784f33317a4f6a5936496e526a61476c735a43493759546f794f6e747a4f6a5136496d3568625755694f334d364e6a6f6964474e6f6157786b496a747a4f6a5536496e5a686248566c496a74704f6a453766584d364e546f6964484a76623230694f3245364d6a7037637a6f304f694a755957316c496a747a4f6a5536496e527962323974496a747a4f6a5536496e5a686248566c496a74704f6a453766584d364d544136496e527959585a6c6247786c636e4d694f3245364d6a7037637a6f304f694a755957316c496a747a4f6a45774f694a30636d46325a5778735a584a7a496a747a4f6a5536496e5a686248566c496a747a4f6a45794f694a7663485574615378766456747762326b694f33317a4f6a5936496e4a76623231685979493759546f794f6e747a4f6a5136496d3568625755694f334d364e6a6f69636d39766257466a496a747a4f6a5536496e5a686248566c496a747a4f6a4d36496a45734d5349376658303d223b733a333a22363030223b733a3639393a2237383a59546f334f6e747a4f6a45774f694a6964584e7a6447463061573975496a74684f6a493665334d364e446f69626d46745a534937637a6f784d446f69596e567a6333526864476c7662694937637a6f314f694a32595778315a534937637a6f7a4e446f6953473975623278316248556751576c796347397964434255636d467563325a6c63694230627942496233526c6243493766584d364d544136496d526c6347467964475268644755694f3245364d6a7037637a6f304f694a755957316c496a747a4f6a45774f694a6b5a584268636e526b5958526c496a747a4f6a5536496e5a686248566c496a747a4f6a45334f6949774e5338774e6938794d44457949455a79615752686553493766584d364e6a6f696447466b64577830496a74684f6a493665334d364e446f69626d46745a534937637a6f324f694a3059575231624851694f334d364e546f69646d4673645755694f326b364d547439637a6f324f694a3059326870624751694f3245364d6a7037637a6f304f694a755957316c496a747a4f6a5936496e526a61476c735a434937637a6f314f694a32595778315a53493761546f774f33317a4f6a5536496e527962323974496a74684f6a493665334d364e446f69626d46745a534937637a6f314f694a30636d397662534937637a6f314f694a32595778315a53493761546f784f33317a4f6a45774f694a30636d46325a5778735a584a7a496a74684f6a493665334d364e446f69626d46745a534937637a6f784d446f6964484a68646d56736247567963794937637a6f314f694a32595778315a534937637a6f314f694a70655842316153493766584d364e6a6f69636d39766257466a496a74684f6a493665334d364e446f69626d46745a534937637a6f324f694a796232397459574d694f334d364e546f69646d4673645755694f334d364d7a6f694d537777496a743966513d3d223b733a333a22363330223b733a3639353a2237383a59546f334f6e747a4f6a45774f694a6964584e7a6447463061573975496a74684f6a493665334d364e446f69626d46745a534937637a6f784d446f69596e567a6333526864476c7662694937637a6f314f694a32595778315a534937637a6f7a4e446f6953473975623278316248556751576c796347397964434255636d467563325a6c63694230627942496233526c6243493766584d364d544136496d526c6347467964475268644755694f3245364d6a7037637a6f304f694a755957316c496a747a4f6a45774f694a6b5a584268636e526b5958526c496a747a4f6a5536496e5a686248566c496a747a4f6a45334f6949774e5338774e6938794d44457949455a79615752686553493766584d364e6a6f696447466b64577830496a74684f6a493665334d364e446f69626d46745a534937637a6f324f694a3059575231624851694f334d364e546f69646d4673645755694f326b364d547439637a6f324f694a3059326870624751694f3245364d6a7037637a6f304f694a755957316c496a747a4f6a5936496e526a61476c735a434937637a6f314f694a32595778315a53493761546f774f33317a4f6a5536496e527962323974496a74684f6a493665334d364e446f69626d46745a534937637a6f314f694a30636d397662534937637a6f314f694a32595778315a53493761546f784f33317a4f6a45774f694a30636d46325a5778735a584a7a496a74684f6a493665334d364e446f69626d46745a534937637a6f784d446f6964484a68646d56736247567963794937637a6f314f694a32595778315a534937637a6f304f694a6d6332526d496a7439637a6f324f694a796232397459574d694f3245364d6a7037637a6f304f694a755957316c496a747a4f6a5936496e4a766232316859794937637a6f314f694a32595778315a534937637a6f7a4f6949784c4441694f333139223b733a333a22363330223b733a3639393a2237383a59546f334f6e747a4f6a45774f694a6964584e7a6447463061573975496a74684f6a493665334d364e446f69626d46745a534937637a6f784d446f69596e567a6333526864476c7662694937637a6f314f694a32595778315a534937637a6f7a4e446f6953473975623278316248556751576c796347397964434255636d467563325a6c63694230627942496233526c6243493766584d364d544136496d526c6347467964475268644755694f3245364d6a7037637a6f304f694a755957316c496a747a4f6a45774f694a6b5a584268636e526b5958526c496a747a4f6a5536496e5a686248566c496a747a4f6a45334f6949774e5338774e6938794d44457949455a79615752686553493766584d364e6a6f696447466b64577830496a74684f6a493665334d364e446f69626d46745a534937637a6f324f694a3059575231624851694f334d364e546f69646d4673645755694f326b364d547439637a6f324f694a3059326870624751694f3245364d6a7037637a6f304f694a755957316c496a747a4f6a5936496e526a61476c735a434937637a6f314f694a32595778315a53493761546f774f33317a4f6a5536496e527962323974496a74684f6a493665334d364e446f69626d46745a534937637a6f314f694a30636d397662534937637a6f314f694a32595778315a53493761546f784f33317a4f6a45774f694a30636d46325a5778735a584a7a496a74684f6a493665334d364e446f69626d46745a534937637a6f784d446f6964484a68646d56736247567963794937637a6f314f694a32595778315a534937637a6f314f694a6d6332526d6379493766584d364e6a6f69636d39766257466a496a74684f6a493665334d364e446f69626d46745a534937637a6f324f694a796232397459574d694f334d364e546f69646d4673645755694f334d364d7a6f694d537777496a743966513d3d223b733a333a22363330223b7d, '', 1, 19, 8, '38.104.70.190', 1, 1, '2012-05-03 15:47:13'),
(17, 0, 'program153', 'program153', 'jasonq@yibada.com', '12321321321', '', 'd48a7051f46a141cf9724193bc03ae35', 0x613a303a7b7d, '', 0, 21, 8, '38.104.70.190', 1, 1, '2012-05-04 04:36:15'),
(18, 0, 'test member sign0504', 'pon', 'service@usa4fun.com', '888888888', '', '6a8a0f3e44e29f472c14fc9ae46cb342', 0x613a303a7b7d, '', 0, 22, 8, '66.108.142.251', 1, 1, '2012-05-04 11:08:20'),
(22, 0, 'test eng ', 'li', 'service@goto-ny.com', '688888888', '', '23b80ab674c8ce0a181cf60db08ee4c2', 0x613a313a7b733a3733393a2237353a59546f334f6e747a4f6a45774f694a6964584e7a6447463061573975496a74684f6a493665334d364e446f69626d46745a534937637a6f784d446f69596e567a6333526864476c7662694937637a6f314f694a32595778315a534937637a6f324e546f694f446f774d434167595335744c6941744944673349454a766432567965537767546d563349466c76636d73734945355a494445774d4441794943684461476c7559585276643234674b453168626d68686448526862696b694f33317a4f6a45774f694a6b5a584268636e526b5958526c496a74684f6a493665334d364e446f69626d46745a534937637a6f784d446f695a47567759584a305a4746305a534937637a6f314f694a32595778315a534937637a6f794d446f694d4455764d5459764d6a41784d69446d6d4a2f6d6e4a2f6b754941694f33317a4f6a5936496e52685a4856736443493759546f794f6e747a4f6a5136496d3568625755694f334d364e6a6f696447466b64577830496a747a4f6a5536496e5a686248566c496a74704f6a453766584d364e6a6f6964474e6f6157786b496a74684f6a493665334d364e446f69626d46745a534937637a6f324f694a3059326870624751694f334d364e546f69646d4673645755694f326b364d447439637a6f314f694a30636d39766253493759546f794f6e747a4f6a5136496d3568625755694f334d364e546f6964484a76623230694f334d364e546f69646d4673645755694f326b364d547439637a6f784d446f6964484a68646d5673624756796379493759546f794f6e747a4f6a5136496d3568625755694f334d364d544136496e527959585a6c6247786c636e4d694f334d364e546f69646d4673645755694f334d364d546f696379493766584d364e6a6f69636d39766257466a496a74684f6a493665334d364e446f69626d46745a534937637a6f324f694a796232397459574d694f334d364e546f69646d4673645755694f334d364d7a6f694d537777496a743966513d3d223b733a333a22353735223b7d, '', 1, 26, 8, '66.108.142.251', 1, 1, '2012-05-09 18:22:13'),
(25, 0, 'Ive', 'Wu', 'caixiarainbow2007@163.com', '9177436857', '', 'ef7b970d708d2a698ae60c793a60ae71', 0x613a303a7b7d, '', 0, 29, 8, '68.193.252.225', 1, 1, '2012-05-23 08:38:05'),
(26, 0, 'Ivy', 'Wu', 'ivy.wucaixia2010@gmail.com', '9177436857', '', 'a51c374f9ce088ac072df439fe45fc69', 0x613a313a7b733a3736333a2236353a59546f334f6e747a4f6a45774f694a6964584e7a6447463061573975496a74684f6a493665334d364e446f69626d46745a534937637a6f784d446f69596e567a6333526864476c7662694937637a6f314f694a32595778315a534937637a6f324e546f694f446f774d434167595335744c6941744944673349454a766432567965537767546d563349466c76636d73734945355a494445774d4441794943684461476c7559585276643234674b453168626d68686448526862696b694f33317a4f6a45774f694a6b5a584268636e526b5958526c496a74684f6a493665334d364e446f69626d46745a534937637a6f784d446f695a47567759584a305a4746305a534937637a6f314f694a32595778315a534937637a6f794d546f69494441314c7a49344c7a49774d5449673570696635707966354c714d496a7439637a6f324f694a3059575231624851694f3245364d6a7037637a6f304f694a755957316c496a747a4f6a5936496e52685a48567364434937637a6f314f694a32595778315a53493761546f7a4f33317a4f6a5936496e526a61476c735a43493759546f794f6e747a4f6a5136496d3568625755694f334d364e6a6f6964474e6f6157786b496a747a4f6a5536496e5a686248566c496a74704f6a413766584d364e546f6964484a76623230694f3245364d6a7037637a6f304f694a755957316c496a747a4f6a5536496e527962323974496a747a4f6a5536496e5a686248566c496a74704f6a493766584d364d544136496e527959585a6c6247786c636e4d694f3245364d6a7037637a6f304f694a755957316c496a747a4f6a45774f694a30636d46325a5778735a584a7a496a747a4f6a5536496e5a686248566c496a747a4f6a457a4f694a4a646e6b73525778704c45317662477835496a7439637a6f324f694a796232397459574d694f3245364d6a7037637a6f304f694a755957316c496a747a4f6a5936496e4a766232316859794937637a6f314f694a32595778315a534937637a6f334f6949794c4441374d537777496a743966513d3d223b733a333a22343630223b7d, '', 0, 30, 8, '68.193.252.225', 1, 1, '2012-05-23 09:19:18'),
(27, 0, 'Ivy', 'Wu', '851364624@qq.com', '9177436857', '', 'fdbcf65a34e9aa8237436babb12eaad0', NULL, NULL, 0, 31, 8, '0', 1, 1, '2012-05-23 18:44:27'),
(28, 0, 'Ivy', 'Wu', '569829174@qq.com', '9177436857', '', 'a99c96d5cdb6c2dc0e2abab65bd991f5', NULL, NULL, 0, 32, 8, '0', 1, 1, '2012-05-23 18:46:06'),
(29, 0, 'jason', 'jason', 'jason.yibada@yahoo.com', '123123213123', '', '8416721f7dcd00d65333b0a16a3c004e', 0x613a303a7b7d, '', 0, 33, 8, '38.104.70.190', 1, 1, '2012-05-24 06:46:01'),
(30, 0, 'jason', 'jason', 'jason.yibada@gmail.com', '1231232', '', '8da4437870678b05c169d15e1d3d3230', NULL, NULL, 0, 34, 8, '0', 1, 1, '2012-05-24 06:48:15'),
(31, 0, 'jason', 'jason', 'ads.ny@yibada.com', '1231232', '', '2b877b4b825b48a9a0950dd5bd1f264d', NULL, NULL, 0, 35, 8, '0', 1, 1, '2012-05-24 06:53:06'),
(32, 0, 'test', 'test', 'martin3927@yahoo.com', '1112223345', '', 'f6a871abae5fa9bdfc7a2d0d1e66f705', 0x613a303a7b7d, 0x613a313a7b693a303b733a323a223636223b7d, 0, 36, 8, '68.63.25.47', 1, 1, '2012-05-24 07:29:55'),
(33, 0, 'ss', 'zhao', 'martinzhao3927@yahoo.com', '1234567777', '', 'f08deecd7138f265fe780bcf494a6aeb', NULL, NULL, 0, 37, 8, '0', 1, 1, '2012-05-24 07:35:59'),
(34, 0, 'ss', 'ss', 'testeworld2012@gmail.com', '8502224444', '', 'fa89854b881929493f19f53b7a67fcdf', 0x613a303a7b7d, '', 0, 38, 8, '68.63.25.47', 1, 1, '2012-05-29 18:12:47');

-- --------------------------------------------------------

--
-- Table structure for table `customer_group`
--

CREATE TABLE IF NOT EXISTS `customer_group` (
  `customer_group_id` int(11) NOT NULL AUTO_INCREMENT,
  `name` varchar(32) COLLATE utf8_bin NOT NULL,
  PRIMARY KEY (`customer_group_id`)
) ENGINE=MyISAM  DEFAULT CHARSET=utf8 COLLATE=utf8_bin AUTO_INCREMENT=13 ;

--
-- Dumping data for table `customer_group`
--

INSERT INTO `customer_group` (`customer_group_id`, `name`) VALUES
(8, 'Default'),
(6, 'Wholesale'),
(9, 'Student Group'),
(10, 'Comapany Agent'),
(11, 'VIP Member'),
(12, 'Personal Agent');

-- --------------------------------------------------------

--
-- Table structure for table `customer_ip`
--

CREATE TABLE IF NOT EXISTS `customer_ip` (
  `customer_ip_id` int(11) NOT NULL AUTO_INCREMENT,
  `customer_id` int(11) NOT NULL,
  `ip` varchar(15) COLLATE utf8_bin NOT NULL,
  `date_added` datetime NOT NULL,
  PRIMARY KEY (`customer_ip_id`),
  KEY `ip` (`ip`)
) ENGINE=MyISAM  DEFAULT CHARSET=utf8 COLLATE=utf8_bin AUTO_INCREMENT=43 ;

--
-- Dumping data for table `customer_ip`
--

INSERT INTO `customer_ip` (`customer_ip_id`, `customer_id`, `ip`, `date_added`) VALUES
(1, 1, '127.0.0.1', '2011-06-23 17:42:45'),
(2, 1, '108.12.135.185', '2011-10-21 10:20:56'),
(3, 2, '68.175.23.76', '2011-11-01 00:28:36'),
(4, 4, '67.101.125.130', '2011-11-16 09:38:44'),
(5, 1, '38.100.163.180', '2011-11-25 09:39:18'),
(6, 1, '50.12.88.245', '2011-12-07 12:49:41'),
(7, 3, '68.175.23.76', '2011-12-07 21:56:26'),
(8, 1, '38.104.70.190', '2011-12-09 09:47:13'),
(9, 1, '65.46.73.46', '2012-01-06 09:49:45'),
(10, 2, '66.108.142.251', '2012-01-10 01:40:20'),
(11, 4, '66.108.142.251', '2012-01-29 21:02:22'),
(12, 3, '66.108.142.251', '2012-01-29 21:02:38'),
(16, 13, '68.63.25.47', '2012-04-29 14:20:16'),
(14, 11, '66.108.142.251', '2012-04-18 21:33:34'),
(17, 14, '66.108.142.251', '2012-05-03 06:30:51'),
(18, 15, '38.104.70.190', '2012-05-03 15:47:16'),
(19, 16, '66.108.142.251', '2012-05-03 19:37:44'),
(20, 6, '66.108.142.251', '2012-05-03 19:43:48'),
(21, 17, '38.104.70.190', '2012-05-04 04:36:16'),
(22, 18, '66.108.142.251', '2012-05-04 11:08:21'),
(23, 2, '38.104.70.190', '2012-05-04 14:06:18'),
(24, 19, '66.108.142.251', '2012-05-05 14:01:17'),
(25, 20, '66.108.142.251', '2012-05-05 14:22:36'),
(26, 21, '24.146.242.14', '2012-05-06 15:22:49'),
(27, 3, '38.104.70.190', '2012-05-07 14:59:21'),
(28, 22, '66.108.142.251', '2012-05-09 18:22:14'),
(29, 23, '66.108.142.251', '2012-05-21 14:52:24'),
(30, 24, '96.242.78.21', '2012-05-21 16:20:03'),
(31, 25, '68.193.252.225', '2012-05-23 08:38:05'),
(32, 26, '68.193.252.225', '2012-05-23 09:19:18'),
(33, 29, '38.104.70.190', '2012-05-24 06:46:12'),
(34, 32, '68.63.25.47', '2012-05-24 07:30:06'),
(35, 34, '68.63.25.47', '2012-05-29 18:12:48'),
(36, 2, '50.12.108.233', '2012-08-07 04:31:36'),
(37, 6, '50.12.108.233', '2012-08-10 14:17:55'),
(38, 35, '38.104.70.190', '2012-08-28 07:11:46'),
(39, 2, '66.108.141.18', '2012-09-05 11:25:04'),
(40, 2, '74.64.105.82', '2012-11-25 08:30:22'),
(41, 36, '108.245.186.15', '2012-12-18 14:56:54'),
(42, 2, '74.68.112.123', '2013-05-24 14:00:21');

-- --------------------------------------------------------

--
-- Table structure for table `customer_reward`
--

CREATE TABLE IF NOT EXISTS `customer_reward` (
  `customer_reward_id` int(11) NOT NULL AUTO_INCREMENT,
  `customer_id` int(11) NOT NULL DEFAULT '0',
  `order_id` int(11) NOT NULL DEFAULT '0',
  `description` text COLLATE utf8_bin NOT NULL,
  `points` int(8) NOT NULL DEFAULT '0',
  `date_added` datetime NOT NULL DEFAULT '0000-00-00 00:00:00',
  PRIMARY KEY (`customer_reward_id`)
) ENGINE=MyISAM  DEFAULT CHARSET=utf8 COLLATE=utf8_bin AUTO_INCREMENT=18 ;

--
-- Dumping data for table `customer_reward`
--

INSERT INTO `customer_reward` (`customer_reward_id`, `customer_id`, `order_id`, `description`, `points`, `date_added`) VALUES
(8, 1, 1, 0x4f726465722049443a202331, 1, '2011-06-23 17:44:47'),
(14, 3, 0, 0x5265666572616c204d656d626572, 1000, '2012-04-21 20:59:18'),
(16, 13, 101, 0x4f726465722049443a2023313031, 100, '2012-05-03 06:01:45'),
(17, 3, 176, 0xe8aea2e58d95e58fb73a2023313736, -1000, '2012-06-15 08:51:09');

-- --------------------------------------------------------

--
-- Table structure for table `customer_transaction`
--

CREATE TABLE IF NOT EXISTS `customer_transaction` (
  `customer_transaction_id` int(11) NOT NULL AUTO_INCREMENT,
  `customer_id` int(11) NOT NULL,
  `order_id` int(11) NOT NULL,
  `description` text COLLATE utf8_bin NOT NULL,
  `amount` decimal(15,4) NOT NULL,
  `date_added` datetime NOT NULL,
  PRIMARY KEY (`customer_transaction_id`)
) ENGINE=MyISAM DEFAULT CHARSET=utf8 COLLATE=utf8_bin AUTO_INCREMENT=1 ;

--
-- Dumping data for table `customer_transaction`
--


-- --------------------------------------------------------

--
-- Table structure for table `departcity`
--

CREATE TABLE IF NOT EXISTS `departcity` (
  `departcity_id` int(11) NOT NULL AUTO_INCREMENT,
  `image` varchar(255) COLLATE utf8_bin DEFAULT NULL,
  `parent_id` int(11) NOT NULL DEFAULT '0',
  `top` int(1) NOT NULL,
  `column` int(3) NOT NULL,
  `sort_order` int(3) NOT NULL DEFAULT '0',
  `status` int(1) NOT NULL,
  `date_added` datetime NOT NULL DEFAULT '0000-00-00 00:00:00',
  `date_modified` datetime NOT NULL DEFAULT '0000-00-00 00:00:00',
  PRIMARY KEY (`departcity_id`)
) ENGINE=MyISAM  DEFAULT CHARSET=utf8 COLLATE=utf8_bin AUTO_INCREMENT=114 ;

--
-- Dumping data for table `departcity`
--

INSERT INTO `departcity` (`departcity_id`, `image`, `parent_id`, `top`, `column`, `sort_order`, `status`, `date_added`, `date_modified`) VALUES
(64, '', 82, 0, 1, 3, 1, '2011-07-08 15:01:56', '2011-11-19 19:39:55'),
(61, '', 59, 0, 1, 4, 1, '2011-06-23 15:19:54', '2011-12-07 19:33:03'),
(59, '', 0, 1, 1, 1, 1, '2011-06-23 15:14:53', '2012-03-13 21:19:38'),
(72, '', 0, 1, 0, 2, 1, '2011-11-16 17:58:37', '2012-03-13 21:19:28'),
(74, '', 72, 1, 0, 4, 1, '2011-11-16 18:58:30', '2012-02-18 21:11:12'),
(76, '', 59, 0, 0, 1, 1, '2011-11-16 19:02:03', '2013-04-18 20:59:33'),
(77, '', 59, 1, 0, 3, 1, '2011-11-16 20:27:22', '2011-12-07 19:32:42'),
(78, '', 59, 1, 0, 7, 1, '2011-11-17 18:38:49', '2011-12-07 19:35:41'),
(79, '', 72, 0, 0, 2, 1, '2011-11-17 18:40:20', '2011-11-17 18:41:10'),
(81, '', 64, 0, 0, 5, 1, '2011-11-17 18:52:04', '2011-11-19 12:24:05'),
(82, '', 64, 0, 0, 4, 1, '2011-11-18 08:40:30', '2011-11-18 08:40:30'),
(84, '', 59, 0, 0, 2, 1, '2011-11-18 09:04:30', '2012-11-29 13:07:24'),
(107, '', 0, 0, 0, 2, 1, '2012-04-19 18:47:19', '2012-04-19 18:47:19'),
(108, '', 109, 0, 0, 0, 1, '2012-09-06 01:49:11', '2012-09-06 01:50:33'),
(109, '', 0, 0, 0, 0, 1, '2012-09-06 01:50:07', '2012-09-06 01:50:07'),
(110, '', 0, 0, 0, 0, 1, '2012-09-06 02:00:10', '2012-09-06 02:00:10'),
(111, '', 110, 0, 0, 0, 1, '2012-09-06 02:00:48', '2012-09-06 02:00:48'),
(112, '', 0, 0, 0, 0, 1, '2012-09-06 02:43:58', '2012-09-06 02:43:58'),
(113, '', 59, 0, 0, 0, 1, '2012-11-29 13:06:10', '2012-11-29 13:06:10');

-- --------------------------------------------------------

--
-- Table structure for table `departcity_description`
--

CREATE TABLE IF NOT EXISTS `departcity_description` (
  `departcity_id` int(11) NOT NULL,
  `language_id` int(11) NOT NULL,
  `name` varchar(255) COLLATE utf8_bin NOT NULL DEFAULT '',
  `description` text COLLATE utf8_bin NOT NULL,
  `meta_description` varchar(255) COLLATE utf8_bin NOT NULL,
  `meta_keyword` varchar(255) COLLATE utf8_bin NOT NULL,
  PRIMARY KEY (`departcity_id`,`language_id`),
  KEY `name` (`name`)
) ENGINE=MyISAM DEFAULT CHARSET=utf8 COLLATE=utf8_bin;

--
-- Dumping data for table `departcity_description`
--

INSERT INTO `departcity_description` (`departcity_id`, `language_id`, `name`, `description`, `meta_description`, `meta_keyword`) VALUES
(61, 2, '华盛顿DC', '', '', ''),
(61, 1, ' DC', '', '', ''),
(82, 1, 'Edison', '', '', ''),
(72, 2, '美西部', '', '', ''),
(72, 1, '? USA West ', '', '', ''),
(74, 1, 'Los Angeles', '', '', ''),
(74, 2, '洛杉矶', '', '', ''),
(59, 1, '? USA East', '', '', ''),
(84, 1, 'Edison, NJ', '', '', ''),
(84, 2, '爱迪生-新泽西', 0x266c743b702667743b0d0a09266c743b6272202f2667743b0d0a0926616d703b6e6273703b266c743b2f702667743b0d0a, '', ''),
(59, 2, '美东部', '', '', ''),
(82, 2, '爱迪生', '', '', ''),
(77, 1, 'Philadelphia', '', '', ''),
(77, 2, '费城', '', '', ''),
(64, 1, 'New Jersey', '', '', ''),
(64, 2, '新泽西', 0x266c743b702667743b0d0a09266c743b6272202f2667743b0d0a0926616d703b6e6273703b266c743b2f702667743b0d0a, '', ''),
(79, 1, 'San Francisco', '', '', ''),
(79, 2, '旧金山', '', '', ''),
(81, 1, 'Parsippany', '', '', ''),
(81, 2, '帕西帕尼', 0x266c743b702667743b0d0a09266c743b6272202f2667743b0d0a0926616d703b6e6273703b266c743b2f702667743b0d0a, '', ''),
(78, 2, '波士顿', '', '', ''),
(78, 1, 'Boston', '', '', ''),
(107, 1, 'Home Airport', '', '', ''),
(107, 2, '家园机场', '', '', ''),
(76, 1, 'ECC', '', '', ''),
(108, 2, '巴黎', '', '', ''),
(108, 1, 'Paris', '', '', ''),
(109, 1, 'Europe', '', '', ''),
(109, 2, '欧洲', '', '', ''),
(110, 1, 'Hawaii', '', '', ''),
(110, 2, '夏威', '', '', ''),
(111, 1, 'Honalulu', '', '', ''),
(111, 2, '檀香山', '', '', ''),
(112, 1, 'Canada2-22 tonronto', '', '', ''),
(112, 2, '加2-22 -22 duore', '', '', ''),
(76, 2, 'CC', '', '', ''),
(113, 1, 'Parsippany, NJ', '', '', ''),
(113, 2, '鑫鑫超市', '', '', '');

-- --------------------------------------------------------

--
-- Table structure for table `departcity_to_layout`
--

CREATE TABLE IF NOT EXISTS `departcity_to_layout` (
  `departcity_id` int(11) NOT NULL,
  `store_id` int(11) NOT NULL,
  `layout_id` int(11) NOT NULL,
  PRIMARY KEY (`departcity_id`,`store_id`)
) ENGINE=MyISAM DEFAULT CHARSET=utf8 COLLATE=utf8_bin;

--
-- Dumping data for table `departcity_to_layout`
--


-- --------------------------------------------------------

--
-- Table structure for table `departcity_to_store`
--

CREATE TABLE IF NOT EXISTS `departcity_to_store` (
  `departcity_id` int(11) NOT NULL,
  `store_id` int(11) NOT NULL,
  PRIMARY KEY (`departcity_id`,`store_id`)
) ENGINE=MyISAM DEFAULT CHARSET=utf8 COLLATE=utf8_bin;

--
-- Dumping data for table `departcity_to_store`
--

INSERT INTO `departcity_to_store` (`departcity_id`, `store_id`) VALUES
(59, 0),
(61, 0),
(64, 0),
(72, 0),
(74, 0),
(76, 0),
(77, 0),
(78, 0),
(79, 0),
(81, 0),
(82, 0),
(84, 0),
(107, 0),
(110, 0),
(111, 0),
(112, 0),
(113, 0);

-- --------------------------------------------------------

--
-- Table structure for table `destination`
--

CREATE TABLE IF NOT EXISTS `destination` (
  `destination_id` int(11) NOT NULL AUTO_INCREMENT,
  `image` varchar(255) COLLATE utf8_bin DEFAULT NULL,
  `parent_id` int(11) NOT NULL DEFAULT '0',
  `top` int(1) NOT NULL,
  `column` int(3) NOT NULL,
  `sort_order` int(3) NOT NULL DEFAULT '0',
  `status` int(1) NOT NULL,
  `date_added` datetime NOT NULL DEFAULT '0000-00-00 00:00:00',
  `date_modified` datetime NOT NULL DEFAULT '0000-00-00 00:00:00',
  PRIMARY KEY (`destination_id`)
) ENGINE=MyISAM  DEFAULT CHARSET=utf8 COLLATE=utf8_bin AUTO_INCREMENT=108 ;

--
-- Dumping data for table `destination`
--

INSERT INTO `destination` (`destination_id`, `image`, `parent_id`, `top`, `column`, `sort_order`, `status`, `date_added`, `date_modified`) VALUES
(70, '', 65, 1, 1, 2, 1, '2011-10-11 10:56:31', '2011-12-02 18:54:59'),
(69, '', 0, 1, 1, 8, 1, '2011-07-18 13:28:36', '2012-03-16 11:39:28'),
(68, '', 0, 1, 1, 7, 1, '2011-07-18 13:28:13', '2012-03-16 11:39:08'),
(67, '', 0, 0, 1, 6, 1, '2011-07-18 13:27:52', '2012-03-16 11:38:47'),
(66, '', 0, 1, 1, 5, 0, '2011-07-18 13:27:35', '2012-03-16 11:40:32'),
(65, '', 0, 1, 3, 4, 1, '2011-07-18 13:26:18', '2012-03-13 21:19:49'),
(64, '', 82, 0, 1, 3, 1, '2011-07-08 15:01:56', '2011-11-19 19:39:55'),
(63, '', 72, 1, 3, 4, 1, '2011-06-23 15:58:17', '2012-02-18 21:02:27'),
(98, '', 0, 0, 0, 0, 0, '2012-02-12 11:30:39', '2012-03-16 11:41:04'),
(61, '', 59, 0, 1, 4, 1, '2011-06-23 15:19:54', '2011-12-07 19:33:03'),
(59, '', 0, 1, 1, 1, 1, '2011-06-23 15:14:53', '2012-03-13 21:19:38'),
(72, '', 0, 1, 0, 2, 1, '2011-11-16 17:58:37', '2012-03-13 21:19:28'),
(88, '', 65, 0, 0, 1, 1, '2011-12-02 18:37:41', '2011-12-02 18:52:39'),
(74, '', 72, 1, 0, 4, 1, '2011-11-16 18:58:30', '2012-02-18 21:11:12'),
(75, '', 72, 1, 0, 2, 1, '2011-11-16 19:00:48', '2012-02-18 21:07:56'),
(76, '', 59, 0, 0, 1, 1, '2011-11-16 19:02:03', '2011-12-07 19:31:47'),
(77, '', 59, 1, 0, 3, 1, '2011-11-16 20:27:22', '2011-12-07 19:32:42'),
(80, '', 59, 0, 0, 6, 1, '2011-11-17 18:45:49', '2011-12-07 19:36:00'),
(78, '', 59, 1, 0, 7, 1, '2011-11-17 18:38:49', '2011-12-07 19:35:41'),
(79, '', 72, 0, 0, 2, 1, '2011-11-17 18:40:20', '2011-11-17 18:41:10'),
(81, '', 64, 0, 0, 5, 1, '2011-11-17 18:52:04', '2011-11-19 12:24:05'),
(82, '', 64, 0, 0, 4, 1, '2011-11-18 08:40:30', '2011-11-18 08:40:30'),
(84, '', 59, 0, 0, 2, 1, '2011-11-18 09:04:30', '2011-12-07 19:34:29'),
(90, '', 72, 0, 0, 5, 1, '2011-12-02 21:40:20', '2012-02-18 20:09:01'),
(99, 'data/Paris.jpg', 69, 0, 0, 6, 1, '2012-02-12 12:27:23', '2012-02-12 12:27:23'),
(87, '', 67, 1, 0, 9, 1, '2011-11-22 10:01:49', '2012-03-17 23:53:51'),
(97, 'data/16245300764e5e58784e09c.jpg', 0, 1, 0, 10, 1, '2012-02-08 13:30:09', '2012-03-16 11:39:49'),
(100, '', 72, 1, 0, 3, 1, '2012-02-18 20:22:00', '2012-02-18 20:22:39'),
(101, '', 0, 0, 0, 0, 1, '2012-03-17 23:49:33', '2012-03-17 23:50:01'),
(102, '', 87, 0, 0, 0, 1, '2012-03-17 23:52:15', '2012-03-17 23:53:20'),
(103, '', 68, 0, 0, 0, 1, '2012-03-17 23:56:40', '2012-03-17 23:56:40'),
(104, '', 101, 0, 0, 0, 1, '2012-03-17 23:57:43', '2012-03-17 23:57:43'),
(107, '', 101, 0, 0, 0, 1, '2012-03-24 10:46:40', '2012-03-24 10:46:40');

-- --------------------------------------------------------

--
-- Table structure for table `destination_description`
--

CREATE TABLE IF NOT EXISTS `destination_description` (
  `destination_id` int(11) NOT NULL,
  `language_id` int(11) NOT NULL,
  `name` varchar(255) COLLATE utf8_bin NOT NULL DEFAULT '',
  `description` text COLLATE utf8_bin NOT NULL,
  `meta_description` varchar(255) COLLATE utf8_bin NOT NULL,
  `meta_keyword` varchar(255) COLLATE utf8_bin NOT NULL,
  PRIMARY KEY (`destination_id`,`language_id`),
  KEY `name` (`name`)
) ENGINE=MyISAM DEFAULT CHARSET=utf8 COLLATE=utf8_bin;

--
-- Dumping data for table `destination_description`
--

INSERT INTO `destination_description` (`destination_id`, `language_id`, `name`, `description`, `meta_description`, `meta_keyword`) VALUES
(61, 2, '华盛顿DC', '', '', ''),
(61, 1, ' DC', '', '', ''),
(88, 1, 'Toronto', '', '', ''),
(88, 2, '多伦多', '', '', ''),
(70, 1, 'Vancourver ', '', '', ''),
(63, 2, '夏威夷', '', '', ''),
(82, 1, 'Edison', '', '', ''),
(65, 1, '? Canada', '', '', ''),
(66, 2, '? 中东', '', '', ''),
(67, 2, '? 亚洲', '', '', ''),
(68, 2, '? 南美洲', '', '', ''),
(69, 1, '? Europe', '', '', ''),
(69, 2, '? 欧洲', '', '', ''),
(70, 2, '温哥华', '', '', ''),
(72, 2, '美西部', '', '', ''),
(72, 1, '? USA West ', '', '', ''),
(74, 1, 'Los Angeles', '', '', ''),
(74, 2, '洛杉矶', '', '', ''),
(59, 1, '? USA East', '', '', ''),
(84, 1, 'Edison', '', '', ''),
(84, 2, '爱迪生', 0x266c743b702667743b0d0a09266c743b6272202f2667743b0d0a0926616d703b6e6273703b266c743b2f702667743b0d0a, '', ''),
(76, 1, 'New York', '', '', ''),
(76, 2, '纽约', '', '', ''),
(75, 2, '拉斯维加斯', '', '', ''),
(75, 1, 'Las Vegas', '', '', ''),
(59, 2, '美东部', '', '', ''),
(63, 1, 'Hawaii', '', '', ''),
(82, 2, '爱迪生', '', '', ''),
(77, 1, 'Philadelphia', '', '', ''),
(77, 2, '费城', '', '', ''),
(64, 1, 'New Jersey', '', '', ''),
(64, 2, '新泽西', 0x266c743b702667743b0d0a09266c743b6272202f2667743b0d0a0926616d703b6e6273703b266c743b2f702667743b0d0a, '', ''),
(90, 1, 'Salt Lake', '', '', ''),
(90, 2, '盐湖城', '', '', ''),
(79, 1, 'San Francisco', '', '', ''),
(79, 2, '旧金山', '', '', ''),
(80, 1, 'Rockville', '', '', ''),
(80, 2, '罗克维尔', '', '', ''),
(81, 1, 'Parsippany', '', '', ''),
(81, 2, '帕西帕尼', 0x266c743b702667743b0d0a09266c743b6272202f2667743b0d0a0926616d703b6e6273703b266c743b2f702667743b0d0a, '', ''),
(67, 1, '? Asia', '', '', ''),
(78, 2, '波士顿', '', '', ''),
(78, 1, 'Boston', '', '', ''),
(68, 1, '? South America', '', '', ''),
(97, 1, '? CRUISE', 0x266c743b64697620636c6173733d2671756f743b706c5f312671756f743b2667743b0d0a09266c743b702667743b0d0a090943727569736520616c6f6e672074686520686172626f72206f6e20746869732039302d6d696e75746520746f75722c20617320796f7520656e6a6f7920776174657266726f6e7420736967687473206f6620746865204e657720596f726b20736b796c696e652066726f6d206f75722066657272792e20596f75722067756964652077696c6c2070726f7669646520612064657461696c6564206e6172726174697665206f6e20616c6c207468652073696768747320617320796f752074616b6520696e207468652070616e6f72616d6963207669657773206f66204e59432e266c743b6272202f2667743b0d0a090926616d703b6e6273703b266c743b2f702667743b0d0a09266c743b702667743b0d0a09095768617420796f7526616d703b2333393b6c6c20736565203a266c743b2f702667743b0d0a0926616d703b62756c6c3b20456d70697265205374617465204275696c64696e67266c743b6272202f2667743b0d0a0926616d703b62756c6c3b20537461747565206f66204c696265727479266c743b6272202f2667743b0d0a0926616d703b62756c6c3b20456c6c69732049736c616e64266c743b6272202f2667743b0d0a0926616d703b62756c6c3b20476f7665726e6f72732049736c616e64266c743b6272202f2667743b0d0a0926616d703b62756c6c3b2042726f6f6b6c796e20427269646765266c743b6272202f2667743b0d0a0926616d703b62756c6c3b204d616e68617474616e20427269646765266c743b6272202f2667743b0d0a0926616d703b62756c6c3b2057696c6c69616d736275726720427269646765266c743b6272202f2667743b0d0a0926616d703b62756c6c3b20556e69746564204e6174696f6e73266c743b6272202f2667743b0d0a0926616d703b62756c6c3b204e657720596f726b20536b796c696e65266c743b6272202f2667743b0d0a0926616d703b62756c6c3b20536f7574682053747265657420536561706f7274266c743b6272202f2667743b0d0a0926616d703b62756c6c3b2047726f756e64205a65726f2028576f726c642054726164652043656e746572207369746529266c743b6272202f2667743b0d0a0926616d703b62756c6c3b20486f626f6b656e2050696572266c743b6272202f2667743b0d0a0926616d703b62756c6c3b204a61636f62204b2e204a617669732043656e746572266c743b6272202f2667743b0d0a0926616d703b62756c6c3b2042617474657279205061726b266c743b6272202f2667743b0d0a0926616d703b62756c6c3b2057616c6c20537472656574266c743b6272202f2667743b0d0a0926616d703b62756c6c3b2043687279736c6572204275696c64696e672e2e2e20616e64206d6f726521266c743b6272202f2667743b0d0a09266c743b6272202f2667743b0d0a09266c743b7374726f6e672667743b4372756973652064657061727473206461696c792c20796561722d726f756e642c2066726f6d2050696572203738204020576573742033387468205374726565742026616d703b616d703b203132746820417665266c743b2f7374726f6e672667743b266c743b6272202f2667743b0d0a09266c743b6272202f2667743b0d0a09266c743b7370616e20636c6173733d2671756f743b5354594c45312671756f743b2667743b53554e4441592d5341545552444159203130616d2c203132706d2c32706d20616e642034706d266c743b2f7370616e2667743b266c743b6272202f2667743b0d0a09266c743b6272202f2667743b0d0a09266c743b7374726f6e672667743b4372756973652064657061727473206461696c792c20796561722d726f756e642c2066726f6d2050696572203738204020576573742033387468205374726565742026616d703b616d703b203132746820417665266c743b2f7374726f6e672667743b266c743b6272202f2667743b0d0a09266c743b6272202f2667743b0d0a09266c743b7370616e207374796c653d2671756f743b636f6c6f723a236666303030303b2671756f743b2667743b266c743b7370616e20636c6173733d2671756f743b5354594c45312671756f743b2667743b53554e4441592d5341545552444159203130616d2c203132706d2c32706d20616e642034706d266c743b6272202f2667743b0d0a09266c743b6272202f2667743b0d0a094368726973746d61732044617920446563203235202d20436c6f736564266c743b2f7370616e2667743b266c743b2f7370616e2667743b266c743b6272202f2667743b0d0a09266c743b6272202f2667743b0d0a09266c743b7370616e207374796c653d2671756f743b636f6c6f723a233030303066663b2671756f743b2667743b57696e74657220736561736f6e2032303132202d204a616e75617279207468726f756768204d617263683a266c743b6272202f2667743b0d0a09436974795369676874736565696e67203930206d696e7574657320486172626f72204372756973652077696c6c206f706572617465206461696c793a266c743b6272202f2667743b0d0a0953756e6461792d20546875727364617920313020616d2c203132206e6f6f6e2c203220706d3b266c743b6272202f2667743b0d0a0946726964617920616e6420536174757264617920313020616d2c203132206e6f6f6e2c203220706d20616e64203420706d2066726f6d20506965722037382c20576573742033382053747265657420616e6420487564736f6e205269766572266c743b2f7370616e2667743b266c743b2f6469762667743b0d0a266c743b702667743b0d0a0926616d703b6e6273703b266c743b2f702667743b0d0a, '', ''),
(66, 1, '? Middle East', '', '', ''),
(87, 1, '? China', '', '', ''),
(97, 2, '? 郵輪旅遊', '', '', ''),
(99, 1, 'Paris', '', '', ''),
(99, 2, '巴黎 ', '', '', ''),
(100, 2, '美国西部', '', '', ''),
(100, 1, 'USA West', '', '', ''),
(65, 2, '加拿大', '', '', ''),
(87, 2, '? 中国', '', '', ''),
(98, 1, '? Egypt', '', '', ''),
(98, 2, '? 埃及', '', '', ''),
(101, 1, '? Australia', '', '', ''),
(101, 2, '? 澳洲', '', '', ''),
(102, 1, 'Beijing', '', '', ''),
(102, 2, '北京', '', '', ''),
(103, 1, 'Cuba', '', '', ''),
(103, 2, '古巴', '', '', ''),
(104, 1, 'Sydney', '', '', ''),
(104, 2, '悉尼', '', '', ''),
(107, 1, 'New Zeland', '', '', ''),
(107, 2, ' 新西兰', '', '', '');

-- --------------------------------------------------------

--
-- Table structure for table `destination_to_layout`
--

CREATE TABLE IF NOT EXISTS `destination_to_layout` (
  `destination_id` int(11) NOT NULL,
  `store_id` int(11) NOT NULL,
  `layout_id` int(11) NOT NULL,
  PRIMARY KEY (`destination_id`,`store_id`)
) ENGINE=MyISAM DEFAULT CHARSET=utf8 COLLATE=utf8_bin;

--
-- Dumping data for table `destination_to_layout`
--


-- --------------------------------------------------------

--
-- Table structure for table `destination_to_store`
--

CREATE TABLE IF NOT EXISTS `destination_to_store` (
  `destination_id` int(11) NOT NULL,
  `store_id` int(11) NOT NULL,
  PRIMARY KEY (`destination_id`,`store_id`)
) ENGINE=MyISAM DEFAULT CHARSET=utf8 COLLATE=utf8_bin;

--
-- Dumping data for table `destination_to_store`
--

INSERT INTO `destination_to_store` (`destination_id`, `store_id`) VALUES
(59, 0),
(61, 0),
(63, 0),
(64, 0),
(65, 0),
(66, 0),
(67, 0),
(68, 0),
(69, 0),
(70, 0),
(72, 0),
(74, 0),
(75, 0),
(76, 0),
(77, 0),
(78, 0),
(79, 0),
(80, 0),
(81, 0),
(82, 0),
(84, 0),
(87, 0),
(88, 0),
(90, 0),
(97, 0),
(98, 0),
(99, 0),
(100, 0),
(101, 0),
(102, 0),
(103, 0),
(104, 0),
(107, 0);

-- --------------------------------------------------------

--
-- Table structure for table `download`
--

CREATE TABLE IF NOT EXISTS `download` (
  `download_id` int(11) NOT NULL AUTO_INCREMENT,
  `filename` varchar(128) COLLATE utf8_bin NOT NULL DEFAULT '',
  `mask` varchar(128) COLLATE utf8_bin NOT NULL DEFAULT '',
  `remaining` int(11) NOT NULL DEFAULT '0',
  `date_added` datetime NOT NULL DEFAULT '0000-00-00 00:00:00',
  PRIMARY KEY (`download_id`)
) ENGINE=MyISAM  DEFAULT CHARSET=utf8 COLLATE=utf8_bin AUTO_INCREMENT=2 ;

--
-- Dumping data for table `download`
--

INSERT INTO `download` (`download_id`, `filename`, `mask`, `remaining`, `date_added`) VALUES
(1, 'PDF Tour Salt Lake-SLCYMF6.pdf.4c53b6c674c5ae8b8638108b17fb85fb', 'PDF Tour Salt Lake-SLCYMF6.pdf', 50, '2012-02-14 12:15:08');

-- --------------------------------------------------------

--
-- Table structure for table `download_description`
--

CREATE TABLE IF NOT EXISTS `download_description` (
  `download_id` int(11) NOT NULL,
  `language_id` int(11) NOT NULL,
  `name` varchar(64) COLLATE utf8_bin NOT NULL DEFAULT '',
  PRIMARY KEY (`download_id`,`language_id`)
) ENGINE=MyISAM DEFAULT CHARSET=utf8 COLLATE=utf8_bin;

--
-- Dumping data for table `download_description`
--

INSERT INTO `download_description` (`download_id`, `language_id`, `name`) VALUES
(1, 1, 'nyc b t '),
(1, 2, '纽约 d c ');

-- --------------------------------------------------------

--
-- Table structure for table `enquiry`
--

CREATE TABLE IF NOT EXISTS `enquiry` (
  `enquiry_id` int(11) NOT NULL AUTO_INCREMENT,
  `language` varchar(10) COLLATE utf8_bin DEFAULT NULL,
  `name` varchar(64) COLLATE utf8_bin NOT NULL DEFAULT '',
  `enquiry` text COLLATE utf8_bin NOT NULL,
  `email` varchar(255) COLLATE utf8_bin DEFAULT NULL,
  `status` int(1) NOT NULL DEFAULT '0',
  `date_added` datetime NOT NULL DEFAULT '0000-00-00 00:00:00',
  `date_modified` datetime NOT NULL DEFAULT '0000-00-00 00:00:00',
  PRIMARY KEY (`enquiry_id`)
) ENGINE=MyISAM  DEFAULT CHARSET=utf8 COLLATE=utf8_bin AUTO_INCREMENT=8 ;

--
-- Dumping data for table `enquiry`
--

INSERT INTO `enquiry` (`enquiry_id`, `language`, `name`, `enquiry`, `email`, `status`, `date_added`, `date_modified`) VALUES
(5, 'en', 'test', 0x5445544554535454455445545354, 'mononedv@gmail.com', 1, '2012-05-23 16:15:16', '0000-00-00 00:00:00'),
(4, 'en', 'Test  Inquary Form=050302012', 0x74657374207320737373737373737377, 'nycpoon@gmail.com', 1, '2012-05-04 01:03:22', '0000-00-00 00:00:00'),
(3, 'en', 'Test Order Inquary Form', 0x43616e20492067657420736861726520726f6f6d20616e642072657475726e206265666f726520372e3330706d206f6e20746865206c617374206461792e20492077616e7420746f206765742074686520666c696768742061742031302e303020706d0d0a, 'admer999@yahoo.com', 1, '2012-04-30 10:13:15', '0000-00-00 00:00:00'),
(6, 'en', 'test', 0x746573747465737474657374, 'mononedv@gmail.com', 0, '2012-05-20 12:42:19', '0000-00-00 00:00:00'),
(7, 'cn', 'admer999', 0x74657374207465737420746573742074657374207465737420746573742074657374207465737420, 'admer999@yahoo.com', 0, '2013-01-23 16:36:53', '0000-00-00 00:00:00');

-- --------------------------------------------------------

--
-- Table structure for table `extension`
--

CREATE TABLE IF NOT EXISTS `extension` (
  `extension_id` int(11) NOT NULL AUTO_INCREMENT,
  `type` varchar(32) COLLATE utf8_bin NOT NULL,
  `code` varchar(32) COLLATE utf8_bin NOT NULL,
  PRIMARY KEY (`extension_id`)
) ENGINE=MyISAM  DEFAULT CHARSET=utf8 COLLATE=utf8_bin AUTO_INCREMENT=416 ;

--
-- Dumping data for table `extension`
--

INSERT INTO `extension` (`extension_id`, `type`, `code`) VALUES
(23, 'payment', 'cod'),
(22, 'total', 'shipping'),
(57, 'total', 'sub_total'),
(58, 'total', 'tax'),
(59, 'total', 'total'),
(379, 'module', 'information'),
(380, 'module', 'latest'),
(371, 'module', 'banner'),
(383, 'module', 'google_talk'),
(372, 'module', 'bestseller'),
(374, 'module', 'category'),
(375, 'module', 'welcome'),
(390, 'total', 'credit'),
(377, 'module', 'featured'),
(387, 'shipping', 'flat'),
(349, 'total', 'handling'),
(350, 'total', 'low_order_fee'),
(389, 'total', 'coupon'),
(352, 'feed', 'google_base'),
(353, 'feed', 'google_sitemap'),
(381, 'module', 'manufacturer'),
(370, 'module', 'affiliate'),
(369, 'module', 'account'),
(382, 'module', 'special'),
(384, 'module', 'slideshow'),
(393, 'total', 'reward'),
(396, 'module', 'store'),
(398, 'total', 'voucher'),
(407, 'payment', 'free_checkout'),
(408, 'payment', 'pp_standard'),
(409, 'module', 'search'),
(411, 'module', 'whybook'),
(412, 'shipping', 'ups'),
(413, 'payment', 'authorizenet_aim'),
(414, 'shipping', 'citylink'),
(415, 'payment', 'pp_pro');

-- --------------------------------------------------------

--
-- Table structure for table `faq`
--

CREATE TABLE IF NOT EXISTS `faq` (
  `faq_id` int(11) NOT NULL AUTO_INCREMENT,
  `sort_order` int(3) NOT NULL DEFAULT '0',
  `status` int(1) NOT NULL DEFAULT '1',
  PRIMARY KEY (`faq_id`)
) ENGINE=MyISAM  DEFAULT CHARSET=utf8 COLLATE=utf8_bin AUTO_INCREMENT=7 ;

--
-- Dumping data for table `faq`
--

INSERT INTO `faq` (`faq_id`, `sort_order`, `status`) VALUES
(1, 0, 1),
(2, 0, 1),
(3, 0, 1),
(4, 0, 1),
(5, 0, 1),
(6, 0, 1);

-- --------------------------------------------------------

--
-- Table structure for table `faq_description`
--

CREATE TABLE IF NOT EXISTS `faq_description` (
  `faq_id` int(11) NOT NULL,
  `language_id` int(11) NOT NULL,
  `title` varchar(500) COLLATE utf8_bin NOT NULL DEFAULT '',
  `description` text COLLATE utf8_bin NOT NULL,
  PRIMARY KEY (`faq_id`,`language_id`)
) ENGINE=MyISAM DEFAULT CHARSET=utf8 COLLATE=utf8_bin;

--
-- Dumping data for table `faq_description`
--

INSERT INTO `faq_description` (`faq_id`, `language_id`, `title`, `description`) VALUES
(3, 1, '&gt;&gt;%%Do you provide pick-up and drop off?', 0x266c743b702667743b0d0a09266c743b7370616e207374796c653d2671756f743b636f6c6f723a2072676228302c20302c2030293b20666f6e742d66616d696c793a205461686f6d612c2047656e6576612c2073616e732d73657269663b206c696e652d6865696768743a20323070783b202671756f743b2667743b537572652e266c743b2f7370616e2667743b266c743b2f702667743b0d0a),
(4, 1, 'How long in advance must we book and pay for everything?', 0x266c743b702667743b0d0a093320646179732e266c743b2f702667743b0d0a),
(3, 2, '&gt;&gt;%%你们提供机场接送吗？', 0x266c743b702667743b0d0a09e698afe79a84e38082e698afe79a84e38082e698afe79a84e38082e698afe79a84e38082e698afe79a84e38082266c743b2f702667743b0d0a),
(4, 2, '我需要提前几天预订和付款？', 0x266c743b702667743b0d0a09e68f90e5898d33e5a4a9e38082266c743b2f702667743b0d0a),
(5, 1, 'Does the tour price listed upon booking include taxes? What should we expect to pay on tour?', 0x266c743b702667743b0d0a09266c743b7370616e207374796c653d2671756f743b636f6c6f723a2072676228302c20302c2030293b20666f6e742d66616d696c793a205461686f6d612c2047656e6576612c2073616e732d73657269663b206c696e652d6865696768743a20323070783b202671756f743b2667743b4e6f2c20746178206973206e6f7420696e636c7564656420696e207468652070726963652e266c743b2f7370616e2667743b266c743b2f702667743b0d0a266c743b702667743b0d0a09266c743b7370616e207374796c653d2671756f743b636f6c6f723a2072676228302c20302c2030293b20666f6e742d66616d696c793a205461686f6d612c2047656e6576612c2073616e732d73657269663b206c696e652d6865696768743a20323070783b202671756f743b2667743b4e6f2c20746178206973206e6f7420696e636c7564656420696e207468652070726963652e266c743b2f7370616e2667743b266c743b2f702667743b0d0a),
(6, 1, 'How to become a member of USA4Fun?', 0x266c743b702667743b0d0a09266c743b7370616e207374796c653d2671756f743b636f6c6f723a2072676228302c20302c2030293b20666f6e742d66616d696c793a205461686f6d612c2047656e6576612c2073616e732d73657269663b206c696e652d6865696768743a20323070783b202671756f743b2667743b596f752063616e207369676e20757020666f722066726565266c743b2f7370616e2667743b266c743b2f702667743b0d0a),
(6, 2, '如何成为美国娱乐会员', 0x266c743b702667743b0d0a09e4bda0e58fafe4bba5e5858de8b4b9e6b3a8e5868ce38082266c743b2f702667743b0d0a),
(5, 2, '预定时的价格含税吗？', 0x266c743b702667743b0d0a09e4b88de590abe7a88ee38082266c743b2f702667743b0d0a);

-- --------------------------------------------------------

--
-- Table structure for table `faq_to_layout`
--

CREATE TABLE IF NOT EXISTS `faq_to_layout` (
  `faq_id` int(11) NOT NULL,
  `store_id` int(11) NOT NULL,
  `layout_id` int(11) NOT NULL,
  PRIMARY KEY (`faq_id`,`store_id`)
) ENGINE=MyISAM DEFAULT CHARSET=utf8 COLLATE=utf8_bin;

--
-- Dumping data for table `faq_to_layout`
--

INSERT INTO `faq_to_layout` (`faq_id`, `store_id`, `layout_id`) VALUES
(6, 0, 0);

-- --------------------------------------------------------

--
-- Table structure for table `faq_to_store`
--

CREATE TABLE IF NOT EXISTS `faq_to_store` (
  `faq_id` int(11) NOT NULL,
  `store_id` int(11) NOT NULL,
  PRIMARY KEY (`faq_id`,`store_id`)
) ENGINE=MyISAM DEFAULT CHARSET=utf8 COLLATE=utf8_bin;

--
-- Dumping data for table `faq_to_store`
--

INSERT INTO `faq_to_store` (`faq_id`, `store_id`) VALUES
(3, 0),
(4, 0),
(5, 0),
(6, 0);

-- --------------------------------------------------------

--
-- Table structure for table `geo_zone`
--

CREATE TABLE IF NOT EXISTS `geo_zone` (
  `geo_zone_id` int(11) NOT NULL AUTO_INCREMENT,
  `name` varchar(32) COLLATE utf8_bin NOT NULL DEFAULT '',
  `description` varchar(255) COLLATE utf8_bin NOT NULL DEFAULT '',
  `date_modified` datetime NOT NULL DEFAULT '0000-00-00 00:00:00',
  `date_added` datetime NOT NULL DEFAULT '0000-00-00 00:00:00',
  PRIMARY KEY (`geo_zone_id`)
) ENGINE=MyISAM  DEFAULT CHARSET=utf8 COLLATE=utf8_bin AUTO_INCREMENT=5 ;

--
-- Dumping data for table `geo_zone`
--

INSERT INTO `geo_zone` (`geo_zone_id`, `name`, `description`, `date_modified`, `date_added`) VALUES
(3, 'UK VAT Zone', 'UK VAT', '2010-02-26 22:33:24', '2009-01-06 23:26:25'),
(4, 'UK Shipping', 'UK Shipping Zones', '2010-12-15 15:18:13', '2009-06-23 01:14:53');

-- --------------------------------------------------------

--
-- Table structure for table `information`
--

CREATE TABLE IF NOT EXISTS `information` (
  `information_id` int(11) NOT NULL AUTO_INCREMENT,
  `sort_order` int(3) NOT NULL DEFAULT '0',
  `status` int(1) NOT NULL DEFAULT '1',
  PRIMARY KEY (`information_id`)
) ENGINE=MyISAM  DEFAULT CHARSET=utf8 COLLATE=utf8_bin AUTO_INCREMENT=15 ;

--
-- Dumping data for table `information`
--

INSERT INTO `information` (`information_id`, `sort_order`, `status`) VALUES
(3, 5, 1),
(4, 1, 1),
(5, 5, 1),
(6, 4, 0),
(7, 2, 0),
(8, 6, 1),
(9, 3, 1),
(10, 0, 1),
(11, 7, 1),
(12, 9, 0),
(13, 2, 1),
(14, 11, 0);

-- --------------------------------------------------------

--
-- Table structure for table `information_description`
--

CREATE TABLE IF NOT EXISTS `information_description` (
  `information_id` int(11) NOT NULL,
  `language_id` int(11) NOT NULL,
  `title` varchar(64) COLLATE utf8_bin NOT NULL DEFAULT '',
  `description` text COLLATE utf8_bin NOT NULL,
  PRIMARY KEY (`information_id`,`language_id`)
) ENGINE=MyISAM DEFAULT CHARSET=utf8 COLLATE=utf8_bin;

--
-- Dumping data for table `information_description`
--

INSERT INTO `information_description` (`information_id`, `language_id`, `title`, `description`) VALUES
(8, 1, 'Car Services', 0x266c743b702667743b0d0a09436172205365727669636520436f6e74616374204c6973743a2830352d30322d3230313229266c743b2f702667743b0d0a266c743b702667743b0d0a094d616e68617474616e3a266c743b2f702667743b0d0a266c743b702667743b0d0a09517565656e733a266c743b2f702667743b0d0a266c743b702667743b0d0a0942726f6f6b6c796e3a266c743b2f702667743b0d0a),
(8, 2, '电召车', 0x266c743b702667743b0d0a0930352d30322d32303132e794b5e58face8bda63a266c743b2f702667743b0d0a266c743b702667743b0d0a09e69cbae59cbae69da5e7babde7baa62fe69785e5ba97efbc8ce99bbbe58face8bda6283234e5b08fe697b6e69c8de58aa129efbc9a266c743b6272202f2667743b0d0a09312920e5a5bde8bf90e99bbbe58face8bda62d20e99bbbe8af9de58fb7e7a0813a203231322d32313938383836266c743b6272202f2667743b0d0a09322920e696b0e69e97e882afe99bbbe58fac2d20e99bbbe8af9de58fb7e7a0813a203231322d3237342d31313535202f3231322d3237342d31313838266c743b6272202f2667743b0d0a09332920e4b8ade88fafe99bbbe58face8bda62d20e99bbbe8af9de58fb7e7a0813a203231322d3532392d36303630266c743b6272202f2667743b0d0a09342920e69e97e882afe99bbbe58face8bda62d20e99bbbe8af9de58fb7e7a0813a203231322d3537312d323832382f203231322d3231392d393838382d266c743b6272202f2667743b0d0a09352920e69e97e882afe6b395e68b89e79b9be58886e585ace58fb82d20e99bbbe8af9de58fb7e7a0813a3731382d3232322d30303838266c743b6272202f2667743b0d0a09266c743b6272202f2667743b0d0a0926616d703b6e6273703b266c743b2f702667743b0d0a),
(3, 1, 'Special Offer News', 0x266c743b702667743b0d0a095370656369616c204f66666572204e657773266c743b2f702667743b0d0a),
(3, 2, '优惠消息', 0x266c743b702667743b0d0a09e4bc98e683a0e6b688e681af266c743b2f702667743b0d0a),
(10, 1, 'Why book from us?', 0x266c743b702667743b0d0a0957687920626f6f6b2066726f6d2075733f266c743b2f702667743b0d0a),
(10, 2, '本公司服务的特点', 0x266c743b702667743b0d0a09266c743b666f6e7420636f6c6f723d2671756f743b233030303030302671756f743b20666163653d2671756f743b5461686f6d612c2047656e6576612c2073616e732d73657269662671756f743b2667743b266c743b7370616e207374796c653d2671756f743b6c696e652d6865696768743a20313670782671756f743b2667743b26616d703b68656c6c69703b26616d703b68656c6c69703b2a266c743b2f7370616e2667743b266c743b2f666f6e742667743b266c743b2f702667743b0d0a266c743b702667743b0d0a09266c743b666f6e7420636f6c6f723d2671756f743b233030303030302671756f743b20666163653d2671756f743b5461686f6d612c2047656e6576612c2073616e732d73657269662671756f743b2667743b266c743b7370616e207374796c653d2671756f743b6c696e652d6865696768743a20313670782671756f743b2667743be69c80e4b8b0e5af8ce79a84e69785e6b8b8e8b7afe7babf266c743b2f7370616e2667743b266c743b2f666f6e742667743b266c743b2f702667743b0d0a266c743b702667743b0d0a09266c743b7370616e207374796c653d2671756f743b6c696e652d6865696768743a20313770783b206261636b67726f756e642d636f6c6f723a20726762283234352c3234382c323531293b20666f6e742d66616d696c793a205461686f6d612c2047656e6576612c2073616e732d73657269663b20636f6c6f723a2072676228302c302c30292671756f743b2667743be587bae889b2e79a84e5aea2e688b7e69c8de58aa1266c743b2f7370616e2667743b266c743b2f702667743b0d0a266c743b702667743b0d0a09266c743b7370616e207374796c653d2671756f743b6c696e652d6865696768743a20313770783b206261636b67726f756e642d636f6c6f723a20726762283234352c3234382c323531293b20666f6e742d66616d696c793a205461686f6d612c2047656e6576612c2073616e732d73657269663b20636f6c6f723a2072676228302c302c30292671756f743b2667743be5ae89e585a8e69893e794a8e79a84e7bd91e7ab99266c743b2f7370616e2667743b266c743b2f702667743b0d0a266c743b702667743b0d0a09266c743b666f6e7420636f6c6f723d2671756f743b233030303030302671756f743b20666163653d2671756f743b5461686f6d612c2047656e6576612c2073616e732d73657269662671756f743b2667743b266c743b7370616e207374796c653d2671756f743b6c696e652d6865696768743a20313470782671756f743b2667743be59ca8e6ada4e58fafe689bee588b0e4bda0e79a84e69785e4bcb4266c743b2f7370616e2667743b266c743b2f666f6e742667743be59097efbc9f266c743b2f702667743b0d0a),
(6, 2, '旅游资料', 0x266c743b702667743b0d0a09546573743232266c743b2f702667743b0d0a),
(4, 1, 'Everyday OFFER', 0x266c743b702667743b0d0a09266c743b7370616e207374796c653d2671756f743b666f6e742d73697a653a20313670782671756f743b2667743b35302520666f72204e657720596f726b204369747920546f7572266c743b2f7370616e2667743b266c743b6272202f2667743b0d0a0926616d703b6e6273703b266c743b2f702667743b0d0a266c743b702667743b0d0a0926616d703b6e6273703b266c743b2f702667743b0d0a),
(4, 2, '天天优惠', 0x266c743b702667743b0d0a0926616d703b6e6273703b266c743b2f702667743b0d0a266c743b702667743b0d0a09266c743b7370616e207374796c653d2671756f743b666f6e742d73697a653a313670783b2671756f743b2667743be7babde7baa6e5b882e58cbae6b8b8353025e68a98e689a3266c743b2f7370616e2667743b266c743b2f702667743b0d0a266c743b702667743b0d0a0926616d703b6e6273703b266c743b2f702667743b0d0a),
(7, 1, 'Air Ticket', 0x266c743b64697620636c6173733d2671756f743b6169725f7469636b65742671756f743b2667743b0d0a09266c743b702667743b0d0a0909536f7272792c20576520646f206e6f742073656c6c20616972207469636b65742e266c743b2f702667743b0d0a09266c743b702667743b0d0a0909506c656173652063616c6c206169726c696e6520636f6d70616e79202e266c743b2f702667743b0d0a266c743b2f6469762667743b0d0a266c743b702667743b0d0a0926616d703b6e6273703b266c743b2f702667743b0d0a),
(7, 2, '机票部', 0x266c743b64697620636c6173733d2671756f743b6169725f7469636b65742671756f743b2667743b0d0a09e5afb9e4b88de8b5b7efbc8ce68891e4bbace4b88de4bba3e79086e69cbae7a5a8e38082266c743b6272202f2667743b0d0a09266c743b702667743b0d0a090926616d703b6e6273703b266c743b2f702667743b0d0a266c743b2f6469762667743b0d0a266c743b702667743b0d0a0926616d703b6e6273703b266c743b2f702667743b0d0a),
(11, 1, 'Cruise', 0x266c743b70207374796c653d2671756f743b6d617267696e3a20302e34656d2030707820302e35656d3b20636f6c6f723a2072676228302c20302c2030293b206c696e652d6865696768743a20323470783b20666f6e742d66616d696c793a2073616e732d73657269663b20666f6e742d73697a653a20313670783b2671756f743b2667743b0d0a0930352d30322d323031324126616d703b6e6273703b266c743b622667743b6372756973652073686970266c743b2f622667743b26616d703b6e6273703b6f7226616d703b6e6273703b266c743b622667743b637275697365206c696e6572266c743b2f622667743b26616d703b6e6273703b6973206126616d703b6e6273703b266c743b6120687265663d2671756f743b687474703a2f2f656e2e77696b6970656469612e6f72672f77696b692f50617373656e6765725f736869702671756f743b207374796c653d2671756f743b636f6c6f723a207267622831312c20302c20313238293b20746578742d6465636f726174696f6e3a206e6f6e653b206261636b67726f756e642d696d6167653a206e6f6e653b2671756f743b207469746c653d2671756f743b50617373656e67657220736869702671756f743b2667743b70617373656e6765722073686970266c743b2f612667743b26616d703b6e6273703b7573656420666f7220706c65617375726520766f79616765732c2077686572652074686520766f7961676520697473656c6620616e6420746865207368697026616d703b2333393b7320616d656e6974696573206172652070617274206f662074686520657870657269656e63652c2061732077656c6c2061732074686520646966666572656e742064657374696e6174696f6e7320616c6f6e6720746865207761792e205472616e73706f7274206973206e6f7420746865207072696d6520707572706f73652c20617320637275697365207368697073206f706572617465206d6f73746c79206f6e20726f7574657320746861742072657475726e2070617373656e6765727320746f207468656972206f726967696e6174696e6720706f72742c20736f2074686520706f727473206f662063616c6c2061726520757375616c6c7920696e20612073706563696669656420726567696f6e206f66206120636f6e74696e656e742e266c743b2f702667743b0d0a266c743b70207374796c653d2671756f743b6d617267696e3a20302e34656d2030707820302e35656d3b20636f6c6f723a2072676228302c20302c2030293b206c696e652d6865696768743a20323470783b20666f6e742d66616d696c793a2073616e732d73657269663b20666f6e742d73697a653a20313670783b2671756f743b2667743b0d0a09427920636f6e74726173742c20646564696361746564207472616e73706f7274206f7269656e74656426616d703b6e6273703b266c743b6120687265663d2671756f743b687474703a2f2f656e2e77696b6970656469612e6f72672f77696b692f4f6365616e5f6c696e65722671756f743b207374796c653d2671756f743b636f6c6f723a207267622831312c20302c20313238293b20746578742d6465636f726174696f6e3a206e6f6e653b206261636b67726f756e642d696d6167653a206e6f6e653b2671756f743b207469746c653d2671756f743b4f6365616e206c696e65722671756f743b2667743b6f6365616e206c696e657273266c743b2f612667743b26616d703b6e6273703b646f2026616d703b71756f743b6c696e6520766f796167657326616d703b71756f743b20616e64207479706963616c6c79207472616e73706f72742070617373656e676572732066726f6d206f6e6520706f696e7420746f20616e6f746865722c20726174686572207468616e206f6e20726f756e642074726970732e20547261646974696f6e616c6c792c20616e206f6365616e206c696e657220666f7220746865207472616e736f6365616e69632074726164652077696c6c206265206275696c7420746f206120686967686572207374616e64617264207468616e2061207479706963616c2063727569736520736869702c20696e636c7564696e67206869676826616d703b6e6273703b266c743b6120687265663d2671756f743b687474703a2f2f656e2e77696b6970656469612e6f72672f77696b692f46726565626f6172645f286e6175746963616c292671756f743b207374796c653d2671756f743b636f6c6f723a207267622831312c20302c20313238293b20746578742d6465636f726174696f6e3a206e6f6e653b206261636b67726f756e642d696d6167653a206e6f6e653b2671756f743b207469746c653d2671756f743b46726565626f61726420286e6175746963616c292671756f743b2667743b66726565626f617264266c743b2f612667743b26616d703b6e6273703b616e64207374726f6e67657220706c6174696e6720746f20776974687374616e6420726f756768207365617320616e64206164766572736520636f6e646974696f6e7320656e636f756e746572656420696e20746865206f70656e206f6365616e2c207375636820617320746865204e6f7274682041746c616e7469632e204f6365616e206c696e65727320616c736f20757375616c6c792068617665206c6172676572206361706163697469657320666f72206675656c2c207669637475616c732c20616e64206f746865722073746f72657320666f7220636f6e73756d7074696f6e206f6e206c6f6e6720766f79616765732c20636f6d706172656420746f20646564696361746564206372756973652073686970732e266c743b2f702667743b0d0a266c743b70207374796c653d2671756f743b6d617267696e3a20302e34656d2030707820302e35656d3b20636f6c6f723a2072676228302c20302c2030293b206c696e652d6865696768743a20323470783b20666f6e742d66616d696c793a2073616e732d73657269663b20666f6e742d73697a653a20313670783b2671756f743b2667743b0d0a09416c74686f756768206f6674656e206c75787572696f75732c206f6365616e206c696e65727320686164206368617261637465726973746963732074686174206d616465207468656d20756e7375697461626c6520666f72206372756973696e672c20737563682061732068696768206675656c20636f6e73756d7074696f6e2c2064656570206472617567687420746861742070726576656e746564207468656d2066726f6d20656e746572696e67207368616c6c6f7720706f7274732c20656e636c6f736564207765617468657270726f6f66206465636b7320746861742077657265206e6f7420617070726f70726961746520666f722074726f706963616c20776561746865722c20616e6420636162696e732064657369676e656420746f206d6178696d697a652070617373656e676572206e756d6265727320726174686572207468616e20636f6d666f7274202866657720696620616e79207072697661746526616d703b6e6273703b266c743b6120636c6173733d2671756f743b6d772d72656469726563742671756f743b20687265663d2671756f743b687474703a2f2f656e2e77696b6970656469612e6f72672f77696b692f566572616e64612671756f743b207374796c653d2671756f743b636f6c6f723a207267622831312c20302c20313238293b20746578742d6465636f726174696f6e3a206e6f6e653b206261636b67726f756e642d696d6167653a206e6f6e653b2671756f743b207469746c653d2671756f743b566572616e64612671756f743b2667743b766572616e646173266c743b2f612667743b2c206120686967682070726f706f7274696f6e206f662077696e646f776c65737320737569746573292e20546865206d6f6465726e206372756973652073686970732c207768696c65207361637269666963696e67207175616c6974696573206f6620736561776f727468696e6573732c206861766520616464656420616d656e697469657320746f20636174657220746f20746f7572697374732c20616e6420726563656e742076657373656c732068617665206265656e206465736372696265642061732026616d703b71756f743b62616c636f6e792d6c6164656e20666c6f6174696e6720636f6e646f6d696e69756d7326616d703b71756f743b2e266c743b2f702667743b0d0a);
INSERT INTO `information_description` (`information_id`, `language_id`, `title`, `description`) VALUES
(11, 2, '游轮旅游', 0x266c743b702667743b0d0a0930352d30322d32303132266c743b7370616e207374796c653d2671756f743b636f6c6f723a207267622835312c2035312c203531293b20666f6e742d66616d696c793a20617269616c2c2073616e732d73657269663b20666f6e742d73697a653a20313670783b206261636b67726f756e642d636f6c6f723a20726762283234352c203234352c20323435293b2671756f743b2667743be982aee8bdae266c743b2f7370616e2667743b266c743b7370616e207374796c653d2671756f743b636f6c6f723a207267622835312c2035312c203531293b20666f6e742d66616d696c793a20617269616c2c2073616e732d73657269663b20666f6e742d73697a653a20313670783b206261636b67726f756e642d636f6c6f723a20726762283234352c203234352c20323435293b2671756f743b2667743be982aee8bdae266c743b2f7370616e2667743b266c743b7370616e207374796c653d2671756f743b636f6c6f723a207267622835312c2035312c203531293b20666f6e742d66616d696c793a20617269616c2c2073616e732d73657269663b20666f6e742d73697a653a20313670783b206261636b67726f756e642d636f6c6f723a20726762283234352c203234352c20323435293b2671756f743b2667743befbc8c266c743b2f7370616e2667743b266c743b7370616e207374796c653d2671756f743b636f6c6f723a207267622835312c2035312c203531293b20666f6e742d66616d696c793a20617269616c2c2073616e732d73657269663b20666f6e742d73697a653a20313670783b206261636b67726f756e642d636f6c6f723a20726762283234352c203234352c20323435293b2671756f743b2667743be5aea2e888b9266c743b2f7370616e2667743b266c743b7370616e207374796c653d2671756f743b636f6c6f723a207267622835312c2035312c203531293b20666f6e742d66616d696c793a20617269616c2c2073616e732d73657269663b20666f6e742d73697a653a20313670783b206261636b67726f756e642d636f6c6f723a20726762283234352c203234352c20323435293b2671756f743b2667743befbc8c266c743b2f7370616e2667743b266c743b7370616e207374796c653d2671756f743b636f6c6f723a207267622835312c2035312c203531293b20666f6e742d66616d696c793a20617269616c2c2073616e732d73657269663b20666f6e742d73697a653a20313670783b206261636b67726f756e642d636f6c6f723a20726762283234352c203234352c20323435293b2671756f743b2667743be6b8b8e4b990266c743b2f7370616e2667743b266c743b7370616e207374796c653d2671756f743b636f6c6f723a207267622835312c2035312c203531293b20666f6e742d66616d696c793a20617269616c2c2073616e732d73657269663b20666f6e742d73697a653a20313670783b206261636b67726f756e642d636f6c6f723a20726762283234352c203234352c20323435293b2671756f743b2667743be888aae8a18cefbc8c266c743b2f7370616e2667743b266c743b7370616e207374796c653d2671756f743b636f6c6f723a207267622835312c2035312c203531293b20666f6e742d66616d696c793a20617269616c2c2073616e732d73657269663b20666f6e742d73697a653a20313670783b206261636b67726f756e642d636f6c6f723a20726762283234352c203234352c20323435293b2671756f743b2667743be888aae7a88b266c743b2f7370616e2667743b266c743b7370616e207374796c653d2671756f743b636f6c6f723a207267622835312c2035312c203531293b20666f6e742d66616d696c793a20617269616c2c2073616e732d73657269663b20666f6e742d73697a653a20313670783b206261636b67726f756e642d636f6c6f723a20726762283234352c203234352c20323435293b2671756f743b2667743be69cace8baab266c743b2f7370616e2667743b266c743b7370616e207374796c653d2671756f743b636f6c6f723a207267622835312c2035312c203531293b20666f6e742d66616d696c793a20617269616c2c2073616e732d73657269663b20666f6e742d73697a653a20313670783b206261636b67726f756e642d636f6c6f723a20726762283234352c203234352c20323435293b2671756f743b2667743be5928c266c743b2f7370616e2667743b266c743b7370616e207374796c653d2671756f743b636f6c6f723a207267622835312c2035312c203531293b20666f6e742d66616d696c793a20617269616c2c2073616e732d73657269663b20666f6e742d73697a653a20313670783b206261636b67726f756e642d636f6c6f723a20726762283234352c203234352c20323435293b2671756f743b2667743be888b9e888b6e79a84266c743b2f7370616e2667743b266c743b7370616e207374796c653d2671756f743b636f6c6f723a207267622835312c2035312c203531293b20666f6e742d66616d696c793a20617269616c2c2073616e732d73657269663b20666f6e742d73697a653a20313670783b206261636b67726f756e642d636f6c6f723a20726762283234352c203234352c20323435293b2671756f743b2667743be8aebee696bd266c743b2f7370616e2667743b266c743b7370616e207374796c653d2671756f743b636f6c6f723a207267622835312c2035312c203531293b20666f6e742d66616d696c793a20617269616c2c2073616e732d73657269663b20666f6e742d73697a653a20313670783b206261636b67726f756e642d636f6c6f723a20726762283234352c203234352c20323435293b2671756f743b2667743befbc8c266c743b2f7370616e2667743b266c743b7370616e207374796c653d2671756f743b636f6c6f723a207267622835312c2035312c203531293b20666f6e742d66616d696c793a20617269616c2c2073616e732d73657269663b20666f6e742d73697a653a20313670783b206261636b67726f756e642d636f6c6f723a20726762283234352c203234352c20323435293b2671756f743b2667743be698af266c743b2f7370616e2667743b266c743b7370616e207374796c653d2671756f743b636f6c6f723a207267622835312c2035312c203531293b20666f6e742d66616d696c793a20617269616c2c2073616e732d73657269663b20666f6e742d73697a653a20313670783b206261636b67726f756e642d636f6c6f723a20726762283234352c203234352c20323435293b2671756f743b2667743be7bb8fe9aa8c266c743b2f7370616e2667743b266c743b7370616e207374796c653d2671756f743b636f6c6f723a207267622835312c2035312c203531293b20666f6e742d66616d696c793a20617269616c2c2073616e732d73657269663b20666f6e742d73697a653a20313670783b206261636b67726f756e642d636f6c6f723a20726762283234352c203234352c20323435293b2671756f743b2667743be79a84266c743b2f7370616e2667743b266c743b7370616e207374796c653d2671756f743b636f6c6f723a207267622835312c2035312c203531293b20666f6e742d66616d696c793a20617269616c2c2073616e732d73657269663b20666f6e742d73697a653a20313670783b206261636b67726f756e642d636f6c6f723a20726762283234352c203234352c20323435293b2671756f743b2667743be4b880e983a8e58886266c743b2f7370616e2667743b266c743b7370616e207374796c653d2671756f743b636f6c6f723a207267622835312c2035312c203531293b20666f6e742d66616d696c793a20617269616c2c2073616e732d73657269663b20666f6e742d73697a653a20313670783b206261636b67726f756e642d636f6c6f723a20726762283234352c203234352c20323435293b2671756f743b2667743befbc8c266c743b2f7370616e2667743b266c743b7370616e207374796c653d2671756f743b636f6c6f723a207267622835312c2035312c203531293b20666f6e742d66616d696c793a20617269616c2c2073616e732d73657269663b20666f6e742d73697a653a20313670783b206261636b67726f756e642d636f6c6f723a20726762283234352c203234352c20323435293b2671756f743b2667743be4bba5e58f8a266c743b2f7370616e2667743b266c743b7370616e207374796c653d2671756f743b636f6c6f723a207267622835312c2035312c203531293b20666f6e742d66616d696c793a20617269616c2c2073616e732d73657269663b20666f6e742d73697a653a20313670783b206261636b67726f756e642d636f6c6f723a20726762283234352c203234352c20323435293b2671756f743b2667743be4b88de5908ce79a84e79baee79a84e59cb0266c743b2f7370616e2667743b266c743b7370616e207374796c653d2671756f743b636f6c6f723a207267622835312c2035312c203531293b20666f6e742d66616d696c793a20617269616c2c2073616e732d73657269663b20666f6e742d73697a653a20313670783b206261636b67726f756e642d636f6c6f723a20726762283234352c203234352c20323435293b2671756f743b2667743be6b2bfe98094266c743b2f7370616e2667743b266c743b7370616e207374796c653d2671756f743b636f6c6f723a207267622835312c2035312c203531293b20666f6e742d66616d696c793a20617269616c2c2073616e732d73657269663b20666f6e742d73697a653a20313670783b206261636b67726f756e642d636f6c6f723a20726762283234352c203234352c20323435293b2671756f743b2667743be4bdbfe794a8266c743b2f7370616e2667743b266c743b7370616e207374796c653d2671756f743b636f6c6f723a207267622835312c2035312c203531293b20666f6e742d66616d696c793a20617269616c2c2073616e732d73657269663b20666f6e742d73697a653a20313670783b206261636b67726f756e642d636f6c6f723a20726762283234352c203234352c20323435293b2671756f743b2667743be38082266c743b2f7370616e2667743b266c743b7370616e207374796c653d2671756f743b636f6c6f723a207267622835312c2035312c203531293b20666f6e742d66616d696c793a20617269616c2c2073616e732d73657269663b20666f6e742d73697a653a20313670783b206261636b67726f756e642d636f6c6f723a20726762283234352c203234352c20323435293b2671756f743b2667743be4baa4e9809a266c743b2f7370616e2667743b266c743b7370616e207374796c653d2671756f743b636f6c6f723a207267622835312c2035312c203531293b20666f6e742d66616d696c793a20617269616c2c2073616e732d73657269663b20666f6e742d73697a653a20313670783b206261636b67726f756e642d636f6c6f723a20726762283234352c203234352c20323435293b2671756f743b2667743be4b88de698af266c743b2f7370616e2667743b266c743b7370616e207374796c653d2671756f743b636f6c6f723a207267622835312c2035312c203531293b20666f6e742d66616d696c793a20617269616c2c2073616e732d73657269663b20666f6e742d73697a653a20313670783b206261636b67726f756e642d636f6c6f723a20726762283234352c203234352c20323435293b2671756f743b2667743be4b8bbe8a681e79baee79a84266c743b2f7370616e2667743b266c743b7370616e207374796c653d2671756f743b636f6c6f723a207267622835312c2035312c203531293b20666f6e742d66616d696c793a20617269616c2c2073616e732d73657269663b20666f6e742d73697a653a20313670783b206261636b67726f756e642d636f6c6f723a20726762283234352c203234352c20323435293b2671756f743b2667743befbc8c266c743b2f7370616e2667743b266c743b7370616e207374796c653d2671756f743b636f6c6f723a207267622835312c2035312c203531293b20666f6e742d66616d696c793a20617269616c2c2073616e732d73657269663b20666f6e742d73697a653a20313670783b206261636b67726f756e642d636f6c6f723a20726762283234352c203234352c20323435293b2671756f743b2667743be4b8ba266c743b2f7370616e2667743b266c743b7370616e207374796c653d2671756f743b636f6c6f723a207267622835312c2035312c203531293b20666f6e742d66616d696c793a20617269616c2c2073616e732d73657269663b20666f6e742d73697a653a20313670783b206261636b67726f756e642d636f6c6f723a20726762283234352c203234352c20323435293b2671756f743b2667743be982aee8bdae266c743b2f7370616e2667743b266c743b7370616e207374796c653d2671756f743b636f6c6f723a207267622835312c2035312c203531293b20666f6e742d66616d696c793a20617269616c2c2073616e732d73657269663b20666f6e742d73697a653a20313670783b206261636b67726f756e642d636f6c6f723a20726762283234352c203234352c20323435293b2671756f743b2667743be5a4a7e5a49a266c743b2f7370616e2667743b266c743b7370616e207374796c653d2671756f743b636f6c6f723a207267622835312c2035312c203531293b20666f6e742d66616d696c793a20617269616c2c2073616e732d73657269663b20666f6e742d73697a653a20313670783b206261636b67726f756e642d636f6c6f723a20726762283234352c203234352c20323435293b2671756f743b2667743be8bf94e59b9e266c743b2f7370616e2667743b266c743b7370616e207374796c653d2671756f743b636f6c6f723a207267622835312c2035312c203531293b20666f6e742d66616d696c793a20617269616c2c2073616e732d73657269663b20666f6e742d73697a653a20313670783b206261636b67726f756e642d636f6c6f723a20726762283234352c203234352c20323435293b2671756f743b2667743be4b998e5aea2266c743b2f7370616e2667743b266c743b7370616e207374796c653d2671756f743b636f6c6f723a207267622835312c2035312c203531293b20666f6e742d66616d696c793a20617269616c2c2073616e732d73657269663b20666f6e742d73697a653a20313670783b206261636b67726f756e642d636f6c6f723a20726762283234352c203234352c20323435293b2671756f743b2667743be79a84266c743b2f7370616e2667743b266c743b7370616e207374796c653d2671756f743b636f6c6f723a207267622835312c2035312c203531293b20666f6e742d66616d696c793a20617269616c2c2073616e732d73657269663b20666f6e742d73697a653a20313670783b206261636b67726f756e642d636f6c6f723a20726762283234352c203234352c20323435293b2671756f743b2667743be5a78be58f91266c743b2f7370616e2667743b266c743b7370616e207374796c653d2671756f743b636f6c6f723a207267622835312c2035312c203531293b20666f6e742d66616d696c793a20617269616c2c2073616e732d73657269663b20666f6e742d73697a653a20313670783b206261636b67726f756e642d636f6c6f723a20726762283234352c203234352c20323435293b2671756f743b2667743be6b8afe58fa3266c743b2f7370616e2667743b266c743b7370616e207374796c653d2671756f743b636f6c6f723a207267622835312c2035312c203531293b20666f6e742d66616d696c793a20617269616c2c2073616e732d73657269663b20666f6e742d73697a653a20313670783b206261636b67726f756e642d636f6c6f723a20726762283234352c203234352c20323435293b2671756f743b2667743be79a84266c743b2f7370616e2667743b266c743b7370616e207374796c653d2671756f743b636f6c6f723a207267622835312c2035312c203531293b20666f6e742d66616d696c793a20617269616c2c2073616e732d73657269663b20666f6e742d73697a653a20313670783b206261636b67726f756e642d636f6c6f723a20726762283234352c203234352c20323435293b2671756f743b2667743be888aae7babf266c743b2f7370616e2667743b266c743b7370616e207374796c653d2671756f743b636f6c6f723a207267622835312c2035312c203531293b20666f6e742d66616d696c793a20617269616c2c2073616e732d73657269663b20666f6e742d73697a653a20313670783b206261636b67726f756e642d636f6c6f723a20726762283234352c203234352c20323435293b2671756f743b2667743be4b88a266c743b2f7370616e2667743b266c743b7370616e207374796c653d2671756f743b636f6c6f723a207267622835312c2035312c203531293b20666f6e742d66616d696c793a20617269616c2c2073616e732d73657269663b20666f6e742d73697a653a20313670783b206261636b67726f756e642d636f6c6f723a20726762283234352c203234352c20323435293b2671756f743b2667743be7bb8fe890a5266c743b2f7370616e2667743b266c743b7370616e207374796c653d2671756f743b636f6c6f723a207267622835312c2035312c203531293b20666f6e742d66616d696c793a20617269616c2c2073616e732d73657269663b20666f6e742d73697a653a20313670783b206261636b67726f756e642d636f6c6f723a20726762283234352c203234352c20323435293b2671756f743b2667743befbc8ce59ba0e6ada4266c743b2f7370616e2667743b266c743b7370616e207374796c653d2671756f743b636f6c6f723a207267622835312c2035312c203531293b20666f6e742d66616d696c793a20617269616c2c2073616e732d73657269663b20666f6e742d73697a653a20313670783b206261636b67726f756e642d636f6c6f723a20726762283234352c203234352c20323435293b2671756f743b2667743be591bce58fab266c743b2f7370616e2667743b266c743b7370616e207374796c653d2671756f743b636f6c6f723a207267622835312c2035312c203531293b20666f6e742d66616d696c793a20617269616c2c2073616e732d73657269663b20666f6e742d73697a653a20313670783b206261636b67726f756e642d636f6c6f723a20726762283234352c203234352c20323435293b2671756f743b2667743be79a84e7abafe58fa3266c743b2f7370616e2667743b266c743b7370616e207374796c653d2671756f743b636f6c6f723a207267622835312c2035312c203531293b20666f6e742d66616d696c793a20617269616c2c2073616e732d73657269663b20666f6e742d73697a653a20313670783b206261636b67726f756e642d636f6c6f723a20726762283234352c203234352c20323435293b2671756f743b2667743be9809ae5b8b8266c743b2f7370616e2667743b266c743b7370616e207374796c653d2671756f743b636f6c6f723a207267622835312c2035312c203531293b20666f6e742d66616d696c793a20617269616c2c2073616e732d73657269663b20666f6e742d73697a653a20313670783b206261636b67726f756e642d636f6c6f723a20726762283234352c203234352c20323435293b2671756f743b2667743be698af266c743b2f7370616e2667743b266c743b7370616e207374796c653d2671756f743b636f6c6f723a207267622835312c2035312c203531293b20666f6e742d66616d696c793a20617269616c2c2073616e732d73657269663b20666f6e742d73697a653a20313670783b206261636b67726f756e642d636f6c6f723a20726762283234352c203234352c20323435293b2671756f743b2667743be59ca8266c743b2f7370616e2667743b266c743b7370616e207374796c653d2671756f743b636f6c6f723a207267622835312c2035312c203531293b20666f6e742d66616d696c793a20617269616c2c2073616e732d73657269663b20666f6e742d73697a653a20313670783b206261636b67726f756e642d636f6c6f723a20726762283234352c203234352c20323435293b2671756f743b2667743be5a4a7e99986266c743b2f7370616e2667743b266c743b7370616e207374796c653d2671756f743b636f6c6f723a207267622835312c2035312c203531293b20666f6e742d66616d696c793a20617269616c2c2073616e732d73657269663b20666f6e742d73697a653a20313670783b206261636b67726f756e642d636f6c6f723a20726762283234352c203234352c20323435293b2671756f743b2667743be79a84266c743b2f7370616e2667743b266c743b7370616e207374796c653d2671756f743b636f6c6f723a207267622835312c2035312c203531293b20666f6e742d66616d696c793a20617269616c2c2073616e732d73657269663b20666f6e742d73697a653a20313670783b206261636b67726f756e642d636f6c6f723a20726762283234352c203234352c20323435293b2671756f743b2667743be68c87e5ae9ae58cbae59f9f266c743b2f7370616e2667743b266c743b7370616e207374796c653d2671756f743b636f6c6f723a207267622835312c2035312c203531293b20666f6e742d66616d696c793a20617269616c2c2073616e732d73657269663b20666f6e742d73697a653a20313670783b206261636b67726f756e642d636f6c6f723a20726762283234352c203234352c20323435293b2671756f743b2667743be38082266c743b2f7370616e2667743b266c743b6272207374796c653d2671756f743b636f6c6f723a207267622835312c2035312c203531293b20666f6e742d66616d696c793a20617269616c2c2073616e732d73657269663b20666f6e742d73697a653a20313670783b206261636b67726f756e642d636f6c6f723a20726762283234352c203234352c20323435293b2671756f743b202f2667743b0d0a09266c743b6272207374796c653d2671756f743b636f6c6f723a207267622835312c2035312c203531293b20666f6e742d66616d696c793a20617269616c2c2073616e732d73657269663b20666f6e742d73697a653a20313670783b206261636b67726f756e642d636f6c6f723a20726762283234352c203234352c20323435293b2671756f743b202f2667743b0d0a09266c743b7370616e207374796c653d2671756f743b636f6c6f723a207267622835312c2035312c203531293b20666f6e742d66616d696c793a20617269616c2c2073616e732d73657269663b20666f6e742d73697a653a20313670783b206261636b67726f756e642d636f6c6f723a20726762283234352c203234352c20323435293b2671756f743b2667743be79bb8e6af94e4b98be4b88befbc8c266c743b2f7370616e2667743b266c743b7370616e207374796c653d2671756f743b636f6c6f723a207267622835312c2035312c203531293b20666f6e742d66616d696c793a20617269616c2c2073616e732d73657269663b20666f6e742d73697a653a20313670783b206261636b67726f756e642d636f6c6f723a20726762283234352c203234352c20323435293b2671756f743b2667743be4b893e794a8e8bf90e8be93266c743b2f7370616e2667743b266c743b7370616e207374796c653d2671756f743b636f6c6f723a207267622835312c2035312c203531293b20666f6e742d66616d696c793a20617269616c2c2073616e732d73657269663b20666f6e742d73697a653a20313670783b206261636b67726f756e642d636f6c6f723a20726762283234352c203234352c20323435293b2671756f743b2667743be5afbce59091266c743b2f7370616e2667743b266c743b7370616e207374796c653d2671756f743b636f6c6f723a207267622835312c2035312c203531293b20666f6e742d66616d696c793a20617269616c2c2073616e732d73657269663b20666f6e742d73697a653a20313670783b206261636b67726f756e642d636f6c6f723a20726762283234352c203234352c20323435293b2671756f743b2667743be79a84266c743b2f7370616e2667743b266c743b7370616e207374796c653d2671756f743b636f6c6f723a207267622835312c2035312c203531293b20666f6e742d66616d696c793a20617269616c2c2073616e732d73657269663b20666f6e742d73697a653a20313670783b206261636b67726f756e642d636f6c6f723a20726762283234352c203234352c20323435293b2671756f743b2667743be8bf9ce6b48be5aea2e8bdae266c743b2f7370616e2667743b266c743b7370616e20636c6173733d2671756f743b61746e2671756f743b207374796c653d2671756f743b636f6c6f723a207267622835312c2035312c203531293b20666f6e742d66616d696c793a20617269616c2c2073616e732d73657269663b20666f6e742d73697a653a20313670783b206261636b67726f756e642d636f6c6f723a20726762283234352c203234352c20323435293b2671756f743b2667743b26616d703b6c6471756f3b266c743b2f7370616e2667743b266c743b7370616e207374796c653d2671756f743b636f6c6f723a207267622835312c2035312c203531293b20666f6e742d66616d696c793a20617269616c2c2073616e732d73657269663b20666f6e742d73697a653a20313670783b206261636b67726f756e642d636f6c6f723a20726762283234352c203234352c20323435293b2671756f743b2667743be888aae8a18c266c743b2f7370616e2667743b266c743b7370616e207374796c653d2671756f743b636f6c6f723a207267622835312c2035312c203531293b20666f6e742d66616d696c793a20617269616c2c2073616e732d73657269663b20666f6e742d73697a653a20313670783b206261636b67726f756e642d636f6c6f723a20726762283234352c203234352c20323435293b2671756f743b2667743be8b7afe7babf266c743b2f7370616e2667743b266c743b7370616e20636c6173733d2671756f743b61746e2671756f743b207374796c653d2671756f743b636f6c6f723a207267622835312c2035312c203531293b20666f6e742d66616d696c793a20617269616c2c2073616e732d73657269663b20666f6e742d73697a653a20313670783b206261636b67726f756e642d636f6c6f723a20726762283234352c203234352c20323435293b2671756f743b2667743b26616d703b726471756f3b266c743b2f7370616e2667743b266c743b7370616e207374796c653d2671756f743b636f6c6f723a207267622835312c2035312c203531293b20666f6e742d66616d696c793a20617269616c2c2073616e732d73657269663b20666f6e742d73697a653a20313670783b206261636b67726f756e642d636f6c6f723a20726762283234352c203234352c20323435293b2671756f743b2667743befbc8ce4bb8e266c743b2f7370616e2667743b266c743b7370616e207374796c653d2671756f743b636f6c6f723a207267622835312c2035312c203531293b20666f6e742d66616d696c793a20617269616c2c2073616e732d73657269663b20666f6e742d73697a653a20313670783b206261636b67726f756e642d636f6c6f723a20726762283234352c203234352c20323435293b2671756f743b2667743be4b880e4b8aae782b9e588b0e58fa6e4b880e4b8aa266c743b2f7370616e2667743b266c743b7370616e207374796c653d2671756f743b636f6c6f723a207267622835312c2035312c203531293b20666f6e742d66616d696c793a20617269616c2c2073616e732d73657269663b20666f6e742d73697a653a20313670783b206261636b67726f756e642d636f6c6f723a20726762283234352c203234352c20323435293b2671756f743b2667743be585b8e59e8b266c743b2f7370616e2667743b266c743b7370616e207374796c653d2671756f743b636f6c6f723a207267622835312c2035312c203531293b20666f6e742d66616d696c793a20617269616c2c2073616e732d73657269663b20666f6e742d73697a653a20313670783b206261636b67726f756e642d636f6c6f723a20726762283234352c203234352c20323435293b2671756f743b2667743be4baa4e9809ae5b7a5e585b7e79a84e4b998e5aea2266c743b2f7370616e2667743b266c743b7370616e207374796c653d2671756f743b636f6c6f723a207267622835312c2035312c203531293b20666f6e742d66616d696c793a20617269616c2c2073616e732d73657269663b20666f6e742d73697a653a20313670783b206261636b67726f756e642d636f6c6f723a20726762283234352c203234352c20323435293b2671756f743b2667743befbc8c266c743b2f7370616e2667743b266c743b7370616e207374796c653d2671756f743b636f6c6f723a207267622835312c2035312c203531293b20666f6e742d66616d696c793a20617269616c2c2073616e732d73657269663b20666f6e742d73697a653a20313670783b206261636b67726f756e642d636f6c6f723a20726762283234352c203234352c20323435293b2671756f743b2667743be8808ce4b88de698af266c743b2f7370616e2667743b266c743b7370616e207374796c653d2671756f743b636f6c6f723a207267622835312c2035312c203531293b20666f6e742d66616d696c793a20617269616c2c2073616e732d73657269663b20666f6e742d73697a653a20313670783b206261636b67726f756e642d636f6c6f723a20726762283234352c203234352c20323435293b2671756f743b2667743be5be80e8bf94266c743b2f7370616e2667743b266c743b7370616e207374796c653d2671756f743b636f6c6f723a207267622835312c2035312c203531293b20666f6e742d66616d696c793a20617269616c2c2073616e732d73657269663b20666f6e742d73697a653a20313670783b206261636b67726f756e642d636f6c6f723a20726762283234352c203234352c20323435293b2671756f743b2667743be38082266c743b2f7370616e2667743b266c743b7370616e207374796c653d2671756f743b636f6c6f723a207267622835312c2035312c203531293b20666f6e742d66616d696c793a20617269616c2c2073616e732d73657269663b20666f6e742d73697a653a20313670783b206261636b67726f756e642d636f6c6f723a20726762283234352c203234352c20323435293b2671756f743b2667743be4bca0e7bb9fe4b88a266c743b2f7370616e2667743b266c743b7370616e207374796c653d2671756f743b636f6c6f723a207267622835312c2035312c203531293b20666f6e742d66616d696c793a20617269616c2c2073616e732d73657269663b20666f6e742d73697a653a20313670783b206261636b67726f756e642d636f6c6f723a20726762283234352c203234352c20323435293b2671756f743b2667743befbc8c266c743b2f7370616e2667743b266c743b7370616e207374796c653d2671756f743b636f6c6f723a207267622835312c2035312c203531293b20666f6e742d66616d696c793a20617269616c2c2073616e732d73657269663b20666f6e742d73697a653a20313670783b206261636b67726f756e642d636f6c6f723a20726762283234352c203234352c20323435293b2671756f743b2667743be4b880e4b8aa266c743b2f7370616e2667743b266c743b7370616e207374796c653d2671756f743b636f6c6f723a207267622835312c2035312c203531293b20666f6e742d66616d696c793a20617269616c2c2073616e732d73657269663b20666f6e742d73697a653a20313670783b206261636b67726f756e642d636f6c6f723a20726762283234352c203234352c20323435293b2671756f743b2667743be8b7a8e6b48b266c743b2f7370616e2667743b266c743b7370616e207374796c653d2671756f743b636f6c6f723a207267622835312c2035312c203531293b20666f6e742d66616d696c793a20617269616c2c2073616e732d73657269663b20666f6e742d73697a653a20313670783b206261636b67726f756e642d636f6c6f723a20726762283234352c203234352c20323435293b2671756f743b2667743be2808be2808be8b4b8e69893266c743b2f7370616e2667743b266c743b7370616e207374796c653d2671756f743b636f6c6f723a207267622835312c2035312c203531293b20666f6e742d66616d696c793a20617269616c2c2073616e732d73657269663b20666f6e742d73697a653a20313670783b206261636b67726f756e642d636f6c6f723a20726762283234352c203234352c20323435293b2671756f743b2667743be79a84266c743b2f7370616e2667743b266c743b7370616e207374796c653d2671756f743b636f6c6f723a207267622835312c2035312c203531293b20666f6e742d66616d696c793a20617269616c2c2073616e732d73657269663b20666f6e742d73697a653a20313670783b206261636b67726f756e642d636f6c6f723a20726762283234352c203234352c20323435293b2671756f743b2667743be8bf9ce6b48be78fade8bdae266c743b2f7370616e2667743b266c743b7370616e207374796c653d2671756f743b636f6c6f723a207267622835312c2035312c203531293b20666f6e742d66616d696c793a20617269616c2c2073616e732d73657269663b20666f6e742d73697a653a20313670783b206261636b67726f756e642d636f6c6f723a20726762283234352c203234352c20323435293b2671756f743b2667743be5b086e5bbbae68890266c743b2f7370616e2667743b266c743b7370616e207374796c653d2671756f743b636f6c6f723a207267622835312c2035312c203531293b20666f6e742d66616d696c793a20617269616c2c2073616e732d73657269663b20666f6e742d73697a653a20313670783b206261636b67726f756e642d636f6c6f723a20726762283234352c203234352c20323435293b2671756f743b2667743be4b880e4b8aa266c743b2f7370616e2667743b266c743b7370616e207374796c653d2671756f743b636f6c6f723a207267622835312c2035312c203531293b20666f6e742d66616d696c793a20617269616c2c2073616e732d73657269663b20666f6e742d73697a653a20313670783b206261636b67726f756e642d636f6c6f723a20726762283234352c203234352c20323435293b2671756f743b2667743be6af94266c743b2f7370616e2667743b266c743b7370616e207374796c653d2671756f743b636f6c6f723a207267622835312c2035312c203531293b20666f6e742d66616d696c793a20617269616c2c2073616e732d73657269663b20666f6e742d73697a653a20313670783b206261636b67726f756e642d636f6c6f723a20726762283234352c203234352c20323435293b2671756f743b2667743be4b880e4b8aae585b8e59e8be79a84266c743b2f7370616e2667743b266c743b7370616e207374796c653d2671756f743b636f6c6f723a207267622835312c2035312c203531293b20666f6e742d66616d696c793a20617269616c2c2073616e732d73657269663b20666f6e742d73697a653a20313670783b206261636b67726f756e642d636f6c6f723a20726762283234352c203234352c20323435293b2671756f743b2667743be982aee8bdae266c743b2f7370616e2667743b266c743b7370616e207374796c653d2671756f743b636f6c6f723a207267622835312c2035312c203531293b20666f6e742d66616d696c793a20617269616c2c2073616e732d73657269663b20666f6e742d73697a653a20313670783b206261636b67726f756e642d636f6c6f723a20726762283234352c203234352c20323435293b2671756f743b2667743befbc8c266c743b2f7370616e2667743b266c743b7370616e207374796c653d2671756f743b636f6c6f723a207267622835312c2035312c203531293b20666f6e742d66616d696c793a20617269616c2c2073616e732d73657269663b20666f6e742d73697a653a20313670783b206261636b67726f756e642d636f6c6f723a20726762283234352c203234352c20323435293b2671756f743b2667743be58c85e68bac266c743b2f7370616e2667743b266c743b7370616e207374796c653d2671756f743b636f6c6f723a207267622835312c2035312c203531293b20666f6e742d66616d696c793a20617269616c2c2073616e732d73657269663b20666f6e742d73697a653a20313670783b206261636b67726f756e642d636f6c6f723a20726762283234352c203234352c20323435293b2671756f743b2667743be5b9b2e888b7e9ab98266c743b2f7370616e2667743b266c743b7370616e207374796c653d2671756f743b636f6c6f723a207267622835312c2035312c203531293b20666f6e742d66616d696c793a20617269616c2c2073616e732d73657269663b20666f6e742d73697a653a20313670783b206261636b67726f756e642d636f6c6f723a20726762283234352c203234352c20323435293b2671756f743b2667743befbc8c266c743b2f7370616e2667743b266c743b7370616e207374796c653d2671756f743b636f6c6f723a207267622835312c2035312c203531293b20666f6e742d66616d696c793a20617269616c2c2073616e732d73657269663b20666f6e742d73697a653a20313670783b206261636b67726f756e642d636f6c6f723a20726762283234352c203234352c20323435293b2671756f743b2667743be69bb4e5bcba266c743b2f7370616e2667743b266c743b7370616e207374796c653d2671756f743b636f6c6f723a207267622835312c2035312c203531293b20666f6e742d66616d696c793a20617269616c2c2073616e732d73657269663b20666f6e742d73697a653a20313670783b206261636b67726f756e642d636f6c6f723a20726762283234352c203234352c20323435293b2671756f743b2667743be79a84266c743b2f7370616e2667743b266c743b7370616e207374796c653d2671756f743b636f6c6f723a207267622835312c2035312c203531293b20666f6e742d66616d696c793a20617269616c2c2073616e732d73657269663b20666f6e742d73697a653a20313670783b206261636b67726f756e642d636f6c6f723a20726762283234352c203234352c20323435293b2671756f743b2667743be794b5e99580266c743b2f7370616e2667743b266c743b7370616e207374796c653d2671756f743b636f6c6f723a207267622835312c2035312c203531293b20666f6e742d66616d696c793a20617269616c2c2073616e732d73657269663b20666f6e742d73697a653a20313670783b206261636b67726f756e642d636f6c6f723a20726762283234352c203234352c20323435293b2671756f743b2667743be689bfe58f97266c743b2f7370616e2667743b266c743b7370616e207374796c653d2671756f743b636f6c6f723a207267622835312c2035312c203531293b20666f6e742d66616d696c793a20617269616c2c2073616e732d73657269663b20666f6e742d73697a653a20313670783b206261636b67726f756e642d636f6c6f723a20726762283234352c203234352c20323435293b2671756f743b2667743be6b3a2e6b69be6b1b9e6b68ce79a84e5a4a7e6b5b7266c743b2f7370616e2667743b266c743b7370616e207374796c653d2671756f743b636f6c6f723a207267622835312c2035312c203531293b20666f6e742d66616d696c793a20617269616c2c2073616e732d73657269663b20666f6e742d73697a653a20313670783b206261636b67726f756e642d636f6c6f723a20726762283234352c203234352c20323435293b2671756f743b2667743be5928c266c743b2f7370616e2667743b266c743b7370616e207374796c653d2671756f743b636f6c6f723a207267622835312c2035312c203531293b20666f6e742d66616d696c793a20617269616c2c2073616e732d73657269663b20666f6e742d73697a653a20313670783b206261636b67726f756e642d636f6c6f723a20726762283234352c203234352c20323435293b2671756f743b2667743be4b88de588a9e79a84e69da1e4bbb6e4b88b266c743b2f7370616e2667743b266c743b7370616e207374796c653d2671756f743b636f6c6f723a207267622835312c2035312c203531293b20666f6e742d66616d696c793a20617269616c2c2073616e732d73657269663b20666f6e742d73697a653a20313670783b206261636b67726f756e642d636f6c6f723a20726762283234352c203234352c20323435293b2671756f743b2667743befbc8c266c743b2f7370616e2667743b266c743b7370616e207374796c653d2671756f743b636f6c6f723a207267622835312c2035312c203531293b20666f6e742d66616d696c793a20617269616c2c2073616e732d73657269663b20666f6e742d73697a653a20313670783b206261636b67726f756e642d636f6c6f723a20726762283234352c203234352c20323435293b2671756f743b2667743be59ca8e5bc80e694bee79a84e6b5b7e6b48b266c743b2f7370616e2667743b266c743b7370616e207374796c653d2671756f743b636f6c6f723a207267622835312c2035312c203531293b20666f6e742d66616d696c793a20617269616c2c2073616e732d73657269663b20666f6e742d73697a653a20313670783b206261636b67726f756e642d636f6c6f723a20726762283234352c203234352c20323435293b2671756f743b2667743befbc8ce5a682266c743b2f7370616e2667743b266c743b7370616e207374796c653d2671756f743b636f6c6f723a207267622835312c2035312c203531293b20666f6e742d66616d696c793a20617269616c2c2073616e732d73657269663b20666f6e742d73697a653a20313670783b206261636b67726f756e642d636f6c6f723a20726762283234352c203234352c20323435293b2671756f743b2667743be58c97e5a4a7e8a5bfe6b48b266c743b2f7370616e2667743b266c743b7370616e207374796c653d2671756f743b636f6c6f723a207267622835312c2035312c203531293b20666f6e742d66616d696c793a20617269616c2c2073616e732d73657269663b20666f6e742d73697a653a20313670783b206261636b67726f756e642d636f6c6f723a20726762283234352c203234352c20323435293b2671756f743b2667743befbc8c266c743b2f7370616e2667743b266c743b7370616e207374796c653d2671756f743b636f6c6f723a207267622835312c2035312c203531293b20666f6e742d66616d696c793a20617269616c2c2073616e732d73657269663b20666f6e742d73697a653a20313670783b206261636b67726f756e642d636f6c6f723a20726762283234352c203234352c20323435293b2671756f743b2667743be98187e588b0266c743b2f7370616e2667743b266c743b7370616e207374796c653d2671756f743b636f6c6f723a207267622835312c2035312c203531293b20666f6e742d66616d696c793a20617269616c2c2073616e732d73657269663b20666f6e742d73697a653a20313670783b206261636b67726f756e642d636f6c6f723a20726762283234352c203234352c20323435293b2671756f743b2667743be69bb4e9ab98e79a84e6a087e58786266c743b2f7370616e2667743b266c743b7370616e207374796c653d2671756f743b636f6c6f723a207267622835312c2035312c203531293b20666f6e742d66616d696c793a20617269616c2c2073616e732d73657269663b20666f6e742d73697a653a20313670783b206261636b67726f756e642d636f6c6f723a20726762283234352c203234352c20323435293b2671756f743b2667743be38082266c743b2f7370616e2667743b266c743b7370616e207374796c653d2671756f743b636f6c6f723a207267622835312c2035312c203531293b20666f6e742d66616d696c793a20617269616c2c2073616e732d73657269663b20666f6e742d73697a653a20313670783b206261636b67726f756e642d636f6c6f723a20726762283234352c203234352c20323435293b2671756f743b2667743be8bf9ce6b48be5aea2e8bdae266c743b2f7370616e2667743b266c743b7370616e207374796c653d2671756f743b636f6c6f723a207267622835312c2035312c203531293b20666f6e742d66616d696c793a20617269616c2c2073616e732d73657269663b20666f6e742d73697a653a20313670783b206261636b67726f756e642d636f6c6f723a20726762283234352c203234352c20323435293b2671756f743b2667743be4b99f266c743b2f7370616e2667743b266c743b7370616e207374796c653d2671756f743b636f6c6f723a207267622835312c2035312c203531293b20666f6e742d66616d696c793a20617269616c2c2073616e732d73657269663b20666f6e742d73697a653a20313670783b206261636b67726f756e642d636f6c6f723a20726762283234352c203234352c20323435293b2671756f743b2667743be9809ae5b8b8266c743b2f7370616e2667743b266c743b7370616e207374796c653d2671756f743b636f6c6f723a207267622835312c2035312c203531293b20666f6e742d66616d696c793a20617269616c2c2073616e732d73657269663b20666f6e742d73697a653a20313670783b206261636b67726f756e642d636f6c6f723a20726762283234352c203234352c20323435293b2671756f743b2667743be794a8e4ba8e266c743b2f7370616e2667743b266c743b7370616e207374796c653d2671756f743b636f6c6f723a207267622835312c2035312c203531293b20666f6e742d66616d696c793a20617269616c2c2073616e732d73657269663b20666f6e742d73697a653a20313670783b206261636b67726f756e642d636f6c6f723a20726762283234352c203234352c20323435293b2671756f743b2667743be995bfe98094e888aae8a18c266c743b2f7370616e2667743b266c743b7370616e207374796c653d2671756f743b636f6c6f723a207267622835312c2035312c203531293b20666f6e742d66616d696c793a20617269616c2c2073616e732d73657269663b20666f6e742d73697a653a20313670783b206261636b67726f756e642d636f6c6f723a20726762283234352c203234352c20323435293b2671756f743b2667743be79a84266c743b2f7370616e2667743b266c743b7370616e207374796c653d2671756f743b636f6c6f723a207267622835312c2035312c203531293b20666f6e742d66616d696c793a20617269616c2c2073616e732d73657269663b20666f6e742d73697a653a20313670783b206261636b67726f756e642d636f6c6f723a20726762283234352c203234352c20323435293b2671756f743b2667743be6b688e8b4b9266c743b2f7370616e2667743b266c743b7370616e207374796c653d2671756f743b636f6c6f723a207267622835312c2035312c203531293b20666f6e742d66616d696c793a20617269616c2c2073616e732d73657269663b20666f6e742d73697a653a20313670783b206261636b67726f756e642d636f6c6f723a20726762283234352c203234352c20323435293b2671756f743b2667743be69bb4e5a4a7e5aeb9e9878f266c743b2f7370616e2667743b266c743b7370616e207374796c653d2671756f743b636f6c6f723a207267622835312c2035312c203531293b20666f6e742d66616d696c793a20617269616c2c2073616e732d73657269663b20666f6e742d73697a653a20313670783b206261636b67726f756e642d636f6c6f723a20726762283234352c203234352c20323435293b2671756f743b2667743be79a84e78783e69699266c743b2f7370616e2667743b266c743b7370616e207374796c653d2671756f743b636f6c6f723a207267622835312c2035312c203531293b20666f6e742d66616d696c793a20617269616c2c2073616e732d73657269663b20666f6e742d73697a653a20313670783b206261636b67726f756e642d636f6c6f723a20726762283234352c203234352c20323435293b2671756f743b2667743befbc8c266c743b2f7370616e2667743b266c743b7370616e207374796c653d2671756f743b636f6c6f723a207267622835312c2035312c203531293b20666f6e742d66616d696c793a20617269616c2c2073616e732d73657269663b20666f6e742d73697a653a20313670783b206261636b67726f756e642d636f6c6f723a20726762283234352c203234352c20323435293b2671756f743b2667743be98081e59083e79a84266c743b2f7370616e2667743b266c743b7370616e207374796c653d2671756f743b636f6c6f723a207267622835312c2035312c203531293b20666f6e742d66616d696c793a20617269616c2c2073616e732d73657269663b20666f6e742d73697a653a20313670783b206261636b67726f756e642d636f6c6f723a20726762283234352c203234352c20323435293b2671756f743b2667743befbc8c266c743b2f7370616e2667743b266c743b7370616e207374796c653d2671756f743b636f6c6f723a207267622835312c2035312c203531293b20666f6e742d66616d696c793a20617269616c2c2073616e732d73657269663b20666f6e742d73697a653a20313670783b206261636b67726f756e642d636f6c6f723a20726762283234352c203234352c20323435293b2671756f743b2667743be5928c266c743b2f7370616e2667743b266c743b7370616e207374796c653d2671756f743b636f6c6f723a207267622835312c2035312c203531293b20666f6e742d66616d696c793a20617269616c2c2073616e732d73657269663b20666f6e742d73697a653a20313670783b206261636b67726f756e642d636f6c6f723a20726762283234352c203234352c20323435293b2671756f743b2667743be585b6e4bb96266c743b2f7370616e2667743b266c743b7370616e207374796c653d2671756f743b636f6c6f723a207267622835312c2035312c203531293b20666f6e742d66616d696c793a20617269616c2c2073616e732d73657269663b20666f6e742d73697a653a20313670783b206261636b67726f756e642d636f6c6f723a20726762283234352c203234352c20323435293b2671756f743b2667743be5ba97266c743b2f7370616e2667743b266c743b7370616e207374796c653d2671756f743b636f6c6f723a207267622835312c2035312c203531293b20666f6e742d66616d696c793a20617269616c2c2073616e732d73657269663b20666f6e742d73697a653a20313670783b206261636b67726f756e642d636f6c6f723a20726762283234352c203234352c20323435293b2671756f743b2667743be79bb8e6af94efbc8c266c743b2f7370616e2667743b266c743b7370616e207374796c653d2671756f743b636f6c6f723a207267622835312c2035312c203531293b20666f6e742d66616d696c793a20617269616c2c2073616e732d73657269663b20666f6e742d73697a653a20313670783b206261636b67726f756e642d636f6c6f723a20726762283234352c203234352c20323435293b2671756f743b2667743be4b893e794a8266c743b2f7370616e2667743b266c743b7370616e207374796c653d2671756f743b636f6c6f723a207267622835312c2035312c203531293b20666f6e742d66616d696c793a20617269616c2c2073616e732d73657269663b20666f6e742d73697a653a20313670783b206261636b67726f756e642d636f6c6f723a20726762283234352c203234352c20323435293b2671756f743b2667743be79a84266c743b2f7370616e2667743b266c743b7370616e207374796c653d2671756f743b636f6c6f723a207267622835312c2035312c203531293b20666f6e742d66616d696c793a20617269616c2c2073616e732d73657269663b20666f6e742d73697a653a20313670783b206261636b67726f756e642d636f6c6f723a20726762283234352c203234352c20323435293b2671756f743b2667743be982aee8bdae266c743b2f7370616e2667743b266c743b7370616e207374796c653d2671756f743b636f6c6f723a207267622835312c2035312c203531293b20666f6e742d66616d696c793a20617269616c2c2073616e732d73657269663b20666f6e742d73697a653a20313670783b206261636b67726f756e642d636f6c6f723a20726762283234352c203234352c20323435293b2671756f743b2667743be38082266c743b2f7370616e2667743b266c743b2f702667743b0d0a),
(5, 1, 'Terms &amp; Conditions', 0x266c743b702667743b0d0a0926616d703b67743b5465726d732026616d703b616d703b20436f6e646974696f6e733a26616d703b6e6273703b266c743b2f702667743b0d0a266c743b702667743b0d0a0926616d703b6e6273703b266c743b2f702667743b0d0a266c743b702667743b0d0a0931efbc89266c743b2f702667743b0d0a266c743b702667743b0d0a0932efbc89266c743b2f702667743b0d0a266c743b702667743b0d0a0933efbc89266c743b2f702667743b0d0a),
(5, 2, '用户协议', 0x266c743b702667743b0d0a09e5908ce6848fe68ea5e58f97e585ace58fb8e79a84e8aea2e8b4ade8a784e5ae9aefbc9a266c743b2f702667743b0d0a266c743b702667743b0d0a0931efbc89266c743b2f702667743b0d0a266c743b702667743b0d0a0932efbc89266c743b2f702667743b0d0a266c743b702667743b0d0a0933efbc89266c743b2f702667743b0d0a),
(14, 2, '注册成功', 0x266c743b702667743b0d0a09266c743b7370616e207374796c653d2671756f743b636f6c6f723a2072676228302c20302c2030293b20666f6e742d66616d696c793a205461686f6d612c2047656e6576612c2073616e732d73657269663b202671756f743b2667743be7a59de8b4bae682a82120e682a8e79a84e696b0e8b4a6e688b7e5b7b2e7bb8fe5bbbae7ab8b21266c743b2f7370616e2667743b266c743b2f702667743b0d0a266c743b70207374796c653d2671756f743b6d617267696e2d746f703a203070783b206d617267696e2d72696768743a203070783b206d617267696e2d626f74746f6d3a20323070783b206d617267696e2d6c6566743a203070783b2070616464696e672d746f703a203070783b2070616464696e672d72696768743a203070783b2070616464696e672d626f74746f6d3a203070783b2070616464696e672d6c6566743a203070783b20636f6c6f723a2072676228302c20302c2030293b20666f6e742d66616d696c793a205461686f6d612c2047656e6576612c2073616e732d73657269663b202671756f743b2667743b0d0a09e78eb0e59ca8efbc8ce682a8e58fafe4bba5e588a9e794a8e4bc9ae59198e4bc98e683a0e69da5e68f90e9ab98e682a8e4b88ee68891e4bbace79a84e7bd91e4b88ae8b4ade789a9e4bd93e9aa8c2e266c743b2f702667743b0d0a266c743b70207374796c653d2671756f743b6d617267696e2d746f703a203070783b206d617267696e2d72696768743a203070783b206d617267696e2d626f74746f6d3a20323070783b206d617267696e2d6c6566743a203070783b2070616464696e672d746f703a203070783b2070616464696e672d72696768743a203070783b2070616464696e672d626f74746f6d3a203070783b2070616464696e672d6c6566743a203070783b20636f6c6f723a2072676228302c20302c2030293b20666f6e742d66616d696c793a205461686f6d612c2047656e6576612c2073616e732d73657269663b202671756f743b2667743b0d0a09e58187e5a682e682a8e5afb9e8afa5e7bd91e5ba97e6938de4bd9ce69c89e4bbbbe4bd95e79691e997ae2c20e8afb7e7bb99e5ba97e4b8bbe58f91e98081e982aee4bbb6e58f96e5be97e88194e7b3bb266c743b2f702667743b0d0a266c743b70207374796c653d2671756f743b6d617267696e2d746f703a203070783b206d617267696e2d72696768743a203070783b206d617267696e2d626f74746f6d3a20323070783b206d617267696e2d6c6566743a203070783b2070616464696e672d746f703a203070783b2070616464696e672d72696768743a203070783b2070616464696e672d626f74746f6d3a203070783b2070616464696e672d6c6566743a203070783b20636f6c6f723a2072676228302c20302c2030293b20666f6e742d66616d696c793a205461686f6d612c2047656e6576612c2073616e732d73657269663b202671756f743b2667743b0d0a09e4b880e5b081e7a1aee8aea4e5b7b2e7bb8fe58f91e98081e588b0e682a8e68980e68f90e4be9be79a84e982aee7aeb1e59cb0e59d80e38082e5a682e69e9ce682a8e59ca8e4b880e4b8aae5b08fe697b6e58685e6b2a1e69c89e694b6e588b0e5ae832c20e8afb726616d703b6e6273703b266c743b6120687265663d2671756f743b687474703a2f2f7573613466756e2e636f6d2f696e6465782e7068703f726f7574653d696e666f726d6174696f6e2f636f6e746163742671756f743b207374796c653d2671756f743b6d617267696e2d746f703a203070783b206d617267696e2d72696768743a203070783b206d617267696e2d626f74746f6d3a203070783b206d617267696e2d6c6566743a203070783b2070616464696e672d746f703a203070783b2070616464696e672d72696768743a203070783b2070616464696e672d626f74746f6d3a203070783b2070616464696e672d6c6566743a203070783b20637572736f723a20706f696e7465723b20636f6c6f723a207267622835312c2035312c203531293b202671756f743b2667743be88194e7b3bbe68891e4bbac266c743b2f612667743b2e266c743b2f702667743b0d0a),
(14, 1, 'Register Success', 0x266c743b702667743b0d0a09266c743b7370616e207374796c653d2671756f743b636f6c6f723a2072676228302c20302c2030293b20666f6e742d66616d696c793a205461686f6d612c2047656e6576612c2073616e732d73657269663b202671756f743b2667743b436f6e67726174756c6174696f6e732120596f7572206e6577206163636f756e7420686173206265656e207375636365737366756c6c79206372656174656421266c743b2f7370616e2667743b266c743b2f702667743b0d0a266c743b70207374796c653d2671756f743b6d617267696e2d746f703a203070783b206d617267696e2d72696768743a203070783b206d617267696e2d626f74746f6d3a20323070783b206d617267696e2d6c6566743a203070783b2070616464696e672d746f703a203070783b2070616464696e672d72696768743a203070783b2070616464696e672d626f74746f6d3a203070783b2070616464696e672d6c6566743a203070783b20636f6c6f723a2072676228302c20302c2030293b20666f6e742d66616d696c793a205461686f6d612c2047656e6576612c2073616e732d73657269663b202671756f743b2667743b0d0a09596f752063616e206e6f772074616b6520616476616e74616765206f66206d656d6265722070726976696c6567657320746f20656e68616e636520796f7572206f6e6c696e652073686f7070696e6720657870657269656e636520776974682075732e266c743b2f702667743b0d0a266c743b70207374796c653d2671756f743b6d617267696e2d746f703a203070783b206d617267696e2d72696768743a203070783b206d617267696e2d626f74746f6d3a20323070783b206d617267696e2d6c6566743a203070783b2070616464696e672d746f703a203070783b2070616464696e672d72696768743a203070783b2070616464696e672d626f74746f6d3a203070783b2070616464696e672d6c6566743a203070783b20636f6c6f723a2072676228302c20302c2030293b20666f6e742d66616d696c793a205461686f6d612c2047656e6576612c2073616e732d73657269663b202671756f743b2667743b0d0a09496620796f75206861766520414e59207175657374696f6e732061626f757420746865206f7065726174696f6e206f662074686973206f6e6c696e652073686f702c20706c6561736520656d61696c207468652073746f7265206f776e65722e266c743b2f702667743b0d0a266c743b70207374796c653d2671756f743b6d617267696e2d746f703a203070783b206d617267696e2d72696768743a203070783b206d617267696e2d626f74746f6d3a20323070783b206d617267696e2d6c6566743a203070783b2070616464696e672d746f703a203070783b2070616464696e672d72696768743a203070783b2070616464696e672d626f74746f6d3a203070783b2070616464696e672d6c6566743a203070783b20636f6c6f723a2072676228302c20302c2030293b20666f6e742d66616d696c793a205461686f6d612c2047656e6576612c2073616e732d73657269663b202671756f743b2667743b0d0a094120636f6e6669726d6174696f6e20686173206265656e2073656e7420746f207468652070726f766964656420656d61696c20616464726573732e20496620796f752068617665206e6f742072656365697665642069742077697468696e2074686520686f75722c20706c6561736526616d703b6e6273703b266c743b6120687265663d2671756f743b687474703a2f2f7573613466756e2e636f6d2f696e6465782e7068703f726f7574653d696e666f726d6174696f6e2f636f6e746163742671756f743b207374796c653d2671756f743b6d617267696e2d746f703a203070783b206d617267696e2d72696768743a203070783b206d617267696e2d626f74746f6d3a203070783b206d617267696e2d6c6566743a203070783b2070616464696e672d746f703a203070783b2070616464696e672d72696768743a203070783b2070616464696e672d626f74746f6d3a203070783b2070616464696e672d6c6566743a203070783b20637572736f723a20706f696e7465723b20636f6c6f723a207267622835312c2035312c203531293b202671756f743b2667743b636f6e74616374207573266c743b2f612667743b2e266c743b2f702667743b0d0a),
(13, 1, 'Reward Program', 0x266c743b702667743b0d0a095265776172642050726f6772616d266c743b2f702667743b0d0a),
(13, 2, '奖励规则', 0x266c743b702667743b0d0a09266c743b666f6e742667743b266c743b666f6e742667743be5a596e58ab1e8a784e58899266c743b7370616e207374796c653d2671756f743b666f6e742d73697a653a20313470783b2671756f743b2667743b266c743b622667743b3a266c743b2f622667743b266c743b2f7370616e2667743b266c743b2f666f6e742667743b266c743b2f666f6e742667743b266c743b6272202f2667743b0d0a09e6b58be8af95e4b8ad2e2e2e266c743b2f702667743b0d0a),
(6, 1, 'Tour Information', 0x266c743b702667743b0d0a0944656c697665727920496e666f726d6174696f6e2026616d703b67743b266c743b2f702667743b0d0a),
(9, 1, 'Refund Policy', 0x266c743b702667743b0d0a0930352d30322d32303132312920266c743b7370616e207374796c653d2671756f743b666f6e742d73697a653a313670783b2671756f743b2667743b266c743b7374726f6e672667743b26616d703b6e6273703b526566756e64266c743b2f7374726f6e672667743b266c743b7370616e207374796c653d2671756f743b666f6e742d73697a653a313170783b2671756f743b2667743b28266c743b2f7370616e2667743b266c743b2f7370616e2667743b266c743b7370616e207374796c653d2671756f743b666f6e742d73697a653a313170783b2671756f743b2667743b266c743b7374726f6e67207374796c653d2671756f743b666f6e742d73697a653a20313670783b202671756f743b2667743b456e676c69736829266c743b2f7374726f6e672667743b266c743b2f7370616e2667743b266c743b2f702667743b0d0a266c743b702667743b0d0a0926616d703b6e6273703b266c743b2f702667743b0d0a),
(9, 2, '退款政策 ', 0x266c743b702667743b0d0a0930352d30322d32303132266c743b7370616e20636c6173733d2671756f743b6631346f72616e6765422671756f743b2667743b266c743b7374726f6e672667743b3120266c743b2f7374726f6e672667743b2e26616d703b6e6273703b266c743b2f7370616e2667743b266c743b2f702667743b0d0a);
INSERT INTO `information_description` (`information_id`, `language_id`, `title`, `description`) VALUES
(12, 2, '会员的好处', 0x266c743b756c2667743b0d0a09266c743b6c692667743b0d0a0909266c743b7370616e207374796c653d2671756f743b666f6e742d73697a653a20323270783b2671756f743b2667743b266c743b7374726f6e672667743be7be8ee59bbde7979be88ba6e7bd91e7ab99266c743b2f7374726f6e672667743b266c743b2f7370616e2667743b266c743b2f6c692667743b0d0a09266c743b6c692667743b0d0a0909266c743b7370616e207374796c653d2671756f743b666f6e742d73697a653a20313470783b2671756f743b2667743b4c6174657374205761726e696e672043616e6e6f742070757420746865206e616d65206f662077656264657369676e26616d703b2333393b73206e616d65205969626164612e636f6d206f6e20746869732077656273697465266c743b2f7370616e2667743b266c743b2f6c692667743b0d0a09266c743b6c692667743b0d0a0909266c743b7370616e207374796c653d2671756f743b666f6e742d73697a653a20313470783b2671756f743b2667743b4f757220636f6d70616e79207374696c6c20636c6f73652062656361757365207765622064657369676e2070656f626c656d7320756e2d666978202e266c743b666f6e7420636f6c6f723d2671756f743b236666303030302671756f743b2073697a653d2671756f743b332671756f743b2667743b20266c743b2f666f6e742667743b266c743b2f7370616e2667743b266c743b2f6c692667743b0d0a09266c743b6c692667743b0d0a0909266c743b7370616e207374796c653d2671756f743b666f6e742d73697a653a20313470783b2671756f743b2667743b266c743b666f6e7420636f6c6f723d2671756f743b236666303030302671756f743b2073697a653d2671756f743b332671756f743b2667743b77686f206469642074686973207765622064657369676e203f266c743b2f666f6e742667743b266c743b2f7370616e2667743b266c743b2f6c692667743b0d0a09266c743b6c692667743b0d0a0909266c743b7370616e207374796c653d2671756f743b666f6e742d73697a653a20313470783b2671756f743b2667743b266c743b666f6e7420636f6c6f723d2671756f743b236666303030302671756f743b2073697a653d2671756f743b332671756f743b2667743b4d616e792070656f706c6520616c7265616479206b6e6f77206974202c204920646f6e26616d703b2333393b74206861766520746f207772697465206974206f6e207468697320776562736974652e266c743b2f666f6e742667743b266c743b2f7370616e2667743b266c743b2f6c692667743b0d0a09266c743b6c692667743b0d0a0909266c743b7370616e207374796c653d2671756f743b666f6e742d73697a653a20313470783b2671756f743b2667743b266c743b666f6e7420636f6c6f723d2671756f743b236666303030302671756f743b2073697a653d2671756f743b332671756f743b2667743b496620796f752077616e7420746f206b6e6f772069742063616c6c206d6520616e7974696d65203634362d3931382d323738382047656f72676520efbc8c20492077696c6c206769766520796f7520676f6f642073657276696365203a29266c743b2f666f6e742667743b266c743b2f7370616e2667743b266c743b2f6c692667743b0d0a09266c743b6c692667743b0d0a0909266c743b7370616e207374796c653d2671756f743b666f6e742d73697a653a20313470783b2671756f743b2667743b266c743b666f6e742073697a653d2671756f743b332671756f743b2667743b5468657920266c743b2f666f6e742667743b20646964206e6f74206b6565702074686569722070726f6d69736520746f20666978207468652070726f626c656d206f66207468697320776562736974652e20616674657220776520706179207468656d206d6f7265207468616e202431302c3030302e2070657220776562736974652e20266c743b2f7370616e2667743b266c743b2f6c692667743b0d0a09266c743b6c692667743b0d0a0909266c743b7370616e207374796c653d2671756f743b666f6e742d73697a653a20313470783b2671756f743b2667743b5468657920266c743b7370616e207374796c653d2671756f743b636f6c6f723a20726762283137382c2033342c203334293b2671756f743b2667743b74266c743b7370616e2667743b6872656174656e266c743b2f7370616e2667743b206d6520266c743b2f7370616e2667743b2c2069662069207075742074686973206e6f74696365206f6e206d7920776562736974652077697468207465697220636f6d70616e79206e616d65202c20746865792077696c6c20737565206d652e266c743b2f7370616e2667743b266c743b2f6c692667743b0d0a09266c743b6c692667743b0d0a0909266c743b7370616e207374796c653d2671756f743b666f6e742d73697a653a20313470783b2671756f743b2667743b4920616d206e6f7720776f727374207468616e2062616e6b727563792c206920646f6e26616d703b2333393b7420636172652e20266c743b2f7370616e2667743b266c743b2f6c692667743b0d0a09266c743b6c692667743b0d0a0909266c743b7370616e207374796c653d2671756f743b666f6e742d73697a653a20313470783b2671756f743b2667743b54686579206b6e6f7720492068617665206e6f206d6f7265206d6f6e657920746f20737565207468656d2c2049206c696b652074686579206272696e67206d6520746f20636f7572742c20492077616e7420746f20636c61696d206d7920627573696e65737320616e64206865616c746820636f6d70616e736173696f6e2049206861766520746f6f206d756368207468696e6720746f2074656c6c20746865204a7564676520616e6420776f726c6420686f7720676f6f642074686579206172652e2e2e2e2e2e2e2e2e2e20266c743b2f7370616e2667743b266c743b2f6c692667743b0d0a09266c743b6c692667743b0d0a0909266c743b7370616e207374796c653d2671756f743b666f6e742d73697a653a20313470783b2671756f743b2667743b492068617665206d6574206369747920636f756e63696c6f722c20636f6e73756d65722061666661697273206465706172746d656e742e20746865792077616e74206d6520746f2066696c65206120636f6d706c61696e742e266c743b2f7370616e2667743b266c743b2f6c692667743b0d0a09266c743b6c692667743b0d0a0909266c743b7370616e207374796c653d2671756f743b666f6e742d73697a653a20313470783b2671756f743b2667743b546865736520322079656172732c2074686579206d616b65206d65207369636b20616e64206d7920627573696e6573732e2e2e2e2e2e2e2e2e2e2e2e2e2e2e2e2e416e7920776179206c6574207468656d20646f206974202c20492077696c6c207468616e6b207468656d20666f72206272696e67206d6520746f20636f7572742c2073656520776861742068617070656e2e2e2e2e2e7761697420616e642073656520746865792067657420736f6d657468696e672066726f6d206d65206f7220492067657420736f6d657468696e672066726f6d207468656d2e20266c743b2f7370616e2667743b266c743b2f6c692667743b0d0a09266c743b6c692667743b0d0a0909266c743b7370616e207374796c653d2671756f743b666f6e742d73697a653a20313870783b2671756f743b2667743b457665727920626f6479206d75737420626577617265206f662074686973206972726573706f6e7369626c6520636f6d70616e792c20746865792074686569722073616c65206d616e2063616e2074656c6c207665727920737765657420776f7264732c20746f206d616b6520796f752062656c6965766520616e64207472757374207468656d2c2067697665207468656d20627573696e657373206f72206d6f6e657920627574206166746572206d6f6e6579207061696420696e2066756c6c20676f6f642c20676f6f64206c75636b20746f20796f752e2e2e2e2e2e2e2e2e2e2e266c743b2f7370616e2667743b266c743b2f6c692667743b0d0a09266c743b6c692667743b0d0a0909266c743b7370616e207374796c653d2671756f743b666f6e742d73697a653a20313870783b2671756f743b2667743b4966206e6f7420796f752077696c6c20626520676f6f64206c75636b792e266c743b2f7370616e2667743b266c743b2f6c692667743b0d0a09266c743b6c692667743b0d0a0909266c743b7370616e207374796c653d2671756f743b666f6e742d73697a653a20313870783b2671756f743b2667743b496620796f7520646f206e6f742074616b65206d79206164766963652c20796f752077696c6c2063727920736f6f6e6572206f72206c617465722c20756e74696c20746561726c6573732c20746865792077696c6c206e6f7420636172652061626f757420796f75212120266c743b2f7370616e2667743b266c743b2f6c692667743b0d0a09266c743b6c692667743b0d0a090926616d703b6e6273703b266c743b2f6c692667743b0d0a09266c743b6c692667743b0d0a0909266c743b7370616e207374796c653d2671756f743b666f6e742d73697a653a20313870783b2671756f743b2667743b5468617420697320686f772074686579207472656174656e20746865697220637573746f6d657220616674657220796f7520706179207468656d20696e2066756c6c20616d6f756e7420666f7220776562736974652064657369676e2e20756e6c65737320796f752074656c6c207468656d20796f752077696c6c2068617665206d6f726520627573696e65737320666f72207468656d2e2e2e627574207465206f6c64206f6e65287765627369746520776974682070726f626c656d206e6f7420666978292c2077696c6c2062652064656c617920616e642064656c61792e2e2e2e2e266c743b2f7370616e2667743b266c743b2f6c692667743b0d0a09266c743b6c692667743b0d0a090926616d703b6e6273703b266c743b2f6c692667743b0d0a09266c743b6c692667743b0d0a0909266c743b7370616e207374796c653d2671756f743b666f6e742d73697a653a20313870783b2671756f743b2667743b49206861766520676976656e207468656d2034207765627369746520746f2064657369676e2c2073696e636520323031302c20756e74696c20746f64617920616c6c206d7920776562736974657320617265206e6f7420636f6d706c6574656c7920736f6c76656420616c6c20636f6d706c61696e74732c206e6f6e65206f66207468656d2063616e2073746172742074686520627573696e65737320776974686f75742070726f626c656d2e266c743b2f7370616e2667743b266c743b2f6c692667743b0d0a09266c743b6c692667743b0d0a0909266c743b7374726f6e67207374796c653d2671756f743b666f6e742d73697a653a20313870783b2671756f743b2667743b4576656e7420796f7520706179207468656d206d6f7265207468616e202432302c3030302e20746f206d616b65206120776562736974652061732049206469642e20497420776f756c64206e6f742068656c7021266c743b2f7374726f6e672667743b266c743b2f6c692667743b0d0a09266c743b6c692667743b0d0a0909266c743b7370616e207374796c653d2671756f743b666f6e742d73697a653a20313470783b2671756f743b2667743b3320636f6d70616e6965732053696e6365203230313020284e657720596f726b20546f75722053657276696365732c20636c6f7365642062656361757365206f6620746865697220424144207365727669636521212e20266c743b2f7370616e2667743b266c743b2f6c692667743b0d0a09266c743b6c692667743b0d0a0909266c743b7370616e207374796c653d2671756f743b666f6e742d73697a653a20313470783b2671756f743b2667743b266c743b7370616e207374796c653d2671756f743b636f6c6f723a20726762283137382c2033342c203334293b2671756f743b2667743b53656167756c6c2054726176656c205365727669636573266c743b2f7370616e2667743b20616e6420266c743b7370616e207374796c653d2671756f743b636f6c6f723a20726762283137382c2033342c203334293b2671756f743b2667743b4861707079205649502054726176656c2c204e657720596f726b20546f757273205365727669636573266c743b2f7370616e2667743b266c743b2f7370616e2667743b266c743b2f6c692667743b0d0a09266c743b6c692667743b0d0a0909266c743b7370616e207374796c653d2671756f743b666f6e742d73697a653a20313470783b2671756f743b2667743b266c743b7370616e207374796c653d2671756f743b636f6c6f723a20726762283137382c2033342c203334293b2671756f743b2667743b4e7931746f7572732e636f6d266c743b2f7370616e2667743b20496e632e266c743b2f7370616e2667743b266c743b2f6c692667743b0d0a09266c743b6c692667743b0d0a0909266c743b7370616e207374796c653d2671756f743b666f6e742d73697a653a20313470783b2671756f743b2667743b4f6e65206578616d706c652c207777772e416d657269636154726176656c496e666f202e636f6d206c6f73742024332c3630302062656361757365207468697320636f6d70616e792064696420736f6d657468696e672077726f6e6720616e642077616e74207468652077656273697465206f776e657220706179207468656d20322074696d65732024332c3630302e20627574206e6f7720746869732077656273697465206861732070726f626c656d2c207468657920646f6e26616d703b2333393b74206669782069742c20616e642066696e616c6c7920746865792073616964206e6f6e65207061796d656e742070726f626c656d2c2074686520686f7374696e6720636f6d70616e7920616c72656164792064656c657465642c20616e64207468657920646f6e26616d703b2333393b742068617665206261636b75702e77616e7420746f207265646f3f206d6f6e65792066697273742e2e2e266c743b2f7370616e2667743b266c743b2f6c692667743b0d0a09266c743b6c692667743b0d0a0909266c743b7370616e207374796c653d2671756f743b666f6e742d73697a653a20313470783b2671756f743b2667743b6f7220656c7365206e6f2077617920746865792063616e2068656c7020796f752e206f6b2e206a757374206e6f2068656c702e2e2e676f206261636b2e2e2e2e2e2e266c743b2f7370616e2667743b266c743b2f6c692667743b0d0a266c743b2f756c2667743b0d0a),
(12, 1, 'Member''s benefit', 0x266c743b756c2667743b0d0a09266c743b6c69207374796c653d2671756f743b6c696e652d6865696768743a20313870783b20666f6e742d66616d696c793a2047656f726769612c2073657269663b20666f6e742d73697a653a20313670783b206261636b67726f756e642d636f6c6f723a2072676261283235352c203235352c203235352c20302e393137393639293b2671756f743b2667743b0d0a0909266c743b756c2667743b0d0a090909266c743b6c692667743b0d0a09090909266c743b7370616e207374796c653d2671756f743b666f6e742d73697a653a20313670783b2671756f743b2667743be7be8ee59bbde5a8b1e4b990e69785e8a18ce7a4be266c743b2f7370616e2667743b20266c743b7370616e207374796c653d2671756f743b666f6e742d73697a653a20313470783b2671756f743b2667743b7777772e7573613466756e2e636f6d266c743b2f7370616e2667743b266c743b2f6c692667743b0d0a090909266c743b6c692667743b0d0a09090909266c743b7370616e207374796c653d2671756f743b666f6e742d73697a653a20313470783b2671756f743b2667743b4c6174657374205761726e696e672043616e6e6f742070757420746865206e616d65206f662077656264657369676e26616d703b2333393b73206e616d65205969626164612e636f6d206f6e20746869732077656273697465266c743b2f7370616e2667743b266c743b2f6c692667743b0d0a090909266c743b6c692667743b0d0a09090909266c743b7370616e207374796c653d2671756f743b666f6e742d73697a653a20313470783b2671756f743b2667743b4f757220636f6d70616e79207374696c6c20636c6f73652062656361757365207765622064657369676e2070656f626c656d7320756e2d666978202e266c743b666f6e7420636f6c6f723d2671756f743b236666303030302671756f743b2073697a653d2671756f743b332671756f743b2667743b20266c743b2f666f6e742667743b266c743b2f7370616e2667743b266c743b2f6c692667743b0d0a090909266c743b6c692667743b0d0a09090909266c743b7370616e207374796c653d2671756f743b666f6e742d73697a653a20313470783b2671756f743b2667743b266c743b666f6e7420636f6c6f723d2671756f743b236666303030302671756f743b2073697a653d2671756f743b332671756f743b2667743b77686f206469642074686973207765622064657369676e203f266c743b2f666f6e742667743b266c743b2f7370616e2667743b266c743b2f6c692667743b0d0a090909266c743b6c692667743b0d0a09090909266c743b7370616e207374796c653d2671756f743b666f6e742d73697a653a20313470783b2671756f743b2667743b266c743b666f6e7420636f6c6f723d2671756f743b236666303030302671756f743b2073697a653d2671756f743b332671756f743b2667743b4d616e792070656f706c6520616c7265616479206b6e6f77206974202c204920646f6e26616d703b2333393b74206861766520746f207772697465206974206f6e207468697320776562736974652e266c743b2f666f6e742667743b266c743b2f7370616e2667743b266c743b2f6c692667743b0d0a090909266c743b6c692667743b0d0a09090909266c743b7370616e207374796c653d2671756f743b666f6e742d73697a653a20313470783b2671756f743b2667743b266c743b666f6e7420636f6c6f723d2671756f743b236666303030302671756f743b2073697a653d2671756f743b332671756f743b2667743b496620796f752077616e7420746f206b6e6f772069742063616c6c206d6520616e7974696d65203634362d3931382d323738382047656f72676520efbc8c20492077696c6c206769766520796f7520676f6f642073657276696365203a29266c743b2f666f6e742667743b266c743b2f7370616e2667743b266c743b2f6c692667743b0d0a090909266c743b6c692667743b0d0a09090909266c743b7370616e207374796c653d2671756f743b666f6e742d73697a653a20313470783b2671756f743b2667743b266c743b666f6e742073697a653d2671756f743b332671756f743b2667743b5468657920266c743b2f666f6e742667743b20646964206e6f74206b6565702074686569722070726f6d69736520746f20666978207468652070726f626c656d206f66207468697320776562736974652e20616674657220776520706179207468656d206d6f7265207468616e202431302c3030302e2070657220776562736974652e20266c743b2f7370616e2667743b266c743b2f6c692667743b0d0a090909266c743b6c692667743b0d0a09090909266c743b7370616e207374796c653d2671756f743b666f6e742d73697a653a20313470783b2671756f743b2667743b5468657920266c743b7370616e207374796c653d2671756f743b636f6c6f723a20726762283137382c2033342c203334293b2671756f743b2667743b74266c743b7370616e2667743b6872656174656e266c743b2f7370616e2667743b206d6520266c743b2f7370616e2667743b2c2069662069207075742074686973206e6f74696365206f6e206d7920776562736974652077697468207465697220636f6d70616e79206e616d65202c20746865792077696c6c20737565206d652e266c743b2f7370616e2667743b266c743b2f6c692667743b0d0a090909266c743b6c692667743b0d0a09090909266c743b7370616e207374796c653d2671756f743b666f6e742d73697a653a20313470783b2671756f743b2667743b4920616d206e6f7720776f727374207468616e2062616e6b727563792c206920646f6e26616d703b2333393b7420636172652e20266c743b2f7370616e2667743b266c743b2f6c692667743b0d0a090909266c743b6c692667743b0d0a09090909266c743b7370616e207374796c653d2671756f743b666f6e742d73697a653a20313470783b2671756f743b2667743b54686579206b6e6f7720492068617665206e6f206d6f7265206d6f6e657920746f20737565207468656d2c2049206c696b652074686579206272696e67206d6520746f20636f7572742c20492077616e7420746f20636c61696d206d7920627573696e65737320616e64206865616c746820636f6d70616e736173696f6e2049206861766520746f6f206d756368207468696e6720746f2074656c6c20746865204a7564676520616e6420776f726c6420686f7720676f6f642074686579206172652e2e2e2e2e2e2e2e2e2e20266c743b2f7370616e2667743b266c743b2f6c692667743b0d0a090909266c743b6c692667743b0d0a09090909266c743b7370616e207374796c653d2671756f743b666f6e742d73697a653a20313470783b2671756f743b2667743b492068617665206d6574206369747920636f756e63696c6f722c20636f6e73756d65722061666661697273206465706172746d656e742e20746865792077616e74206d6520746f2066696c65206120636f6d706c61696e742e266c743b2f7370616e2667743b266c743b2f6c692667743b0d0a090909266c743b6c692667743b0d0a09090909266c743b7370616e207374796c653d2671756f743b666f6e742d73697a653a20313470783b2671756f743b2667743b546865736520322079656172732c2074686579206d616b65206d65207369636b20616e64206d7920627573696e6573732e2e2e2e2e2e2e2e2e2e2e2e2e2e2e2e2e416e7920776179206c6574207468656d20646f206974202c20492077696c6c207468616e6b207468656d20666f72206272696e67206d6520746f20636f7572742c2073656520776861742068617070656e2e2e2e2e2e7761697420616e642073656520746865792067657420736f6d657468696e672066726f6d206d65206f7220492067657420736f6d657468696e672066726f6d207468656d2e20266c743b2f7370616e2667743b266c743b2f6c692667743b0d0a0909266c743b2f756c2667743b0d0a0909266c743b702667743b0d0a090909266c743b7370616e207374796c653d2671756f743b666f6e742d73697a653a20313870783b2671756f743b2667743b457665727920626f6479206d75737420626577617265206f662074686973206972726573706f6e7369626c6520636f6d70616e792c20746865792074686569722073616c65206d616e2063616e2074656c6c207665727920737765657420776f7264732c20746f206d616b6520796f752062656c6965766520616e64207472757374207468656d2c2067697665207468656d20627573696e657373206f72206d6f6e657920627574206166746572206d6f6e6579207061696420696e2066756c6c20676f6f642c20676f6f64206c75636b20746f20796f752e2e2e2e2e2e2e2e2e2e2e266c743b2f7370616e2667743b266c743b2f702667743b0d0a0909266c743b6469762667743b0d0a090909266c743b7370616e207374796c653d2671756f743b666f6e742d73697a653a20313870783b2671756f743b2667743b4966206e6f7420796f752077696c6c20626520676f6f64206c75636b792e266c743b2f7370616e2667743b266c743b2f6469762667743b0d0a0909266c743b6469762667743b0d0a090909266c743b7370616e207374796c653d2671756f743b666f6e742d73697a653a20313870783b2671756f743b2667743b496620796f7520646f206e6f742074616b65206d79206164766963652c20796f752077696c6c2063727920736f6f6e6572206f72206c617465722c20756e74696c20746561726c6573732c20746865792077696c6c206e6f7420636172652061626f757420796f75212120266c743b2f7370616e2667743b266c743b2f6469762667743b0d0a0909266c743b6469762667743b0d0a09090926616d703b6e6273703b266c743b2f6469762667743b0d0a0909266c743b6469762667743b0d0a090909266c743b7370616e207374796c653d2671756f743b666f6e742d73697a653a20313870783b2671756f743b2667743b5468617420697320686f772074686579207472656174656e20746865697220637573746f6d657220616674657220796f7520706179207468656d20696e2066756c6c20616d6f756e7420666f7220776562736974652064657369676e2e20756e6c65737320796f752074656c6c207468656d20796f752077696c6c2068617665206d6f726520627573696e65737320666f72207468656d2e2e2e627574207465206f6c64206f6e65287765627369746520776974682070726f626c656d206e6f7420666978292c2077696c6c2062652064656c617920616e642064656c61792e2e2e2e2e266c743b2f7370616e2667743b266c743b2f6469762667743b0d0a0909266c743b6469762667743b0d0a09090926616d703b6e6273703b266c743b2f6469762667743b0d0a0909266c743b6469762667743b0d0a090909266c743b7370616e207374796c653d2671756f743b666f6e742d73697a653a20313870783b2671756f743b2667743b49206861766520676976656e207468656d2034207765627369746520746f2064657369676e2c2073696e636520323031302c20756e74696c20746f64617920616c6c206d7920776562736974657320617265206e6f7420636f6d706c6574656c7920736f6c76656420616c6c20636f6d706c61696e74732c206e6f6e65206f66207468656d2063616e2073746172742074686520627573696e65737320776974686f75742070726f626c656d2e266c743b2f7370616e2667743b266c743b2f6469762667743b0d0a0909266c743b702667743b0d0a090909266c743b7374726f6e67207374796c653d2671756f743b666f6e742d73697a653a20313870783b2671756f743b2667743b4576656e7420796f7520706179207468656d206d6f7265207468616e202432302c3030302e20746f206d616b65206120776562736974652061732049206469642e20497420776f756c64206e6f742068656c7021266c743b2f7374726f6e672667743b266c743b2f702667743b0d0a0909266c743b702667743b0d0a090909266c743b7370616e207374796c653d2671756f743b666f6e742d73697a653a20313470783b2671756f743b2667743b3320636f6d70616e6965732053696e6365203230313020284e657720596f726b20546f75722053657276696365732c20636c6f7365642062656361757365206f6620746865697220424144207365727669636521212e20266c743b2f7370616e2667743b266c743b2f702667743b0d0a0909266c743b702667743b0d0a090909266c743b7370616e207374796c653d2671756f743b666f6e742d73697a653a20313470783b2671756f743b2667743b266c743b7370616e207374796c653d2671756f743b636f6c6f723a20726762283137382c2033342c203334293b2671756f743b2667743b53656167756c6c2054726176656c205365727669636573266c743b2f7370616e2667743b20616e6420266c743b7370616e207374796c653d2671756f743b636f6c6f723a20726762283137382c2033342c203334293b2671756f743b2667743b4861707079205649502054726176656c2c204e657720596f726b20546f757273205365727669636573266c743b2f7370616e2667743b266c743b2f7370616e2667743b266c743b2f702667743b0d0a0909266c743b702667743b0d0a090909266c743b7370616e207374796c653d2671756f743b666f6e742d73697a653a20313470783b2671756f743b2667743b266c743b7370616e207374796c653d2671756f743b636f6c6f723a20726762283137382c2033342c203334293b2671756f743b2667743b4e7931746f7572732e636f6d266c743b2f7370616e2667743b20496e632e20266c743b2f7370616e2667743b266c743b2f702667743b0d0a0909266c743b702667743b0d0a090909266c743b7370616e207374796c653d2671756f743b666f6e742d73697a653a20313470783b2671756f743b2667743b4f6e65206578616d706c652c207777772e416d657269636154726176656c496e666f202e636f6d206c6f73742024332c3630302062656361757365207468697320636f6d70616e792064696420736f6d657468696e672077726f6e6720616e642077616e74207468652077656273697465206f776e657220706179207468656d20322074696d65732024332c3630302e20627574206e6f7720746869732077656273697465206861732070726f626c656d2c207468657920646f6e26616d703b2333393b74206669782069742c20616e642066696e616c6c7920746865792073616964206e6f6e65207061796d656e742070726f626c656d2c2074686520686f7374696e6720636f6d70616e7920616c72656164792064656c657465642c20616e64207468657920646f6e26616d703b2333393b742068617665206261636b75702e77616e7420746f207265646f3f206d6f6e65792066697273742e2e2e266c743b2f7370616e2667743b266c743b2f702667743b0d0a0909266c743b702667743b0d0a090909266c743b7370616e207374796c653d2671756f743b666f6e742d73697a653a20313470783b2671756f743b2667743b6f7220656c7365206e6f2077617920746865792063616e2068656c7020796f752e206f6b2e206a757374206e6f2068656c702e2e2e676f206261636b2e2e2e2e2e2e266c743b2f7370616e2667743b266c743b2f702667743b0d0a09266c743b2f6c692667743b0d0a09266c743b6c69207374796c653d2671756f743b6c696e652d6865696768743a20313870783b20666f6e742d66616d696c793a2047656f726769612c2073657269663b20666f6e742d73697a653a20313670783b206261636b67726f756e642d636f6c6f723a2072676261283235352c203235352c203235352c20302e393137393639293b2671756f743b2667743b0d0a090926616d703b6e6273703b266c743b2f6c692667743b0d0a09266c743b6c69207374796c653d2671756f743b6c696e652d6865696768743a20313870783b20666f6e742d66616d696c793a2047656f726769612c2073657269663b20666f6e742d73697a653a20313670783b206261636b67726f756e642d636f6c6f723a2072676261283235352c203235352c203235352c20302e393137393639293b2671756f743b2667743b0d0a090926616d703b6e6273703b266c743b2f6c692667743b0d0a09266c743b6c69207374796c653d2671756f743b6c696e652d6865696768743a20313870783b20666f6e742d66616d696c793a2047656f726769612c2073657269663b20666f6e742d73697a653a20313670783b206261636b67726f756e642d636f6c6f723a2072676261283235352c203235352c203235352c20302e393137393639293b2671756f743b2667743b0d0a090926616d703b6e6273703b266c743b2f6c692667743b0d0a09266c743b6c69207374796c653d2671756f743b6c696e652d6865696768743a20313870783b20666f6e742d66616d696c793a2047656f726769612c2073657269663b20666f6e742d73697a653a20313670783b206261636b67726f756e642d636f6c6f723a2072676261283235352c203235352c203235352c20302e393137393639293b2671756f743b2667743b0d0a090926616d703b6e6273703b266c743b2f6c692667743b0d0a09266c743b6c69207374796c653d2671756f743b6c696e652d6865696768743a20313870783b20666f6e742d66616d696c793a2047656f726769612c2073657269663b20666f6e742d73697a653a20313670783b206261636b67726f756e642d636f6c6f723a2072676261283235352c203235352c203235352c20302e393137393639293b2671756f743b2667743b0d0a090926616d703b6e6273703b266c743b2f6c692667743b0d0a09266c743b6c69207374796c653d2671756f743b6c696e652d6865696768743a20313870783b20666f6e742d66616d696c793a2047656f726769612c2073657269663b20666f6e742d73697a653a20313670783b206261636b67726f756e642d636f6c6f723a2072676261283235352c203235352c203235352c20302e393137393639293b2671756f743b2667743b0d0a090926616d703b6e6273703b266c743b2f6c692667743b0d0a09266c743b6c69207374796c653d2671756f743b6c696e652d6865696768743a20313870783b20666f6e742d66616d696c793a2047656f726769612c2073657269663b20666f6e742d73697a653a20313670783b206261636b67726f756e642d636f6c6f723a2072676261283235352c203235352c203235352c20302e393137393639293b2671756f743b2667743b0d0a090926616d703b6e6273703b266c743b2f6c692667743b0d0a09266c743b6c69207374796c653d2671756f743b6c696e652d6865696768743a20313870783b20666f6e742d66616d696c793a2047656f726769612c2073657269663b20666f6e742d73697a653a20313670783b206261636b67726f756e642d636f6c6f723a2072676261283235352c203235352c203235352c20302e393137393639293b2671756f743b2667743b0d0a090926616d703b6e6273703b266c743b2f6c692667743b0d0a09266c743b6c69207374796c653d2671756f743b6c696e652d6865696768743a20313870783b20666f6e742d66616d696c793a2047656f726769612c2073657269663b20666f6e742d73697a653a20313670783b206261636b67726f756e642d636f6c6f723a2072676261283235352c203235352c203235352c20302e393137393639293b2671756f743b2667743b0d0a090926616d703b6e6273703b266c743b2f6c692667743b0d0a09266c743b6c69207374796c653d2671756f743b6c696e652d6865696768743a20313870783b20666f6e742d66616d696c793a2047656f726769612c2073657269663b20666f6e742d73697a653a20313670783b206261636b67726f756e642d636f6c6f723a2072676261283235352c203235352c203235352c20302e393137393639293b2671756f743b2667743b0d0a090926616d703b6e6273703b266c743b2f6c692667743b0d0a09266c743b6c69207374796c653d2671756f743b6c696e652d6865696768743a20313870783b20666f6e742d66616d696c793a2047656f726769612c2073657269663b20666f6e742d73697a653a20313670783b206261636b67726f756e642d636f6c6f723a2072676261283235352c203235352c203235352c20302e393137393639293b2671756f743b2667743b0d0a090926616d703b6e6273703b266c743b2f6c692667743b0d0a09266c743b6c69207374796c653d2671756f743b6c696e652d6865696768743a20313870783b20666f6e742d66616d696c793a2047656f726769612c2073657269663b20666f6e742d73697a653a20313670783b206261636b67726f756e642d636f6c6f723a2072676261283235352c203235352c203235352c20302e393137393639293b2671756f743b2667743b0d0a090926616d703b6e6273703b266c743b2f6c692667743b0d0a09266c743b6c692667743b0d0a090926616d703b6e6273703b266c743b2f6c692667743b0d0a266c743b2f756c2667743b0d0a);

-- --------------------------------------------------------

--
-- Table structure for table `information_to_layout`
--

CREATE TABLE IF NOT EXISTS `information_to_layout` (
  `information_id` int(11) NOT NULL,
  `store_id` int(11) NOT NULL,
  `layout_id` int(11) NOT NULL,
  PRIMARY KEY (`information_id`,`store_id`)
) ENGINE=MyISAM DEFAULT CHARSET=utf8 COLLATE=utf8_bin;

--
-- Dumping data for table `information_to_layout`
--

INSERT INTO `information_to_layout` (`information_id`, `store_id`, `layout_id`) VALUES
(6, 0, 2);

-- --------------------------------------------------------

--
-- Table structure for table `information_to_store`
--

CREATE TABLE IF NOT EXISTS `information_to_store` (
  `information_id` int(11) NOT NULL,
  `store_id` int(11) NOT NULL,
  PRIMARY KEY (`information_id`,`store_id`)
) ENGINE=MyISAM DEFAULT CHARSET=utf8 COLLATE=utf8_bin;

--
-- Dumping data for table `information_to_store`
--

INSERT INTO `information_to_store` (`information_id`, `store_id`) VALUES
(3, 0),
(4, 0),
(5, 0),
(6, 0),
(7, 0),
(8, 0),
(9, 0),
(10, 0),
(11, 0),
(12, 0),
(13, 0),
(14, 0);

-- --------------------------------------------------------

--
-- Table structure for table `language`
--

CREATE TABLE IF NOT EXISTS `language` (
  `language_id` int(11) NOT NULL AUTO_INCREMENT,
  `name` varchar(32) COLLATE utf8_bin NOT NULL DEFAULT '',
  `code` varchar(5) COLLATE utf8_bin NOT NULL,
  `locale` varchar(255) COLLATE utf8_bin NOT NULL,
  `image` varchar(64) COLLATE utf8_bin NOT NULL,
  `directory` varchar(32) COLLATE utf8_bin NOT NULL DEFAULT '',
  `filename` varchar(64) COLLATE utf8_bin NOT NULL DEFAULT '',
  `sort_order` int(3) NOT NULL DEFAULT '0',
  `status` int(1) NOT NULL,
  PRIMARY KEY (`language_id`),
  KEY `name` (`name`)
) ENGINE=MyISAM  DEFAULT CHARSET=utf8 COLLATE=utf8_bin AUTO_INCREMENT=3 ;

--
-- Dumping data for table `language`
--

INSERT INTO `language` (`language_id`, `name`, `code`, `locale`, `image`, `directory`, `filename`, `sort_order`, `status`) VALUES
(1, 'English', 'en', 'en_US.UTF-8,en_US,en-gb,english', 'gb.png', 'english', 'english', 1, 1),
(2, 'Chinese', 'cn', 'zh,zh-hk,zh-cn,zh-cn.UTF-8,cn-gb,chinese', 'cn.png', 'chinese', 'chinese', 2, 1);

-- --------------------------------------------------------

--
-- Table structure for table `layout`
--

CREATE TABLE IF NOT EXISTS `layout` (
  `layout_id` int(11) NOT NULL AUTO_INCREMENT,
  `name` varchar(64) COLLATE utf8_bin NOT NULL,
  PRIMARY KEY (`layout_id`)
) ENGINE=MyISAM  DEFAULT CHARSET=utf8 COLLATE=utf8_bin AUTO_INCREMENT=15 ;

--
-- Dumping data for table `layout`
--

INSERT INTO `layout` (`layout_id`, `name`) VALUES
(1, 'Home'),
(2, 'Product'),
(3, 'Category'),
(4, 'Default'),
(5, 'Manufacturer'),
(6, 'Account'),
(7, 'Checkout'),
(8, 'Contact'),
(9, 'Sitemap'),
(10, 'Affiliate'),
(11, 'Information'),
(12, 'Privacy Policy.'),
(13, 'Discount Coupon'),
(14, 'Search');

-- --------------------------------------------------------

--
-- Table structure for table `layout_route`
--

CREATE TABLE IF NOT EXISTS `layout_route` (
  `layout_route_id` int(11) NOT NULL AUTO_INCREMENT,
  `layout_id` int(11) NOT NULL,
  `store_id` int(11) NOT NULL,
  `route` varchar(255) COLLATE utf8_bin NOT NULL,
  PRIMARY KEY (`layout_route_id`)
) ENGINE=MyISAM  DEFAULT CHARSET=utf8 COLLATE=utf8_bin AUTO_INCREMENT=41 ;

--
-- Dumping data for table `layout_route`
--

INSERT INTO `layout_route` (`layout_route_id`, `layout_id`, `store_id`, `route`) VALUES
(30, 6, 0, 'account'),
(17, 10, 0, 'affiliate/'),
(29, 3, 0, 'product/category'),
(39, 11, 0, 'information/information'),
(33, 1, 0, 'common/home'),
(20, 2, 0, 'product/product'),
(38, 11, 0, 'product/buscharter'),
(22, 5, 0, 'product/manufacturer'),
(23, 7, 0, 'checkout/'),
(31, 8, 0, 'information/contact'),
(32, 13, 0, 'Product'),
(37, 14, 0, 'product/search'),
(40, 11, 0, 'product/airticket');

-- --------------------------------------------------------

--
-- Table structure for table `length_class`
--

CREATE TABLE IF NOT EXISTS `length_class` (
  `length_class_id` int(11) NOT NULL AUTO_INCREMENT,
  `value` decimal(15,8) NOT NULL,
  PRIMARY KEY (`length_class_id`)
) ENGINE=MyISAM  DEFAULT CHARSET=utf8 COLLATE=utf8_bin AUTO_INCREMENT=4 ;

--
-- Dumping data for table `length_class`
--

INSERT INTO `length_class` (`length_class_id`, `value`) VALUES
(1, 1.00000000),
(2, 10.00000000),
(3, 0.39370000);

-- --------------------------------------------------------

--
-- Table structure for table `length_class_description`
--

CREATE TABLE IF NOT EXISTS `length_class_description` (
  `length_class_id` int(11) NOT NULL AUTO_INCREMENT,
  `language_id` int(11) NOT NULL,
  `title` varchar(32) COLLATE utf8_bin NOT NULL,
  `unit` varchar(4) COLLATE utf8_bin NOT NULL,
  PRIMARY KEY (`length_class_id`,`language_id`)
) ENGINE=MyISAM  DEFAULT CHARSET=utf8 COLLATE=utf8_bin AUTO_INCREMENT=4 ;

--
-- Dumping data for table `length_class_description`
--

INSERT INTO `length_class_description` (`length_class_id`, `language_id`, `title`, `unit`) VALUES
(1, 1, 'Centimeter', 'cm'),
(2, 1, 'Millimeter', 'mm'),
(3, 1, 'Inch', 'in'),
(1, 2, 'Centimeter', 'cm'),
(2, 2, 'Millimeter', 'mm'),
(3, 2, 'Inch', 'in');

-- --------------------------------------------------------

--
-- Table structure for table `manufacturer`
--

CREATE TABLE IF NOT EXISTS `manufacturer` (
  `manufacturer_id` int(11) NOT NULL AUTO_INCREMENT,
  `name` varchar(64) COLLATE utf8_bin NOT NULL DEFAULT '',
  `image` varchar(255) COLLATE utf8_bin DEFAULT NULL,
  `sort_order` int(3) NOT NULL,
  PRIMARY KEY (`manufacturer_id`)
) ENGINE=MyISAM  DEFAULT CHARSET=utf8 COLLATE=utf8_bin AUTO_INCREMENT=11 ;

--
-- Dumping data for table `manufacturer`
--


-- --------------------------------------------------------

--
-- Table structure for table `manufacturer_to_store`
--

CREATE TABLE IF NOT EXISTS `manufacturer_to_store` (
  `manufacturer_id` int(11) NOT NULL,
  `store_id` int(11) NOT NULL,
  PRIMARY KEY (`manufacturer_id`,`store_id`)
) ENGINE=MyISAM DEFAULT CHARSET=utf8 COLLATE=utf8_bin;

--
-- Dumping data for table `manufacturer_to_store`
--


-- --------------------------------------------------------

--
-- Table structure for table `option`
--

CREATE TABLE IF NOT EXISTS `option` (
  `option_id` int(11) NOT NULL AUTO_INCREMENT,
  `type` varchar(32) COLLATE utf8_bin NOT NULL,
  `sort_order` int(3) NOT NULL,
  PRIMARY KEY (`option_id`)
) ENGINE=MyISAM  DEFAULT CHARSET=utf8 COLLATE=utf8_bin AUTO_INCREMENT=15 ;

--
-- Dumping data for table `option`
--

INSERT INTO `option` (`option_id`, `type`, `sort_order`) VALUES
(14, 'radio', 0),
(13, 'textarea', 1);

-- --------------------------------------------------------

--
-- Table structure for table `option_description`
--

CREATE TABLE IF NOT EXISTS `option_description` (
  `option_id` int(11) NOT NULL,
  `language_id` int(11) NOT NULL,
  `name` varchar(128) COLLATE utf8_bin NOT NULL,
  PRIMARY KEY (`option_id`,`language_id`)
) ENGINE=MyISAM DEFAULT CHARSET=utf8 COLLATE=utf8_bin;

--
-- Dumping data for table `option_description`
--

INSERT INTO `option_description` (`option_id`, `language_id`, `name`) VALUES
(13, 1, 'Traveler Name(1 per line)'),
(13, 2, '游客名称(每行一个)'),
(14, 1, 'Depart'),
(14, 2, '出发日期');

-- --------------------------------------------------------

--
-- Table structure for table `option_value`
--

CREATE TABLE IF NOT EXISTS `option_value` (
  `option_value_id` int(11) NOT NULL AUTO_INCREMENT,
  `option_id` int(11) NOT NULL,
  `sort_order` int(3) NOT NULL,
  PRIMARY KEY (`option_value_id`)
) ENGINE=MyISAM  DEFAULT CHARSET=utf8 COLLATE=utf8_bin AUTO_INCREMENT=50 ;

--
-- Dumping data for table `option_value`
--

INSERT INTO `option_value` (`option_value_id`, `option_id`, `sort_order`) VALUES
(49, 14, 0);

-- --------------------------------------------------------

--
-- Table structure for table `option_value_description`
--

CREATE TABLE IF NOT EXISTS `option_value_description` (
  `option_value_id` int(11) NOT NULL,
  `language_id` int(11) NOT NULL,
  `option_id` int(11) NOT NULL,
  `name` varchar(128) COLLATE utf8_bin NOT NULL,
  PRIMARY KEY (`option_value_id`,`language_id`)
) ENGINE=MyISAM DEFAULT CHARSET=utf8 COLLATE=utf8_bin;

--
-- Dumping data for table `option_value_description`
--

INSERT INTO `option_value_description` (`option_value_id`, `language_id`, `option_id`, `name`) VALUES
(49, 1, 14, '7:00 早上 - 135-17 40TH ROAD FLUSHING NY 11354'),
(49, 2, 14, '7:00 早上 - 135-17 40TH ROAD FLUSHING NY 11354');

-- --------------------------------------------------------

--
-- Table structure for table `order`
--

CREATE TABLE IF NOT EXISTS `order` (
  `order_id` int(11) NOT NULL AUTO_INCREMENT,
  `invoice_no` int(11) NOT NULL DEFAULT '0',
  `invoice_prefix` varchar(10) COLLATE utf8_bin NOT NULL,
  `store_id` int(11) NOT NULL DEFAULT '0',
  `store_name` varchar(64) COLLATE utf8_bin NOT NULL,
  `store_url` varchar(255) COLLATE utf8_bin NOT NULL,
  `customer_id` int(11) NOT NULL DEFAULT '0',
  `customer_group_id` int(11) NOT NULL DEFAULT '0',
  `firstname` varchar(32) COLLATE utf8_bin NOT NULL DEFAULT '',
  `lastname` varchar(32) COLLATE utf8_bin NOT NULL,
  `email` varchar(96) COLLATE utf8_bin NOT NULL,
  `telephone` varchar(32) COLLATE utf8_bin NOT NULL DEFAULT '',
  `fax` varchar(32) COLLATE utf8_bin NOT NULL DEFAULT '',
  `shipping_firstname` varchar(32) COLLATE utf8_bin NOT NULL,
  `shipping_lastname` varchar(32) COLLATE utf8_bin NOT NULL DEFAULT '',
  `shipping_company` varchar(32) COLLATE utf8_bin NOT NULL,
  `shipping_address_1` varchar(128) COLLATE utf8_bin NOT NULL,
  `shipping_address_2` varchar(128) COLLATE utf8_bin NOT NULL,
  `shipping_city` varchar(128) COLLATE utf8_bin NOT NULL,
  `shipping_postcode` varchar(10) COLLATE utf8_bin NOT NULL DEFAULT '',
  `shipping_country` varchar(128) COLLATE utf8_bin NOT NULL,
  `shipping_country_id` int(11) NOT NULL,
  `shipping_zone` varchar(128) COLLATE utf8_bin NOT NULL,
  `shipping_zone_id` int(11) NOT NULL,
  `shipping_address_format` text COLLATE utf8_bin NOT NULL,
  `shipping_method` varchar(128) COLLATE utf8_bin NOT NULL DEFAULT '',
  `payment_firstname` varchar(32) COLLATE utf8_bin NOT NULL DEFAULT '',
  `payment_lastname` varchar(32) COLLATE utf8_bin NOT NULL DEFAULT '',
  `payment_company` varchar(32) COLLATE utf8_bin NOT NULL,
  `payment_address_1` varchar(128) COLLATE utf8_bin NOT NULL,
  `payment_address_2` varchar(128) COLLATE utf8_bin NOT NULL,
  `payment_city` varchar(128) COLLATE utf8_bin NOT NULL,
  `payment_postcode` varchar(10) COLLATE utf8_bin NOT NULL DEFAULT '',
  `payment_country` varchar(128) COLLATE utf8_bin NOT NULL,
  `payment_country_id` int(11) NOT NULL,
  `payment_zone` varchar(128) COLLATE utf8_bin NOT NULL,
  `payment_zone_id` int(11) NOT NULL,
  `payment_address_format` text COLLATE utf8_bin NOT NULL,
  `payment_method` varchar(128) COLLATE utf8_bin NOT NULL DEFAULT '',
  `comment` text COLLATE utf8_bin NOT NULL,
  `total` decimal(15,4) NOT NULL DEFAULT '0.0000',
  `reward` int(8) NOT NULL,
  `order_status_id` int(11) NOT NULL DEFAULT '0',
  `affiliate_id` int(11) NOT NULL,
  `commission` decimal(15,4) NOT NULL,
  `language_id` int(11) NOT NULL,
  `currency_id` int(11) NOT NULL,
  `currency_code` varchar(3) COLLATE utf8_bin NOT NULL,
  `currency_value` decimal(15,8) NOT NULL,
  `date_added` datetime NOT NULL,
  `date_modified` datetime NOT NULL,
  `ip` varchar(15) COLLATE utf8_bin NOT NULL DEFAULT '',
  PRIMARY KEY (`order_id`)
) ENGINE=MyISAM  DEFAULT CHARSET=utf8 COLLATE=utf8_bin AUTO_INCREMENT=194 ;

--
-- Dumping data for table `order`
--

INSERT INTO `order` (`order_id`, `invoice_no`, `invoice_prefix`, `store_id`, `store_name`, `store_url`, `customer_id`, `customer_group_id`, `firstname`, `lastname`, `email`, `telephone`, `fax`, `shipping_firstname`, `shipping_lastname`, `shipping_company`, `shipping_address_1`, `shipping_address_2`, `shipping_city`, `shipping_postcode`, `shipping_country`, `shipping_country_id`, `shipping_zone`, `shipping_zone_id`, `shipping_address_format`, `shipping_method`, `payment_firstname`, `payment_lastname`, `payment_company`, `payment_address_1`, `payment_address_2`, `payment_city`, `payment_postcode`, `payment_country`, `payment_country_id`, `payment_zone`, `payment_zone_id`, `payment_address_format`, `payment_method`, `comment`, `total`, `reward`, `order_status_id`, `affiliate_id`, `commission`, `language_id`, `currency_id`, `currency_code`, `currency_value`, `date_added`, `date_modified`, `ip`) VALUES
(1, 1, '', 0, 'Your Store', 'http://localhost/Opensource/opencart_1.5/', 1, 8, 'Samuel', 'Yu', 'ephraimju@gmail.com', '3476383407', '', '', '', '', '', '', '', '', '', 0, '', 0, '', '', 'Samuel', 'Yu', '', '33 PLAINFIELD ST APT 2', '', 'New York', '10212', 'United States', 223, 'New York', 3655, 0x7b66697273746e616d657d207b6c6173746e616d657d0d0a7b636f6d70616e797d0d0a7b616464726573735f317d0d0a7b616464726573735f327d0d0a7b636974797d2c207b7a6f6e657d207b706f7374636f64657d0d0a7b636f756e7472797d, 'Cash On Delivery', '', 90.0000, 1, 3, 0, 0.0000, 1, 2, 'USD', 1.00000000, '2011-06-23 17:42:55', '2011-06-23 17:44:03', '127.0.0.1'),
(2, 0, '', 0, 'Your Store', 'http://localhost/Opensource/opencart_1.5/', 1, 8, 'Samuel', 'Yu', 'ephraimju@gmail.com', '3476383407', '', '', '', '', '', '', '', '', '', 0, '', 0, '', '', 'Samuel', 'Yu', '', '33 PLAINFIELD ST APT 2', '', 'New York', '10212', 'United States', 223, 'New York', 3655, 0x7b66697273746e616d657d207b6c6173746e616d657d0d0a7b636f6d70616e797d0d0a7b616464726573735f317d0d0a7b616464726573735f327d0d0a7b636974797d2c207b7a6f6e657d207b706f7374636f64657d0d0a7b636f756e7472797d, 'Cash On Delivery', '', 90.0000, 1, 0, 0, 0.0000, 1, 2, 'USD', 1.00000000, '2011-06-23 17:45:31', '2011-06-23 17:45:31', '127.0.0.1'),
(3, 2, '', 0, 'Your Store', 'http://localhost/Opensource/opencart_1.5/', 1, 8, 'Samuel', 'Yu', 'ephraimju@gmail.com', '3476383407', '', '', '', '', '', '', '', '', '', 0, '', 0, '', '', 'Samuel', 'Yu', '', '33 PLAINFIELD ST APT 2', '', 'New York', '10212', 'United States', 223, 'New York', 3655, 0x7b66697273746e616d657d207b6c6173746e616d657d0d0a7b636f6d70616e797d0d0a7b616464726573735f317d0d0a7b616464726573735f327d0d0a7b636974797d2c207b7a6f6e657d207b706f7374636f64657d0d0a7b636f756e7472797d, 'Cash On Delivery', '', 81.0000, 1, 3, 0, 0.0000, 1, 2, 'USD', 1.00000000, '2011-06-23 17:46:16', '2011-06-23 17:50:35', '127.0.0.1'),
(5, 0, '', 0, 'Your Store', 'http://localhost/Opensource/opencart_1.5/', 1, 8, 'Samuel', 'Yu', 'ephraimju@gmail.com', '3476383407', '', '', '', '', '', '', '', '', '', 0, '', 0, '', '', 'Samuel', 'Yu', '', '33 PLAINFIELD ST APT 2', '', 'New York', '10212', 'United States', 223, 'New York', 3655, 0x7b66697273746e616d657d207b6c6173746e616d657d0d0a7b636f6d70616e797d0d0a7b616464726573735f317d0d0a7b616464726573735f327d0d0a7b636974797d2c207b7a6f6e657d207b706f7374636f64657d0d0a7b636f756e7472797d, 'PayPal', '', 90.0000, 1, 0, 0, 0.0000, 1, 2, 'USD', 1.00000000, '2011-06-23 17:57:43', '2011-06-23 17:57:43', '127.0.0.1'),
(6, 0, '', 0, 'Your Store', 'http://localhost/Opensource/opencart_1.5/', 1, 8, 'Samuel', 'Yu', 'ephraimju@gmail.com', '3476383407', '', '', '', '', '', '', '', '', '', 0, '', 0, '', '', 'Samuel', 'Yu', '', '33 PLAINFIELD ST APT 2', '', 'New York', '10212', 'United States', 223, 'New York', 3655, 0x7b66697273746e616d657d207b6c6173746e616d657d0d0a7b636f6d70616e797d0d0a7b616464726573735f317d0d0a7b616464726573735f327d0d0a7b636974797d2c207b7a6f6e657d207b706f7374636f64657d0d0a7b636f756e7472797d, 'PayPal', '', 90.0000, 1, 0, 0, 0.0000, 1, 2, 'USD', 1.00000000, '2011-06-23 17:58:32', '2011-06-23 17:58:32', '127.0.0.1'),
(9, 0, '', 0, '美国旅游 America Travel', 'http://127.0.0.1/Opensource/opencart_1.5/', 1, 8, 'Samuel', 'Yu', 'ephraimju@gmail.com', '3476383407', '', '', '', '', '', '', '', '', '', 0, '', 0, '', '', 'Samuel', 'Yu', '', '33 PLAINFIELD ST APT 2', '', 'New York', '10212', 'United States', 223, 'New York', 3655, 0x7b66697273746e616d657d207b6c6173746e616d657d0d0a7b636f6d70616e797d0d0a7b616464726573735f317d0d0a7b616464726573735f327d0d0a7b636974797d2c207b7a6f6e657d207b706f7374636f64657d0d0a7b636f756e7472797d, 'PayPal', '', 1000.0000, 1, 0, 0, 0.0000, 2, 2, 'USD', 1.00000000, '2011-09-30 09:28:42', '2011-09-30 09:28:42', '127.0.0.1'),
(10, 0, '', 0, '美国旅游 America Travel', 'http://127.0.0.1/Opensource/opencart_1.5/', 1, 8, 'Samuel', 'Yu', 'ephraimju@gmail.com', '3476383407', '', '', '', '', '', '', '', '', '', 0, '', 0, '', '', 'Samuel', 'Yu', '', '33 PLAINFIELD ST APT 2', '', 'New York', '10212', 'United States', 223, 'New York', 3655, 0x7b66697273746e616d657d207b6c6173746e616d657d0d0a7b636f6d70616e797d0d0a7b616464726573735f317d0d0a7b616464726573735f327d0d0a7b636974797d2c207b7a6f6e657d207b706f7374636f64657d0d0a7b636f756e7472797d, 'PayPal', '', 1701.0000, 1, 0, 0, 0.0000, 2, 2, 'USD', 1.00000000, '2011-10-03 14:02:55', '2011-10-03 14:02:55', '127.0.0.1'),
(11, 0, '', 0, '美国旅游 America Travel', 'http://127.0.0.1/Opensource/opencart_1.5/', 1, 8, 'Samuel', 'Yu', 'ephraimju@gmail.com', '3476383407', '', '', '', '', '', '', '', '', '', 0, '', 0, '', '', 'Samuel', 'Yu', '', '33 PLAINFIELD ST APT 2', '', 'New York', '10212', 'United States', 223, 'New York', 3655, 0x7b66697273746e616d657d207b6c6173746e616d657d0d0a7b636f6d70616e797d0d0a7b616464726573735f317d0d0a7b616464726573735f327d0d0a7b636974797d2c207b7a6f6e657d207b706f7374636f64657d0d0a7b636f756e7472797d, 'PayPal', '', 1700.0000, 1, 0, 0, 0.0000, 2, 2, 'USD', 1.00000000, '2011-10-03 14:08:18', '2011-10-03 14:08:18', '127.0.0.1'),
(12, 0, '', 0, '美国旅游 America Travel', 'http://127.0.0.1/Opensource/opencart_1.5/', 1, 8, 'Samuel', 'Yu', 'ephraimju@gmail.com', '3476383407', '', '', '', '', '', '', '', '', '', 0, '', 0, '', '', 'Samuel', 'Yu', '', '33 PLAINFIELD ST APT 2', '', 'New York', '10212', 'United States', 223, 'New York', 3655, 0x7b66697273746e616d657d207b6c6173746e616d657d0d0a7b636f6d70616e797d0d0a7b616464726573735f317d0d0a7b616464726573735f327d0d0a7b636974797d2c207b7a6f6e657d207b706f7374636f64657d0d0a7b636f756e7472797d, 'PayPal', '', 1700.0000, 1, 0, 0, 0.0000, 2, 2, 'USD', 1.00000000, '2011-10-03 14:08:43', '2011-10-03 14:08:43', '127.0.0.1'),
(13, 0, '', 0, '美国旅游 America Travel', 'http://127.0.0.1/Opensource/opencart_1.5/', 1, 8, 'Samuel', 'Yu', 'ephraimju@gmail.com', '3476383407', '', '', '', '', '', '', '', '', '', 0, '', 0, '', '', 'Samuel', 'Yu', '', '33 PLAINFIELD ST APT 2', '', 'New York', '10212', 'United States', 223, 'New York', 3655, 0x7b66697273746e616d657d207b6c6173746e616d657d0d0a7b636f6d70616e797d0d0a7b616464726573735f317d0d0a7b616464726573735f327d0d0a7b636974797d2c207b7a6f6e657d207b706f7374636f64657d0d0a7b636f756e7472797d, 'PayPal', '', 1700.0000, 1, 0, 0, 0.0000, 2, 2, 'USD', 1.00000000, '2011-10-03 14:10:01', '2011-10-03 14:10:01', '127.0.0.1'),
(14, 0, '', 0, '美国旅游 America Travel', 'http://127.0.0.1/Opensource/opencart_1.5/', 1, 8, 'Samuel', 'Yu', 'ephraimju@gmail.com', '3476383407', '', '', '', '', '', '', '', '', '', 0, '', 0, '', '', 'Samuel', 'Yu', '', '33 PLAINFIELD ST APT 2', '', 'New York', '10212', 'United States', 223, 'New York', 3655, 0x7b66697273746e616d657d207b6c6173746e616d657d0d0a7b636f6d70616e797d0d0a7b616464726573735f317d0d0a7b616464726573735f327d0d0a7b636974797d2c207b7a6f6e657d207b706f7374636f64657d0d0a7b636f756e7472797d, 'PayPal', '', 1700.0000, 1, 0, 0, 0.0000, 2, 2, 'USD', 1.00000000, '2011-10-03 14:11:44', '2011-10-03 14:11:44', '127.0.0.1'),
(15, 0, '', 0, '美国旅游 America Travel', 'http://127.0.0.1/Opensource/opencart_1.5/', 1, 8, 'Samuel', 'Yu', 'ephraimju@gmail.com', '3476383407', '', '', '', '', '', '', '', '', '', 0, '', 0, '', '', 'Samuel', 'Yu', '', '33 PLAINFIELD ST APT 2', '', 'New York', '10212', 'United States', 223, 'New York', 3655, 0x7b66697273746e616d657d207b6c6173746e616d657d0d0a7b636f6d70616e797d0d0a7b616464726573735f317d0d0a7b616464726573735f327d0d0a7b636974797d2c207b7a6f6e657d207b706f7374636f64657d0d0a7b636f756e7472797d, 'PayPal', '', 1700.0000, 1, 0, 0, 0.0000, 2, 2, 'USD', 1.00000000, '2011-10-03 14:12:32', '2011-10-03 14:12:32', '127.0.0.1'),
(16, 0, '', 0, '美国旅游 America Travel', 'http://127.0.0.1/Opensource/opencart_1.5/', 1, 8, 'Samuel', 'Yu', 'ephraimju@gmail.com', '3476383407', '', '', '', '', '', '', '', '', '', 0, '', 0, '', '', 'Samuel', 'Yu', '', '33 PLAINFIELD ST APT 2', '', 'New York', '10212', 'United States', 223, 'New York', 3655, 0x7b66697273746e616d657d207b6c6173746e616d657d0d0a7b636f6d70616e797d0d0a7b616464726573735f317d0d0a7b616464726573735f327d0d0a7b636974797d2c207b7a6f6e657d207b706f7374636f64657d0d0a7b636f756e7472797d, 'PayPal', '', 1700.0000, 1, 0, 0, 0.0000, 2, 2, 'USD', 1.00000000, '2011-10-03 14:13:11', '2011-10-03 14:13:11', '127.0.0.1'),
(17, 0, '', 0, '美国旅游 America Travel', 'http://127.0.0.1/Opensource/opencart_1.5/', 1, 8, 'Samuel', 'Yu', 'ephraimju@gmail.com', '3476383407', '', '', '', '', '', '', '', '', '', 0, '', 0, '', '', 'Samuel', 'Yu', '', '33 PLAINFIELD ST APT 2', '', 'New York', '10212', 'United States', 223, 'New York', 3655, 0x7b66697273746e616d657d207b6c6173746e616d657d0d0a7b636f6d70616e797d0d0a7b616464726573735f317d0d0a7b616464726573735f327d0d0a7b636974797d2c207b7a6f6e657d207b706f7374636f64657d0d0a7b636f756e7472797d, 'PayPal', '', 1700.0000, 1, 0, 0, 0.0000, 2, 2, 'USD', 1.00000000, '2011-10-03 14:13:34', '2011-10-03 14:13:34', '127.0.0.1'),
(18, 0, '', 0, '美国旅游 America Travel', 'http://127.0.0.1/Opensource/opencart_1.5/', 1, 8, 'Samuel', 'Yu', 'ephraimju@gmail.com', '3476383407', '', '', '', '', '', '', '', '', '', 0, '', 0, '', '', 'Samuel', 'Yu', '', '33 PLAINFIELD ST APT 2', '', 'New York', '10212', 'United States', 223, 'New York', 3655, 0x7b66697273746e616d657d207b6c6173746e616d657d0d0a7b636f6d70616e797d0d0a7b616464726573735f317d0d0a7b616464726573735f327d0d0a7b636974797d2c207b7a6f6e657d207b706f7374636f64657d0d0a7b636f756e7472797d, 'PayPal', '', 1700.0000, 1, 0, 0, 0.0000, 2, 2, 'USD', 1.00000000, '2011-10-03 14:18:20', '2011-10-03 14:18:20', '127.0.0.1'),
(19, 0, '', 0, '美国旅游 America Travel', 'http://127.0.0.1/Opensource/opencart_1.5/', 1, 8, 'Samuel', 'Yu', 'ephraimju@gmail.com', '3476383407', '', '', '', '', '', '', '', '', '', 0, '', 0, '', '', 'Samuel', 'Yu', '', '33 PLAINFIELD ST APT 2', '', 'New York', '10212', 'United States', 223, 'New York', 3655, 0x7b66697273746e616d657d207b6c6173746e616d657d0d0a7b636f6d70616e797d0d0a7b616464726573735f317d0d0a7b616464726573735f327d0d0a7b636974797d2c207b7a6f6e657d207b706f7374636f64657d0d0a7b636f756e7472797d, 'PayPal', '', 1700.0000, 1, 0, 0, 0.0000, 2, 2, 'USD', 1.00000000, '2011-10-03 14:24:37', '2011-10-03 14:24:37', '127.0.0.1'),
(20, 0, '', 0, '美国旅游 America Travel', 'http://127.0.0.1/Opensource/opencart_1.5/', 1, 8, 'Samuel', 'Yu', 'ephraimju@gmail.com', '3476383407', '', '', '', '', '', '', '', '', '', 0, '', 0, '', '', 'Samuel', 'Yu', '', '33 PLAINFIELD ST APT 2', '', 'New York', '10212', 'United States', 223, 'New York', 3655, 0x7b66697273746e616d657d207b6c6173746e616d657d0d0a7b636f6d70616e797d0d0a7b616464726573735f317d0d0a7b616464726573735f327d0d0a7b636974797d2c207b7a6f6e657d207b706f7374636f64657d0d0a7b636f756e7472797d, 'PayPal', '', 1700.0000, 1, 0, 0, 0.0000, 2, 2, 'USD', 1.00000000, '2011-10-03 14:32:01', '2011-10-03 14:32:01', '127.0.0.1'),
(21, 0, '', 0, '美国旅游 America Travel', 'http://127.0.0.1/Opensource/opencart_1.5/', 1, 8, 'Samuel', 'Yu', 'ephraimju@gmail.com', '3476383407', '', '', '', '', '', '', '', '', '', 0, '', 0, '', '', 'Samuel', 'Yu', '', '33 PLAINFIELD ST APT 2', '', 'New York', '10212', 'United States', 223, 'New York', 3655, 0x7b66697273746e616d657d207b6c6173746e616d657d0d0a7b636f6d70616e797d0d0a7b616464726573735f317d0d0a7b616464726573735f327d0d0a7b636974797d2c207b7a6f6e657d207b706f7374636f64657d0d0a7b636f756e7472797d, 'PayPal', '', 1700.0000, 1, 0, 0, 0.0000, 2, 2, 'USD', 1.00000000, '2011-10-03 14:32:38', '2011-10-03 14:32:38', '127.0.0.1'),
(22, 0, '', 0, '美国旅游 America Travel', 'http://127.0.0.1/Opensource/opencart_1.5/', 1, 8, 'Samuel', 'Yu', 'ephraimju@gmail.com', '3476383407', '', '', '', '', '', '', '', '', '', 0, '', 0, '', '', 'Samuel', 'Yu', '', '33 PLAINFIELD ST APT 2', '', 'New York', '10212', 'United States', 223, 'New York', 3655, 0x7b66697273746e616d657d207b6c6173746e616d657d0d0a7b636f6d70616e797d0d0a7b616464726573735f317d0d0a7b616464726573735f327d0d0a7b636974797d2c207b7a6f6e657d207b706f7374636f64657d0d0a7b636f756e7472797d, 'PayPal', '', 1700.0000, 1, 0, 0, 0.0000, 2, 2, 'USD', 1.00000000, '2011-10-03 14:32:54', '2011-10-03 14:32:54', '127.0.0.1'),
(23, 0, '', 0, '美国旅游 America Travel', 'http://127.0.0.1/Opensource/opencart_1.5/', 1, 8, 'Samuel', 'Yu', 'ephraimju@gmail.com', '3476383407', '', '', '', '', '', '', '', '', '', 0, '', 0, '', '', 'Samuel', 'Yu', '', '33 PLAINFIELD ST APT 2', '', 'New York', '10212', 'United States', 223, 'New York', 3655, 0x7b66697273746e616d657d207b6c6173746e616d657d0d0a7b636f6d70616e797d0d0a7b616464726573735f317d0d0a7b616464726573735f327d0d0a7b636974797d2c207b7a6f6e657d207b706f7374636f64657d0d0a7b636f756e7472797d, 'PayPal', '', 1700.0000, 1, 0, 0, 0.0000, 2, 2, 'USD', 1.00000000, '2011-10-03 14:37:56', '2011-10-03 14:37:56', '127.0.0.1'),
(24, 0, '', 0, '美国旅游 America Travel', 'http://127.0.0.1/Opensource/opencart_1.5/', 1, 8, 'Samuel', 'Yu', 'ephraimju@gmail.com', '3476383407', '', '', '', '', '', '', '', '', '', 0, '', 0, '', '', 'Samuel', 'Yu', '', '33 PLAINFIELD ST APT 2', '', 'New York', '10212', 'United States', 223, 'New York', 3655, 0x7b66697273746e616d657d207b6c6173746e616d657d0d0a7b636f6d70616e797d0d0a7b616464726573735f317d0d0a7b616464726573735f327d0d0a7b636974797d2c207b7a6f6e657d207b706f7374636f64657d0d0a7b636f756e7472797d, 'PayPal', '', 1529.9983, 1, 0, 0, 0.0000, 2, 2, 'USD', 1.00000000, '2011-10-03 14:41:23', '2011-10-03 14:41:23', '127.0.0.1'),
(25, 0, '', 0, '美国旅游 America Travel', 'http://127.0.0.1/Opensource/opencart_1.5/', 1, 8, 'Samuel', 'Yu', 'ephraimju@gmail.com', '3476383407', '', '', '', '', '', '', '', '', '', 0, '', 0, '', '', 'Samuel', 'Yu', '', '33 PLAINFIELD ST APT 2', '', 'New York', '10212', 'United States', 223, 'New York', 3655, 0x7b66697273746e616d657d207b6c6173746e616d657d0d0a7b636f6d70616e797d0d0a7b616464726573735f317d0d0a7b616464726573735f327d0d0a7b636974797d2c207b7a6f6e657d207b706f7374636f64657d0d0a7b636f756e7472797d, 'PayPal', '', 3060.0000, 1, 0, 0, 0.0000, 2, 2, 'USD', 1.00000000, '2011-10-04 14:56:53', '2011-10-04 14:56:53', '127.0.0.1'),
(26, 0, '', 0, '美国旅游 America Travel', 'http://127.0.0.1/Opensource/opencart_1.5/', 1, 8, 'Samuel', 'Yu', 'ephraimju@gmail.com', '3476383407', '', '', '', '', '', '', '', '', '', 0, '', 0, '', '', 'Samuel', 'Yu', '', '33 PLAINFIELD ST APT 2', '', 'New York', '10212', 'United States', 223, 'New York', 3655, 0x7b66697273746e616d657d207b6c6173746e616d657d0d0a7b636f6d70616e797d0d0a7b616464726573735f317d0d0a7b616464726573735f327d0d0a7b636974797d2c207b7a6f6e657d207b706f7374636f64657d0d0a7b636f756e7472797d, 'PayPal', '', 3060.0000, 1, 0, 0, 0.0000, 2, 2, 'USD', 1.00000000, '2011-10-04 14:57:32', '2011-10-04 14:57:32', '127.0.0.1'),
(27, 0, '', 0, '美国旅游 America Travel', 'http://127.0.0.1/Opensource/opencart_1.5/', 1, 8, 'Samuel', 'Yu', 'ephraimju@gmail.com', '3476383407', '', '', '', '', '', '', '', '', '', 0, '', 0, '', '', 'Samuel', 'Yu', '', '33 PLAINFIELD ST APT 2', '', 'New York', '10212', 'United States', 223, 'New York', 3655, 0x7b66697273746e616d657d207b6c6173746e616d657d0d0a7b636f6d70616e797d0d0a7b616464726573735f317d0d0a7b616464726573735f327d0d0a7b636974797d2c207b7a6f6e657d207b706f7374636f64657d0d0a7b636f756e7472797d, 'PayPal', '', 3060.0000, 1, 0, 0, 0.0000, 2, 2, 'USD', 1.00000000, '2011-10-04 14:59:03', '2011-10-04 14:59:03', '127.0.0.1'),
(28, 0, '', 0, '美国旅游 America Travel', 'http://127.0.0.1/Opensource/opencart_1.5/', 1, 8, 'Samuel', 'Yu', 'ephraimju@gmail.com', '3476383407', '', '', '', '', '', '', '', '', '', 0, '', 0, '', '', 'Samuel', 'Yu', '', '33 PLAINFIELD ST APT 2', '', 'New York', '10212', 'United States', 223, 'New York', 3655, 0x7b66697273746e616d657d207b6c6173746e616d657d0d0a7b636f6d70616e797d0d0a7b616464726573735f317d0d0a7b616464726573735f327d0d0a7b636974797d2c207b7a6f6e657d207b706f7374636f64657d0d0a7b636f756e7472797d, 'PayPal', '', 3060.0000, 1, 0, 0, 0.0000, 2, 2, 'USD', 1.00000000, '2011-10-04 15:00:59', '2011-10-04 15:00:59', '127.0.0.1'),
(29, 0, '', 0, '美国旅游 America Travel', 'http://127.0.0.1/Opensource/opencart_1.5/', 1, 8, 'Samuel', 'Yu', 'ephraimju@gmail.com', '3476383407', '', '', '', '', '', '', '', '', '', 0, '', 0, '', '', 'Samuel', 'Yu', '', '33 PLAINFIELD ST APT 2', '', 'New York', '10212', 'United States', 223, 'New York', 3655, 0x7b66697273746e616d657d207b6c6173746e616d657d0d0a7b636f6d70616e797d0d0a7b616464726573735f317d0d0a7b616464726573735f327d0d0a7b636974797d2c207b7a6f6e657d207b706f7374636f64657d0d0a7b636f756e7472797d, 'PayPal', '', 3060.0000, 1, 0, 0, 0.0000, 2, 2, 'USD', 1.00000000, '2011-10-04 15:01:08', '2011-10-04 15:01:08', '127.0.0.1'),
(30, 0, '', 0, '美国旅游 America Travel', 'http://127.0.0.1/Opensource/opencart_1.5/', 1, 8, 'Samuel', 'Yu', 'ephraimju@gmail.com', '3476383407', '', '', '', '', '', '', '', '', '', 0, '', 0, '', '', 'Samuel', 'Yu', '', '33 PLAINFIELD ST APT 2', '', 'New York', '10212', 'United States', 223, 'New York', 3655, 0x7b66697273746e616d657d207b6c6173746e616d657d0d0a7b636f6d70616e797d0d0a7b616464726573735f317d0d0a7b616464726573735f327d0d0a7b636974797d2c207b7a6f6e657d207b706f7374636f64657d0d0a7b636f756e7472797d, 'PayPal', '', 1530.0000, 1, 0, 0, 0.0000, 2, 2, 'USD', 1.00000000, '2011-10-04 15:07:05', '2011-10-04 15:07:05', '127.0.0.1'),
(31, 0, '', 0, '美国旅游 America Travel', 'http://127.0.0.1/Opensource/opencart_1.5/', 1, 8, 'Samuel', 'Yu', 'ephraimju@gmail.com', '3476383407', '', '', '', '', '', '', '', '', '', 0, '', 0, '', '', 'Samuel', 'Yu', '', '33 PLAINFIELD ST APT 2', '', 'New York', '10212', 'United States', 223, 'New York', 3655, 0x7b66697273746e616d657d207b6c6173746e616d657d0d0a7b636f6d70616e797d0d0a7b616464726573735f317d0d0a7b616464726573735f327d0d0a7b636974797d2c207b7a6f6e657d207b706f7374636f64657d0d0a7b636f756e7472797d, 'PayPal', '', 1530.0000, 1, 0, 0, 0.0000, 2, 2, 'USD', 1.00000000, '2011-10-04 15:10:53', '2011-10-04 15:10:53', '127.0.0.1'),
(32, 0, '', 0, '美国旅游 America Travel', 'http://127.0.0.1/Opensource/opencart_1.5/', 1, 8, 'Samuel', 'Yu', 'ephraimju@gmail.com', '3476383407', '', '', '', '', '', '', '', '', '', 0, '', 0, '', '', 'Samuel', 'Yu', '', '33 PLAINFIELD ST APT 2', '', 'New York', '10212', 'United States', 223, 'New York', 3655, 0x7b66697273746e616d657d207b6c6173746e616d657d0d0a7b636f6d70616e797d0d0a7b616464726573735f317d0d0a7b616464726573735f327d0d0a7b636974797d2c207b7a6f6e657d207b706f7374636f64657d0d0a7b636f756e7472797d, 'PayPal', '', 540.0000, 1, 0, 0, 0.0000, 2, 2, 'USD', 1.00000000, '2011-10-04 16:37:41', '2011-10-04 16:37:41', '127.0.0.1'),
(33, 0, '', 0, '美国旅游 America Travel', 'http://127.0.0.1/Opensource/opencart_1.5/', 1, 8, 'Samuel', 'Yu', 'ephraimju@gmail.com', '3476383407', '', '', '', '', '', '', '', '', '', 0, '', 0, '', '', 'Samuel', 'Yu', '', '33 PLAINFIELD ST APT 2', '', 'New York', '10212', 'United States', 223, 'New York', 3655, 0x7b66697273746e616d657d207b6c6173746e616d657d0d0a7b636f6d70616e797d0d0a7b616464726573735f317d0d0a7b616464726573735f327d0d0a7b636974797d2c207b7a6f6e657d207b706f7374636f64657d0d0a7b636f756e7472797d, 'PayPal', '', 540.0000, 1, 0, 0, 0.0000, 2, 2, 'USD', 1.00000000, '2011-10-04 16:38:55', '2011-10-04 16:38:55', '127.0.0.1'),
(34, 0, '', 0, '美国旅游 America Travel', 'http://127.0.0.1/Opensource/opencart_1.5/', 1, 8, 'Samuel', 'Yu', 'ephraimju@gmail.com', '3476383407', '', '', '', '', '', '', '', '', '', 0, '', 0, '', '', 'Samuel', 'Yu', '', '33 PLAINFIELD ST APT 2', '', 'New York', '10212', 'United States', 223, 'New York', 3655, 0x7b66697273746e616d657d207b6c6173746e616d657d0d0a7b636f6d70616e797d0d0a7b616464726573735f317d0d0a7b616464726573735f327d0d0a7b636974797d2c207b7a6f6e657d207b706f7374636f64657d0d0a7b636f756e7472797d, 'PayPal', '', 540.0000, 1, 0, 0, 0.0000, 2, 2, 'USD', 1.00000000, '2011-10-04 16:39:28', '2011-10-04 16:39:28', '127.0.0.1'),
(50, 0, '', 0, '美国娱乐旅行社 USA4FUN.com', 'http://nycsupermall.com/test/', 1, 8, 'Samuel', 'Yu', 'ephraimju@gmail.com', '3476383407', '', '', '', '', '', '', '', '', '', 0, '', 0, '', '', 'Samuel', 'Yu', '', '33 PLAINFIELD ST APT 2', '', 'New York', '10212', 'United States', 223, 'New York', 3655, 0x7b66697273746e616d657d207b6c6173746e616d657d0d0a7b636f6d70616e797d0d0a7b616464726573735f317d0d0a7b616464726573735f327d0d0a7b636974797d2c207b7a6f6e657d207b706f7374636f64657d0d0a7b636f756e7472797d, 'PayPal', '', 628.0000, 1, 0, 0, 0.0000, 2, 2, 'USD', 1.00000000, '2012-01-06 09:49:55', '2012-01-06 09:49:55', '65.46.73.46'),
(51, 0, '', 0, '美国娱乐旅行社 USA4FUN.com', 'http://nycsupermall.com/test/', 1, 8, 'Samuel', 'Yu', 'ephraimju@gmail.com', '3476383407', '', '', '', '', '', '', '', '', '', 0, '', 0, '', '', 'Samuel', 'Yu', '', '33 PLAINFIELD ST APT 2', '', 'New York', '10212', 'United States', 223, 'New York', 3655, 0x7b66697273746e616d657d207b6c6173746e616d657d0d0a7b636f6d70616e797d0d0a7b616464726573735f317d0d0a7b616464726573735f327d0d0a7b636974797d2c207b7a6f6e657d207b706f7374636f64657d0d0a7b636f756e7472797d, 'PayPal', '', 648.0000, 2, 0, 0, 0.0000, 2, 2, 'USD', 1.00000000, '2012-01-06 09:51:08', '2012-01-06 09:51:08', '65.46.73.46'),
(38, 0, '', 0, '美国旅游 America Travel', 'http://127.0.0.1/Opensource/opencart_1.5/', 1, 8, 'Samuel', 'Yu', 'ephraimju@gmail.com', '3476383407', '', '', '', '', '', '', '', '', '', 0, '', 0, '', '', 'Samuel', 'Yu', '', '33 PLAINFIELD ST APT 2', '', 'New York', '10212', 'United States', 223, 'New York', 3655, 0x7b66697273746e616d657d207b6c6173746e616d657d0d0a7b636f6d70616e797d0d0a7b616464726573735f317d0d0a7b616464726573735f327d0d0a7b636974797d2c207b7a6f6e657d207b706f7374636f64657d0d0a7b636f756e7472797d, 'Cash On Delivery', '', 2400.0000, 1, 0, 0, 0.0000, 1, 2, 'USD', 1.00000000, '2011-10-05 10:48:57', '2011-10-05 10:48:57', '127.0.0.1'),
(39, 0, '', 0, '美国旅游 America Travel', 'http://nycsupermall.com/test/', 2, 8, 'man ', 'poon', 'nycpoon@yahoo.com', '646-918-2788', '', '', '', '', '', '', '', '', '', 0, '', 0, '', '', 'man ', 'poon', 'USA 4 Fun', '525 fdr dri #10', '', 'New York', '10002', 'United States', 223, 'New York', 3655, 0x7b66697273746e616d657d207b6c6173746e616d657d0d0a7b636f6d70616e797d0d0a7b616464726573735f317d0d0a7b616464726573735f327d0d0a7b636974797d2c207b7a6f6e657d207b706f7374636f64657d0d0a7b636f756e7472797d, 'PayPal', '', 123.0000, 1, 0, 0, 0.0000, 1, 2, 'USD', 1.00000000, '2011-11-01 00:29:27', '2011-11-01 00:29:27', '68.175.23.76'),
(40, 0, '', 0, '美国旅游 America Travel', 'http://nycsupermall.com/test/', 0, 8, 'll', 'llll', 'iii@gmail.com', '4150020001', '', '', '', '', '', '', '', '', '', 0, '', 0, '', '', 'll', 'llll', 'xx', '25 4th st', '', 'SF', '94105', 'United States', 223, 'California', 3624, 0x7b66697273746e616d657d207b6c6173746e616d657d0d0a7b636f6d70616e797d0d0a7b616464726573735f317d0d0a7b616464726573735f327d0d0a7b636974797d2c207b7a6f6e657d207b706f7374636f64657d0d0a7b636f756e7472797d, 'PayPal', '', 10.0000, 1, 0, 0, 0.0000, 2, 2, 'USD', 1.00000000, '2011-11-15 17:42:57', '2011-11-15 17:42:57', '67.101.125.130'),
(42, 0, '', 0, '美国旅游世界 America Travel World', 'http://nycsupermall.com/test/', 0, 8, '11', '11', '11@gmail.com', '4150010002', '', '', '', '', '', '', '', '', '', 0, '', 0, '', '', '11', '11', '', 'aas12', '', 'Sf', '94105', 'United States', 223, 'California', 3624, 0x7b66697273746e616d657d207b6c6173746e616d657d0d0a7b636f6d70616e797d0d0a7b616464726573735f317d0d0a7b616464726573735f327d0d0a7b636974797d2c207b7a6f6e657d207b706f7374636f64657d0d0a7b636f756e7472797d, 'PayPal', 0x492077616e7420746f, 60.0000, 1, 0, 0, 0.0000, 2, 2, 'USD', 1.00000000, '2011-11-16 15:42:40', '2011-11-16 15:42:40', '76.200.157.34'),
(43, 0, '', 0, '美国旅游世界 America Travel World', 'http://nycsupermall.com/test/', 1, 8, 'Samuel', 'Yu', 'ephraimju@gmail.com', '3476383407', '', '', '', '', '', '', '', '', '', 0, '', 0, '', '', 'Samuel', 'Yu', '', '33 PLAINFIELD ST APT 2', '', 'New York', '10212', 'United States', 223, 'New York', 3655, 0x7b66697273746e616d657d207b6c6173746e616d657d0d0a7b636f6d70616e797d0d0a7b616464726573735f317d0d0a7b616464726573735f327d0d0a7b636974797d2c207b7a6f6e657d207b706f7374636f64657d0d0a7b636f756e7472797d, 'Cash On Delivery', '', 2548.0000, 1, 0, 0, 0.0000, 1, 2, 'USD', 1.00000000, '2011-11-25 09:39:25', '2011-11-25 09:39:25', '38.100.163.180'),
(44, 0, '', 0, '美国旅游世界 America Travel World', 'http://nycsupermall.com/test/', 1, 8, 'Samuel', 'Yu', 'ephraimju@gmail.com', '3476383407', '', '', '', '', '', '', '', '', '', 0, '', 0, '', '', 'Samuel', 'Yu', '', '33 PLAINFIELD ST APT 2', '', 'New York', '10212', 'United States', 223, 'New York', 3655, 0x7b66697273746e616d657d207b6c6173746e616d657d0d0a7b636f6d70616e797d0d0a7b616464726573735f317d0d0a7b616464726573735f327d0d0a7b636974797d2c207b7a6f6e657d207b706f7374636f64657d0d0a7b636f756e7472797d, 'Cash On Delivery', '', 2548.0000, 1, 0, 0, 0.0000, 1, 2, 'USD', 1.00000000, '2011-11-25 09:39:37', '2011-11-25 09:39:37', '38.100.163.180'),
(52, 0, '', 0, '美国娱乐旅行社 USA4FUN.com', 'http://nycsupermall.com/test/', 1, 8, 'Samuel', 'Yu', 'ephraimju@gmail.com', '3476383407', '', '', '', '', '', '', '', '', '', 0, '', 0, '', '', 'Samuel', 'Yu', '', '33 PLAINFIELD ST APT 2', '', 'New York', '10212', 'United States', 223, 'New York', 3655, 0x7b66697273746e616d657d207b6c6173746e616d657d0d0a7b636f6d70616e797d0d0a7b616464726573735f317d0d0a7b616464726573735f327d0d0a7b636974797d2c207b7a6f6e657d207b706f7374636f64657d0d0a7b636f756e7472797d, 'PayPal', '', 648.0000, 2, 0, 0, 0.0000, 2, 2, 'USD', 1.00000000, '2012-01-06 10:12:11', '2012-01-06 10:12:11', '65.46.73.46'),
(53, 0, '', 0, '美国娱乐旅行社 USA4FUN.com', 'http://nycsupermall.com/test/', 1, 8, 'Samuel', 'Yu', 'ephraimju@gmail.com', '3476383407', '', '', '', '', '', '', '', '', '', 0, '', 0, '', '', 'Samuel', 'Yu', '', '33 PLAINFIELD ST APT 2', '', 'New York', '10212', 'United States', 223, 'New York', 3655, 0x7b66697273746e616d657d207b6c6173746e616d657d0d0a7b636f6d70616e797d0d0a7b616464726573735f317d0d0a7b616464726573735f327d0d0a7b636974797d2c207b7a6f6e657d207b706f7374636f64657d0d0a7b636f756e7472797d, 'PayPal', '', 648.0000, 2, 0, 0, 0.0000, 2, 2, 'USD', 1.00000000, '2012-01-06 10:19:54', '2012-01-06 10:19:54', '65.46.73.46'),
(47, 0, '', 0, '美国娱乐旅行社 USA4FUN', 'http://nycsupermall.com/test/', 3, 8, 'man', 'poon', 'admer999@yahoo.com', '646-335-8348', '', '', '', '', '', '', '', '', '', 0, '', 0, '', '', 'man', 'poon', 'ny1tours', '332 Grand street', '', 'New York', '10002', 'United States', 223, 'New York', 3655, 0x7b66697273746e616d657d207b6c6173746e616d657d0d0a7b636f6d70616e797d0d0a7b616464726573735f317d0d0a7b616464726573735f327d0d0a7b636974797d2c207b7a6f6e657d207b706f7374636f64657d0d0a7b636f756e7472797d, 'PayPal', 0x43616e204920676574206f666620617420456469736f6e2e0a44726f70206f666620696e204368696e61746f776e2e0a67657420706172746e6572206769726c20726f6f6d6d6174652e, 420.0000, 0, 0, 0, 0.0000, 1, 2, 'USD', 1.00000000, '2011-12-07 21:58:02', '2011-12-07 21:58:02', '68.175.23.76'),
(54, 0, '', 0, '美国娱乐旅行社 USA4FUN.com', 'http://nycsupermall.com/test/', 1, 8, 'Samuel', 'Yu', 'ephraimju@gmail.com', '3476383407', '', '', '', '', '', '', '', '', '', 0, '', 0, '', '', 'Samuel', 'Yu', '', '33 PLAINFIELD ST APT 2', '', 'New York', '10212', 'United States', 223, 'New York', 3655, 0x7b66697273746e616d657d207b6c6173746e616d657d0d0a7b636f6d70616e797d0d0a7b616464726573735f317d0d0a7b616464726573735f327d0d0a7b636974797d2c207b7a6f6e657d207b706f7374636f64657d0d0a7b636f756e7472797d, 'PayPal', '', 648.0000, 2, 0, 0, 0.0000, 2, 2, 'USD', 1.00000000, '2012-01-06 10:20:53', '2012-01-06 10:20:53', '65.46.73.46'),
(55, 0, '', 0, 'America Travel Info', 'http://nycsupermall.com/test/', 2, 8, 'man ', 'poon', 'nycpoon@yahoo.com', '646-918-2788', '', '', '', '', '', '', '', '', '', 0, '', 0, '', '', 'man ', 'poon', 'USA 4 Fun', '525 fdr dri #10', '', 'New York', '10002', 'United States', 223, 'New York', 3655, 0x7b66697273746e616d657d207b6c6173746e616d657d0d0a7b636f6d70616e797d0d0a7b616464726573735f317d0d0a7b616464726573735f327d0d0a7b636974797d2c207b7a6f6e657d207b706f7374636f64657d0d0a7b636f756e7472797d, 'PayPal', '', 2950.0000, 0, 0, 0, 0.0000, 2, 2, 'USD', 1.00000000, '2012-02-08 15:27:02', '2012-02-08 15:27:02', '66.108.142.251'),
(49, 0, '', 0, '美国娱乐旅行社 USA4FUN', 'http://nycsupermall.com/test/', 3, 8, 'man', 'poon', 'admer999@yahoo.com', '646-335-8348', '', '', '', '', '', '', '', '', '', 0, '', 0, '', '', 'man', 'poon', 'ny1tours', '332 Grand street', '', 'New York', '10002', 'United States', 223, 'New York', 3655, 0x7b66697273746e616d657d207b6c6173746e616d657d0d0a7b636f6d70616e797d0d0a7b616464726573735f317d0d0a7b616464726573735f327d0d0a7b636974797d2c207b7a6f6e657d207b706f7374636f64657d0d0a7b636f756e7472797d, 'PayPal', '', 420.0000, 0, 0, 0, 0.0000, 2, 2, 'USD', 1.00000000, '2011-12-07 22:08:47', '2011-12-07 22:08:47', '68.175.23.76'),
(57, 0, '', 0, 'America Travel Info', 'http://nycsupermall.com/test/', 2, 8, 'man ', 'poon', 'nycpoon@yahoo.com', '646-918-2788', '', '', '', '', '', '', '', '', '', 0, '', 0, '', '', 'man ', 'poon', 'USA 4 Fun', '525 fdr dri #10', '', 'New York', '10002', 'United States', 223, 'New York', 3655, 0x7b66697273746e616d657d207b6c6173746e616d657d0d0a7b636f6d70616e797d0d0a7b616464726573735f317d0d0a7b616464726573735f327d0d0a7b636974797d2c207b7a6f6e657d207b706f7374636f64657d0d0a7b636f756e7472797d, 'PayPal', '', 1125.0000, 0, 0, 0, 0.0000, 1, 2, 'USD', 1.00000000, '2012-02-17 14:26:59', '2012-02-17 14:26:59', '66.108.142.251'),
(58, 11, '', 0, 'America Travel Info', 'http://nycsupermall.com/test/', 2, 8, 'man ', 'poon', 'nycpoon@yahoo.com', '646-918-2788', '', '', '', '', '', '', '', '', '', 0, '', 0, '', '', 'man ', 'poon', 'USA 4 Fun', '525 fdr dri #10', '', 'New York', '10002', 'United States', 223, 'New York', 3655, 0x7b66697273746e616d657d207b6c6173746e616d657d0d0a7b636f6d70616e797d0d0a7b616464726573735f317d0d0a7b616464726573735f327d0d0a7b636974797d2c207b7a6f6e657d207b706f7374636f64657d0d0a7b636f756e7472797d, 'Cash On Delivery', '', 3540.0000, 4450, 1, 0, 0.0000, 1, 2, 'USD', 1.00000000, '2012-02-25 19:16:40', '2012-02-25 19:16:45', '66.108.142.251'),
(59, 0, '', 0, 'America Travel Info', 'http://usa4fun/', 0, 8, 'ss', 'ss', 'mononedv@gmail.com', '8501112222', '', '', '', '', '', '', '', '', '', 0, '', 0, '', '', 'ss', 'ss', '', '122 tal dr.', '', 'new york', '10001', 'United States', 223, 'New York', 3655, 0x7b66697273746e616d657d207b6c6173746e616d657d0d0a7b636f6d70616e797d0d0a7b616464726573735f317d0d0a7b616464726573735f327d0d0a7b636974797d2c207b7a6f6e657d207b706f7374636f64657d0d0a7b636f756e7472797d, 'PayPal', '', 20.0000, 150, 0, 0, 0.0000, 1, 2, 'USD', 1.00000000, '2012-03-24 23:32:11', '2012-03-24 23:32:11', '127.0.0.1'),
(61, 0, '', 0, 'America Travel Info', 'http://usa4fun.com/', 10, 8, 'martin', 'zhao', 'mononedv@gmail.com', '8502224444', '', '', '', '', '', '', '', '', '', 0, '', 0, '', '', 'martin', 'zhao', '', 'sss', 's', 'ss', '32000', 'United States', 223, 'Alabama', 3613, 0x7b66697273746e616d657d207b6c6173746e616d657d0d0a7b636f6d70616e797d0d0a7b616464726573735f317d0d0a7b616464726573735f327d0d0a7b636974797d2c207b7a6f6e657d207b706f7374636f64657d0d0a7b636f756e7472797d, 'PayPal', '', 650.0000, 4600, 0, 0, 0.0000, 2, 2, 'USD', 1.00000000, '2012-04-17 21:05:21', '2012-04-17 21:05:21', '68.63.25.47'),
(62, 0, '', 0, 'America Travel Info', 'http://usa4fun.com/', 10, 8, 'martin', 'zhao', 'mononedv@gmail.com', '8502224444', '', '', '', '', '', '', '', '', '', 0, '', 0, '', '', 'martin', 'zhao', '', 'sss', 's', 'ss', '32000', 'United States', 223, 'Alabama', 3613, 0x7b66697273746e616d657d207b6c6173746e616d657d0d0a7b636f6d70616e797d0d0a7b616464726573735f317d0d0a7b616464726573735f327d0d0a7b636974797d2c207b7a6f6e657d207b706f7374636f64657d0d0a7b636f756e7472797d, 'PayPal', '', 650.0000, 4600, 0, 0, 0.0000, 1, 2, 'USD', 1.00000000, '2012-04-17 21:05:40', '2012-04-17 21:05:40', '68.63.25.47'),
(64, 0, '', 0, 'America Travel Info', 'http://usa4fun.com/', 11, 8, 'min', 'pin', 'info@ny1tours.com', '664-666-2288', '', '', '', '', '', '', '', '', '', 0, '', 0, '', '', 'min', 'pin', '', '333 bowery', '', 'new york', '12222', 'United States', 223, 'New York', 3655, 0x7b66697273746e616d657d207b6c6173746e616d657d0d0a7b636f6d70616e797d0d0a7b616464726573735f317d0d0a7b616464726573735f327d0d0a7b636974797d2c207b7a6f6e657d207b706f7374636f64657d0d0a7b636f756e7472797d, 'PayPal', '', 405.0000, 0, 0, 0, 0.0000, 1, 2, 'USD', 1.00000000, '2012-04-18 21:33:51', '2012-04-18 21:33:51', '66.108.142.251'),
(65, 14, '', 0, 'America Travel Info', 'http://usa4fun.com/', 11, 8, 'min', 'pin', 'info@ny1tours.com', '664-666-2288', '', '', '', '', '', '', '', '', '', 0, '', 0, '', '', 'min', 'pin', '', '333 bowery', '', 'new york', '12222', 'United States', 223, 'New York', 3655, 0x7b66697273746e616d657d207b6c6173746e616d657d0d0a7b636f6d70616e797d0d0a7b616464726573735f317d0d0a7b616464726573735f327d0d0a7b636974797d2c207b7a6f6e657d207b706f7374636f64657d0d0a7b636f756e7472797d, 'Cash On Delivery', '', 1845.0000, 5750, 1, 0, 0.0000, 1, 2, 'USD', 1.00000000, '2012-04-18 21:38:58', '2012-04-18 21:39:01', '66.108.142.251'),
(66, 15, '', 0, 'America Travel Info', 'http://usa4fun.com/', 3, 8, 'man', 'poon', 'admer999@yahoo.com', '646-335-8348', '', '', '', '', '', '', '', '', '', 0, '', 0, '', '', 'man', 'poon', 'ny1tours', '332 Grand street', '', 'New York', '10002', 'United States', 223, 'New York', 3655, 0x7b66697273746e616d657d207b6c6173746e616d657d0d0a7b636f6d70616e797d0d0a7b616464726573735f317d0d0a7b616464726573735f327d0d0a7b636974797d2c207b7a6f6e657d207b706f7374636f64657d0d0a7b636f756e7472797d, '货到付款', '', 252.0000, 1350, 1, 0, 0.0000, 2, 2, 'USD', 1.00000000, '2012-04-19 21:27:02', '2012-04-19 21:27:13', '66.108.142.251'),
(68, 0, '', 0, 'America Travel Info', 'http://usa4fun.com/', 2, 8, 'man ', 'poon', 'nycpoon@yahoo.com', '646-918-2788', '', '', '', '', '', '', '', '', '', 0, '', 0, '', '', 'man ', 'poon', 'USA 4 Fun', '525 fdr dri #10', '', 'New York', '10002', 'United States', 223, 'New York', 3655, 0x7b66697273746e616d657d207b6c6173746e616d657d0d0a7b636f6d70616e797d0d0a7b616464726573735f317d0d0a7b616464726573735f327d0d0a7b636974797d2c207b7a6f6e657d207b706f7374636f64657d0d0a7b636f756e7472797d, 'PayPal', '', 792.0000, 2510, 0, 0, 0.0000, 2, 2, 'USD', 1.00000000, '2012-04-21 17:31:22', '2012-04-21 17:31:22', '66.108.142.251'),
(69, 0, '', 0, 'America Travel Info', 'http://usa4fun.com/', 2, 8, 'man ', 'poon', 'nycpoon@yahoo.com', '646-918-2788', '', '', '', '', '', '', '', '', '', 0, '', 0, '', '', 'man ', 'poon', 'USA 4 Fun', '525 fdr dri #10', '', 'New York', '10002', 'United States', 223, 'New York', 3655, 0x7b66697273746e616d657d207b6c6173746e616d657d0d0a7b636f6d70616e797d0d0a7b616464726573735f317d0d0a7b616464726573735f327d0d0a7b636974797d2c207b7a6f6e657d207b706f7374636f64657d0d0a7b636f756e7472797d, '货到付款', '', 792.0000, 2510, 0, 0, 0.0000, 2, 2, 'USD', 1.00000000, '2012-04-21 17:32:13', '2012-04-21 17:32:13', '66.108.142.251'),
(71, 0, '', 0, 'America Travel Info', 'http://usa4fun.com/', 10, 8, 'martin', 'zhao', 'mononedv@gmail.com', '8502224444', '', '', '', '', '', '', '', '', '', 0, '', 0, '', '', 'martin', 'zhao', '', 'sss', 's', 'ss', '32000', 'United States', 223, 'Alabama', 3613, 0x7b66697273746e616d657d207b6c6173746e616d657d0d0a7b636f6d70616e797d0d0a7b616464726573735f317d0d0a7b616464726573735f327d0d0a7b636974797d2c207b7a6f6e657d207b706f7374636f64657d0d0a7b636f756e7472797d, '信用卡/ 转账卡 (Authorize.Net)', '', 295.0000, 3250, 0, 0, 0.0000, 2, 2, 'USD', 1.00000000, '2012-04-21 17:54:07', '2012-04-21 17:54:07', '68.63.25.47'),
(72, 0, '', 0, 'America Travel Info', 'http://usa4fun.com/', 10, 8, 'martin', 'zhao', 'mononedv@gmail.com', '8502224444', '', '', '', '', '', '', '', '', '', 0, '', 0, '', '', 'martin', 'zhao', '', 'sss', 's', 'ss', '32000', 'United States', 223, 'Alabama', 3613, 0x7b66697273746e616d657d207b6c6173746e616d657d0d0a7b636f6d70616e797d0d0a7b616464726573735f317d0d0a7b616464726573735f327d0d0a7b636974797d2c207b7a6f6e657d207b706f7374636f64657d0d0a7b636f756e7472797d, '信用卡/ 转账卡 (Authorize.Net)', '', 295.0000, 3250, 0, 0, 0.0000, 2, 2, 'USD', 1.00000000, '2012-04-21 17:54:12', '2012-04-21 17:54:12', '68.63.25.47'),
(73, 0, '', 0, 'America Travel Info', 'http://usa4fun.com/', 2, 8, 'man ', 'poon', 'nycpoon@yahoo.com', '646-918-2788', '', '', '', '', '', '', '', '', '', 0, '', 0, '', '', 'Test Lee', 'Poan', 'International', '3392 Test St', '', 'NYC ', '1888', 'United States', 223, 'Arizona', 3616, 0x7b66697273746e616d657d207b6c6173746e616d657d0d0a7b636f6d70616e797d0d0a7b616464726573735f317d0d0a7b616464726573735f327d0d0a7b636974797d2c207b7a6f6e657d207b706f7374636f64657d0d0a7b636f756e7472797d, 'Cash On Delivery', '', 18.0000, 150, 0, 0, 0.0000, 1, 2, 'USD', 1.00000000, '2012-04-21 18:44:48', '2012-04-21 18:44:48', '66.108.142.251'),
(74, 0, '', 0, 'America Travel Info', 'http://usa4fun.com/', 2, 8, 'man ', 'poon', 'nycpoon@yahoo.com', '646-918-2788', '', '', '', '', '', '', '', '', '', 0, '', 0, '', '', 'Test Lee', 'Poan', 'International', '3392 Test St', '', 'NYC ', '1888', 'United States', 223, 'Arizona', 3616, 0x7b66697273746e616d657d207b6c6173746e616d657d0d0a7b636f6d70616e797d0d0a7b616464726573735f317d0d0a7b616464726573735f327d0d0a7b636974797d2c207b7a6f6e657d207b706f7374636f64657d0d0a7b636f756e7472797d, 'Cash On Delivery', 0x54727920746f20676574206d65206f6e65206d616c6520736861726520726f6f6d2e, 18.0000, 150, 0, 0, 0.0000, 1, 2, 'USD', 1.00000000, '2012-04-21 18:45:36', '2012-04-21 18:45:36', '66.108.142.251'),
(75, 0, '', 0, 'America Travel Info', 'http://usa4fun.com/', 2, 8, 'man ', 'poon', 'nycpoon@yahoo.com', '646-918-2788', '', '', '', '', '', '', '', '', '', 0, '', 0, '', '', 'fftes', 'ff', '', '22 gt', '', 'ny', '10002', 'United States', 223, 'New York', 3655, 0x7b66697273746e616d657d207b6c6173746e616d657d0d0a7b636f6d70616e797d0d0a7b616464726573735f317d0d0a7b616464726573735f327d0d0a7b636974797d2c207b7a6f6e657d207b706f7374636f64657d0d0a7b636f756e7472797d, 'Cash On Delivery', 0x54727920746f20676574206d65206f6e65206d616c6520736861726520726f6f6d2e, 301.5000, 2500, 0, 0, 0.0000, 1, 2, 'USD', 1.00000000, '2012-04-21 19:01:29', '2012-04-21 19:01:29', '66.108.142.251'),
(76, 0, '', 0, 'America Travel Info', 'http://usa4fun.com/', 2, 8, 'man ', 'poon', 'nycpoon@yahoo.com', '646-918-2788', '', '', '', '', '', '', '', '', '', 0, '', 0, '', '', 'Lee', 'Pon', '', '225 FDR', '', 'New York', '10002', 'United States', 223, 'New York', 3655, 0x7b66697273746e616d657d207b6c6173746e616d657d0d0a7b636f6d70616e797d0d0a7b616464726573735f317d0d0a7b616464726573735f327d0d0a7b636974797d2c207b7a6f6e657d207b706f7374636f64657d0d0a7b636f756e7472797d, 'Cash On Delivery', 0x54727920746f20676574206d65206f6e65206d616c6520736861726520726f6f6d2e, 301.5000, 2500, 0, 0, 0.0000, 1, 2, 'USD', 1.00000000, '2012-04-21 19:02:41', '2012-04-21 19:02:41', '66.108.142.251'),
(77, 0, '', 0, 'America Travel Info', 'http://usa4fun.com/', 2, 8, 'man ', 'poon', 'nycpoon@yahoo.com', '646-918-2788', '', '', '', '', '', '', '', '', '', 0, '', 0, '', '', 'Lee', 'Pon', '', '225 FDR', '', 'New York', '10002', 'United States', 223, 'New York', 3655, 0x7b66697273746e616d657d207b6c6173746e616d657d0d0a7b636f6d70616e797d0d0a7b616464726573735f317d0d0a7b616464726573735f327d0d0a7b636974797d2c207b7a6f6e657d207b706f7374636f64657d0d0a7b636f756e7472797d, 'Cash On Delivery', '', 301.5000, 2500, 0, 0, 0.0000, 1, 2, 'USD', 1.00000000, '2012-04-21 19:02:48', '2012-04-21 19:02:48', '66.108.142.251'),
(78, 0, '', 0, 'America Travel Info', 'http://usa4fun.com/', 2, 8, 'man ', 'poon', 'nycpoon@yahoo.com', '646-918-2788', '', '', '', '', '', '', '', '', '', 0, '', 0, '', '', 'Lee', 'Pon', '', '225 FDR', '', 'New York', '10002', 'United States', 223, 'New York', 3655, 0x7b66697273746e616d657d207b6c6173746e616d657d0d0a7b636f6d70616e797d0d0a7b616464726573735f317d0d0a7b616464726573735f327d0d0a7b636974797d2c207b7a6f6e657d207b706f7374636f64657d0d0a7b636f756e7472797d, 'Cash On Delivery', '', 301.5000, 2500, 0, 0, 0.0000, 1, 2, 'USD', 1.00000000, '2012-04-21 19:03:01', '2012-04-21 19:03:01', '66.108.142.251'),
(79, 0, '', 0, 'America Travel Info', 'http://usa4fun.com/', 2, 8, 'man ', 'poon', 'nycpoon@yahoo.com', '646-918-2788', '', '', '', '', '', '', '', '', '', 0, '', 0, '', '', 'Lee', 'Pon', '', '225 FDR', '', 'New York', '10002', 'United States', 223, 'New York', 3655, 0x7b66697273746e616d657d207b6c6173746e616d657d0d0a7b636f6d70616e797d0d0a7b616464726573735f317d0d0a7b616464726573735f327d0d0a7b636974797d2c207b7a6f6e657d207b706f7374636f64657d0d0a7b636f756e7472797d, '货到付款', '', 301.5000, 2500, 0, 0, 0.0000, 2, 2, 'USD', 1.00000000, '2012-04-21 19:03:29', '2012-04-21 19:03:29', '66.108.142.251'),
(80, 0, '', 0, 'America Travel Info', 'http://usa4fun.com/', 2, 8, 'man ', 'poon', 'nycpoon@yahoo.com', '646-918-2788', '', '', '', '', '', '', '', '', '', 0, '', 0, '', '', 'Lee', 'Pon', '', '225 FDR', '', 'New York', '10002', 'United States', 223, 'New York', 3655, 0x7b66697273746e616d657d207b6c6173746e616d657d0d0a7b636f6d70616e797d0d0a7b616464726573735f317d0d0a7b616464726573735f327d0d0a7b636974797d2c207b7a6f6e657d207b706f7374636f64657d0d0a7b636f756e7472797d, '信用卡/ 转账卡 (Authorize.Net)', 0x692077616e7420736861726520726f6f6d, 301.5000, 2500, 0, 0, 0.0000, 2, 2, 'USD', 1.00000000, '2012-04-21 19:03:46', '2012-04-21 19:03:46', '66.108.142.251'),
(81, 18, '', 0, 'America Travel Info', 'http://usa4fun.com/', 10, 8, 'martin', 'zhao', 'mononedv@gmail.com', '8502224444', '', '', '', '', '', '', '', '', '', 0, '', 0, '', '', 'martin', 'zhao', '', 'sss', 's', 'ss', '32000', 'United States', 223, 'Alabama', 3613, 0x7b66697273746e616d657d207b6c6173746e616d657d0d0a7b636f6d70616e797d0d0a7b616464726573735f317d0d0a7b616464726573735f327d0d0a7b636974797d2c207b7a6f6e657d207b706f7374636f64657d0d0a7b636f756e7472797d, '信用卡/ 转账卡 (Authorize.Net)', '', 295.0000, 3250, 7, 0, 0.0000, 2, 2, 'USD', 1.00000000, '2012-04-21 19:44:54', '2012-04-21 19:45:26', '68.63.25.47'),
(82, 19, '', 0, 'USA4Fun', 'http://usa4fun.com/', 3, 8, 'man', 'poon', 'admer999@yahoo.com', '646-335-8348', '', '', '', '', '', '', '', '', '', 0, '', 0, '', '', 'man', 'poon', 'ny1tours', '332 Grand street', '', 'New York', '10002', 'United States', 223, 'New York', 3655, 0x7b66697273746e616d657d207b6c6173746e616d657d0d0a7b636f6d70616e797d0d0a7b616464726573735f317d0d0a7b616464726573735f327d0d0a7b636974797d2c207b7a6f6e657d207b706f7374636f64657d0d0a7b636f756e7472797d, 'Cash On Delivery', '', 1245.0000, 5000, 1, 0, 0.0000, 1, 2, 'USD', 1.00000000, '2012-04-22 14:31:53', '2012-04-22 14:32:00', '66.108.142.251'),
(83, 20, '', 0, 'USA4Fun', 'http://usa4fun.com/', 13, 8, 'martin', 'zhao', 'mononedv@gmail.com', '4145556666', '', '', '', '', '', '', '', '', '', 0, '', 0, '', '', 'martin', 'zhao', 'yibada', '137 new oriental dr.', '', 'new york', '10010', 'United States', 223, 'New York', 3655, 0x7b66697273746e616d657d207b6c6173746e616d657d0d0a7b636f6d70616e797d0d0a7b616464726573735f317d0d0a7b616464726573735f327d0d0a7b636974797d2c207b7a6f6e657d207b706f7374636f64657d0d0a7b636f756e7472797d, 'Credit Card / Debit Card (Authorize.Net)', '', 315.0000, 0, 7, 0, 0.0000, 1, 2, 'USD', 1.00000000, '2012-04-29 14:30:17', '2012-04-29 14:31:00', '68.63.25.47'),
(84, 21, '', 0, 'USA4Fun', 'http://usa4fun.com/', 13, 8, 'martin', 'zhao', 'mononedv@gmail.com', '4145556666', '', '', '', '', '', '', '', '', '', 0, '', 0, '', '', 'martin', 'zhao', 'yibada', '137 new oriental dr.', '', 'new york', '10010', 'United States', 223, 'New York', 3655, 0x7b66697273746e616d657d207b6c6173746e616d657d0d0a7b636f6d70616e797d0d0a7b616464726573735f317d0d0a7b616464726573735f327d0d0a7b636974797d2c207b7a6f6e657d207b706f7374636f64657d0d0a7b636f756e7472797d, 'PayPal', '', 575.0000, 2500, 1, 0, 0.0000, 2, 2, 'USD', 1.00000000, '2012-04-29 14:35:46', '2012-04-29 14:36:37', '68.63.25.47'),
(85, 0, '', 0, 'USA4Fun', 'http://usa4fun.com/', 13, 8, 'martin', 'zhao', 'mononedv@gmail.com', '4145556666', '', '', '', '', '', '', '', '', '', 0, '', 0, '', '', 'martin', 'zhao', 'yibada', '137 new oriental dr.', '', 'new york', '10010', 'United States', 223, 'New York', 3655, 0x7b66697273746e616d657d207b6c6173746e616d657d0d0a7b636f6d70616e797d0d0a7b616464726573735f317d0d0a7b616464726573735f327d0d0a7b636974797d2c207b7a6f6e657d207b706f7374636f64657d0d0a7b636f756e7472797d, 'Credit Card / Debit Card (Authorize.Net)', '', 575.0000, 2500, 0, 0, 0.0000, 1, 2, 'USD', 1.00000000, '2012-04-29 15:25:44', '2012-04-29 15:25:44', '68.63.25.47'),
(86, 0, '', 0, 'USA4Fun', 'http://usa4fun.com/', 13, 8, 'martin', 'zhao', 'mononedv@gmail.com', '4145556666', '', '', '', '', '', '', '', '', '', 0, '', 0, '', '', 'martin', 'zhao', 'yibada', '137 new oriental dr.', '', 'new york', '10010', 'United States', 223, 'New York', 3655, 0x7b66697273746e616d657d207b6c6173746e616d657d0d0a7b636f6d70616e797d0d0a7b616464726573735f317d0d0a7b616464726573735f327d0d0a7b636974797d2c207b7a6f6e657d207b706f7374636f64657d0d0a7b636f756e7472797d, 'Credit Card / Debit Card (Authorize.Net)', '', 575.0000, 2500, 0, 0, 0.0000, 1, 2, 'USD', 1.00000000, '2012-04-29 15:52:09', '2012-04-29 15:52:09', '68.63.25.47'),
(87, 0, '', 0, 'USA4Fun', 'http://usa4fun.com/', 13, 8, 'martin', 'zhao', 'mononedv@gmail.com', '4145556666', '', '', '', '', '', '', '', '', '', 0, '', 0, '', '', 'martin', 'zhao', 'yibada', '137 new oriental dr.', '', 'new york', '10010', 'United States', 223, 'New York', 3655, 0x7b66697273746e616d657d207b6c6173746e616d657d0d0a7b636f6d70616e797d0d0a7b616464726573735f317d0d0a7b616464726573735f327d0d0a7b636974797d2c207b7a6f6e657d207b706f7374636f64657d0d0a7b636f756e7472797d, '信用卡/ 转账卡 (Authorize.Net)', '', 460.0000, 1350, 0, 0, 0.0000, 2, 2, 'USD', 1.00000000, '2012-04-30 13:58:34', '2012-04-30 13:58:34', '68.63.25.47'),
(88, 0, '', 0, 'USA4Fun', 'http://usa4fun.com/', 13, 8, 'martin', 'zhao', 'mononedv@gmail.com', '4145556666', '', '', '', '', '', '', '', '', '', 0, '', 0, '', '', 'martin', 'zhao', 'yibada', '137 new oriental dr.', '', 'new york', '10010', 'United States', 223, 'New York', 3655, 0x7b66697273746e616d657d207b6c6173746e616d657d0d0a7b636f6d70616e797d0d0a7b616464726573735f317d0d0a7b616464726573735f327d0d0a7b636974797d2c207b7a6f6e657d207b706f7374636f64657d0d0a7b636f756e7472797d, '信用卡/ 转账卡 (Authorize.Net)', '', 460.0000, 1350, 0, 0, 0.0000, 2, 2, 'USD', 1.00000000, '2012-04-30 13:58:41', '2012-04-30 13:58:41', '68.63.25.47'),
(89, 0, '', 0, 'USA4Fun', 'http://usa4fun.com/', 13, 8, 'martin', 'zhao', 'mononedv@gmail.com', '4145556666', '', '', '', '', '', '', '', '', '', 0, '', 0, '', '', 'martin', 'zhao', 'yibada', '137 new oriental dr.', '', 'new york', '10010', 'United States', 223, 'New York', 3655, 0x7b66697273746e616d657d207b6c6173746e616d657d0d0a7b636f6d70616e797d0d0a7b616464726573735f317d0d0a7b616464726573735f327d0d0a7b636974797d2c207b7a6f6e657d207b706f7374636f64657d0d0a7b636f756e7472797d, 'PayPal', '', 460.0000, 1350, 0, 0, 0.0000, 2, 2, 'USD', 1.00000000, '2012-04-30 13:58:45', '2012-04-30 13:58:45', '68.63.25.47'),
(90, 0, '', 0, 'USA4Fun', 'http://usa4fun.com/', 13, 8, 'martin', 'zhao', 'mononedv@gmail.com', '4145556666', '', '', '', '', '', '', '', '', '', 0, '', 0, '', '', 'martin', 'zhao', 'yibada', '137 new oriental dr.', '', 'new york', '10010', 'United States', 223, 'New York', 3655, 0x7b66697273746e616d657d207b6c6173746e616d657d0d0a7b636f6d70616e797d0d0a7b616464726573735f317d0d0a7b616464726573735f327d0d0a7b636974797d2c207b7a6f6e657d207b706f7374636f64657d0d0a7b636f756e7472797d, '信用卡/ 转账卡 (Authorize.Net)', '', 460.0000, 1350, 0, 0, 0.0000, 2, 2, 'USD', 1.00000000, '2012-04-30 13:59:14', '2012-04-30 13:59:14', '68.63.25.47'),
(91, 0, '', 0, 'USA4Fun', 'http://usa4fun.com/', 13, 8, 'martin', 'zhao', 'mononedv@gmail.com', '4145556666', '', '', '', '', '', '', '', '', '', 0, '', 0, '', '', 'martin', 'zhao', 'yibada', '137 new oriental dr.', '', 'new york', '10010', 'United States', 223, 'New York', 3655, 0x7b66697273746e616d657d207b6c6173746e616d657d0d0a7b636f6d70616e797d0d0a7b616464726573735f317d0d0a7b616464726573735f327d0d0a7b636974797d2c207b7a6f6e657d207b706f7374636f64657d0d0a7b636f756e7472797d, '信用卡/ 转账卡 (Authorize.Net)', '', 460.0000, 1350, 0, 0, 0.0000, 2, 2, 'USD', 1.00000000, '2012-04-30 13:59:28', '2012-04-30 13:59:28', '68.63.25.47'),
(92, 22, '', 0, 'USA4Fun', 'http://usa4fun.com/', 13, 8, 'martin', 'zhao', 'mononedv@gmail.com', '4145556666', '', '', '', '', '', '', '', '', '', 0, '', 0, '', '', 'martin', 'zhao', 'yibada', '137 new oriental dr.', '', 'new york', '10010', 'United States', 223, 'New York', 3655, 0x7b66697273746e616d657d207b6c6173746e616d657d0d0a7b636f6d70616e797d0d0a7b616464726573735f317d0d0a7b616464726573735f327d0d0a7b636974797d2c207b7a6f6e657d207b706f7374636f64657d0d0a7b636f756e7472797d, '信用卡/ 转账卡 (Authorize.Net)', '', 460.0000, 1350, 1, 0, 0.0000, 2, 2, 'USD', 1.00000000, '2012-04-30 14:36:09', '2012-04-30 14:36:38', '68.63.25.47');
INSERT INTO `order` (`order_id`, `invoice_no`, `invoice_prefix`, `store_id`, `store_name`, `store_url`, `customer_id`, `customer_group_id`, `firstname`, `lastname`, `email`, `telephone`, `fax`, `shipping_firstname`, `shipping_lastname`, `shipping_company`, `shipping_address_1`, `shipping_address_2`, `shipping_city`, `shipping_postcode`, `shipping_country`, `shipping_country_id`, `shipping_zone`, `shipping_zone_id`, `shipping_address_format`, `shipping_method`, `payment_firstname`, `payment_lastname`, `payment_company`, `payment_address_1`, `payment_address_2`, `payment_city`, `payment_postcode`, `payment_country`, `payment_country_id`, `payment_zone`, `payment_zone_id`, `payment_address_format`, `payment_method`, `comment`, `total`, `reward`, `order_status_id`, `affiliate_id`, `commission`, `language_id`, `currency_id`, `currency_code`, `currency_value`, `date_added`, `date_modified`, `ip`) VALUES
(93, 23, '', 0, 'USA4Fun', 'http://usa4fun.com/', 13, 8, 'martin', 'zhao', 'mononedv@gmail.com', '4145556666', '', '', '', '', '', '', '', '', '', 0, '', 0, '', '', 'martin', 'zhao', 'yibada', '137 new oriental dr.', '', 'new york', '10010', 'United States', 223, 'New York', 3655, 0x7b66697273746e616d657d207b6c6173746e616d657d0d0a7b636f6d70616e797d0d0a7b616464726573735f317d0d0a7b616464726573735f327d0d0a7b636974797d2c207b7a6f6e657d207b706f7374636f64657d0d0a7b636f756e7472797d, '信用卡/ 转账卡 (Authorize.Net)', '', 1790.0000, 2500, 1, 0, 0.0000, 2, 2, 'USD', 1.00000000, '2012-04-30 17:56:28', '2012-04-30 17:56:49', '68.63.25.47'),
(94, 24, '', 0, 'USA4Fun', 'http://usa4fun.com/', 13, 8, 'martin', 'zhao', 'mononedv@gmail.com', '4145556666', '', '', '', '', '', '', '', '', '', 0, '', 0, '', '', 'martin', 'zhao', 'yibada', '137 new oriental dr.', '', 'new york', '10010', 'United States', 223, 'New York', 3655, 0x7b66697273746e616d657d207b6c6173746e616d657d0d0a7b636f6d70616e797d0d0a7b616464726573735f317d0d0a7b616464726573735f327d0d0a7b636974797d2c207b7a6f6e657d207b706f7374636f64657d0d0a7b636f756e7472797d, 'Credit Card / Debit Card (Authorize.Net)', '', 1790.0000, 2500, 1, 0, 0.0000, 1, 2, 'USD', 1.00000000, '2012-04-30 21:01:57', '2012-04-30 21:02:14', '68.63.25.47'),
(95, 25, '', 0, 'USA4Fun', 'http://usa4fun.com/', 13, 8, 'martin', 'zhao', 'mononedv@gmail.com', '4145556666', '', '', '', '', '', '', '', '', '', 0, '', 0, '', '', 'martin', 'zhao', 'yibada', '137 new oriental dr.', '', 'new york', '10010', 'United States', 223, 'New York', 3655, 0x7b66697273746e616d657d207b6c6173746e616d657d0d0a7b636f6d70616e797d0d0a7b616464726573735f317d0d0a7b616464726573735f327d0d0a7b636974797d2c207b7a6f6e657d207b706f7374636f64657d0d0a7b636f756e7472797d, '信用卡/ 转账卡 (Authorize.Net)', '', 1.0000, 100, 1, 0, 0.0000, 2, 2, 'USD', 1.00000000, '2012-05-02 12:29:42', '2012-05-02 12:30:15', '68.63.25.47'),
(96, 26, '', 0, 'USA4Fun', 'http://usa4fun.com/', 13, 8, 'martin', 'zhao', 'mononedv@gmail.com', '4145556666', '', '', '', '', '', '', '', '', '', 0, '', 0, '', '', 'martin', 'zhao', 'yibada', '137 new oriental dr.', '', 'new york', '10010', 'United States', 223, 'New York', 3655, 0x7b66697273746e616d657d207b6c6173746e616d657d0d0a7b636f6d70616e797d0d0a7b616464726573735f317d0d0a7b616464726573735f327d0d0a7b636974797d2c207b7a6f6e657d207b706f7374636f64657d0d0a7b636f756e7472797d, '信用卡/ 转账卡 (Authorize.Net)', '', 315.0000, 100, 1, 0, 0.0000, 2, 2, 'USD', 1.00000000, '2012-05-02 15:39:53', '2012-05-02 15:40:09', '68.63.25.47'),
(97, 27, '', 0, 'USA4Fun', 'http://usa4fun.com/', 13, 8, 'martin', 'zhao', 'mononedv@gmail.com', '4145556666', '', '', '', '', '', '', '', '', '', 0, '', 0, '', '', 'martin', 'zhao', 'yibada', '137 new oriental dr.', '', 'new york', '10010', 'United States', 223, 'New York', 3655, 0x7b66697273746e616d657d207b6c6173746e616d657d0d0a7b636f6d70616e797d0d0a7b616464726573735f317d0d0a7b616464726573735f327d0d0a7b636974797d2c207b7a6f6e657d207b706f7374636f64657d0d0a7b636f756e7472797d, '信用卡/ 转账卡 (Authorize.Net)', '', 315.0000, 100, 1, 0, 0.0000, 2, 2, 'USD', 1.00000000, '2012-05-02 15:43:40', '2012-05-02 15:43:52', '68.63.25.47'),
(98, 28, '', 0, 'USA4Fun', 'http://usa4fun.com/', 13, 8, 'martin', 'zhao', 'mononedv@gmail.com', '4145556666', '', '', '', '', '', '', '', '', '', 0, '', 0, '', '', 'martin', 'zhao', 'yibada', '137 new oriental dr.', '', 'new york', '10010', 'United States', 223, 'New York', 3655, 0x7b66697273746e616d657d207b6c6173746e616d657d0d0a7b636f6d70616e797d0d0a7b616464726573735f317d0d0a7b616464726573735f327d0d0a7b636974797d2c207b7a6f6e657d207b706f7374636f64657d0d0a7b636f756e7472797d, 'Credit Card / Debit Card (Authorize.Net)', '', 315.0000, 100, 17, 0, 0.0000, 1, 2, 'USD', 1.00000000, '2012-05-02 15:44:57', '2012-05-02 15:45:09', '68.63.25.47'),
(99, 29, '', 0, 'USA4Fun', 'http://usa4fun.com/', 13, 8, 'martin', 'zhao', 'mononedv@gmail.com', '4145556666', '', '', '', '', '', '', '', '', '', 0, '', 0, '', '', 'martin', 'zhao', 'yibada', '137 new oriental dr.', '', 'new york', '10010', 'United States', 223, 'New York', 3655, 0x7b66697273746e616d657d207b6c6173746e616d657d0d0a7b636f6d70616e797d0d0a7b616464726573735f317d0d0a7b616464726573735f327d0d0a7b636974797d2c207b7a6f6e657d207b706f7374636f64657d0d0a7b636f756e7472797d, 'Credit Card / Debit Card (Authorize.Net)', '', 315.0000, 100, 17, 0, 0.0000, 1, 2, 'USD', 1.00000000, '2012-05-02 17:21:44', '2012-05-04 00:57:35', '68.63.25.47'),
(100, 30, '', 0, 'USA4Fun', 'http://usa4fun.com/', 13, 8, 'martin', 'zhao', 'mononedv@gmail.com', '4145556666', '', '', '', '', '', '', '', '', '', 0, '', 0, '', '', 'martin', 'zhao', 'yibada', '137 new oriental dr.', '', 'new york', '10010', 'United States', 223, 'New York', 3655, 0x7b66697273746e616d657d207b6c6173746e616d657d0d0a7b636f6d70616e797d0d0a7b616464726573735f317d0d0a7b616464726573735f327d0d0a7b636974797d2c207b7a6f6e657d207b706f7374636f64657d0d0a7b636f756e7472797d, 'Credit Card / Debit Card (Authorize.Net)', '', 315.0000, 100, 17, 0, 0.0000, 1, 2, 'USD', 1.00000000, '2012-05-02 17:24:20', '2012-05-02 17:24:33', '68.63.25.47'),
(101, 31, '', 0, 'USA4Fun', 'http://usa4fun.com/', 13, 8, 'martin', 'zhao', 'mononedv@gmail.com', '4145556666', '', '', '', '', '', '', '', '', '', 0, '', 0, '', '', 'martin', 'zhao', 'yibada', '137 new oriental dr.', '', 'new york', '10010', 'United States', 223, 'New York', 3655, 0x7b66697273746e616d657d207b6c6173746e616d657d0d0a7b636f6d70616e797d0d0a7b616464726573735f317d0d0a7b616464726573735f327d0d0a7b636974797d2c207b7a6f6e657d207b706f7374636f64657d0d0a7b636f756e7472797d, '信用卡/ 转账卡 (Authorize.Net)', '', 315.0000, 100, 17, 0, 0.0000, 2, 2, 'USD', 1.00000000, '2012-05-02 17:26:15', '2012-05-02 17:26:30', '68.63.25.47'),
(102, 0, '', 0, 'USA4Fun', 'http://usa4fun.com/', 14, 8, 'min', 'li', 'info@usa4fun.com', '648888888', '', '', '', '', '', '', '', '', '', 0, '', 0, '', '', 'min', 'li', 'test', '333 good st', '', 'new york', '10002', 'United States', 223, 'New York', 3655, 0x7b66697273746e616d657d207b6c6173746e616d657d0d0a7b636f6d70616e797d0d0a7b616464726573735f317d0d0a7b616464726573735f327d0d0a7b636974797d2c207b7a6f6e657d207b706f7374636f64657d0d0a7b636f756e7472797d, 'PayPal', 0x74657374206f726465727061796d656e742070616765206d6573736167652049206e65656420736861726520726f6f6d2e, 1557.0000, 2600, 0, 0, 0.0000, 2, 2, 'USD', 1.00000000, '2012-05-03 06:32:44', '2012-05-03 06:32:44', '66.108.142.251'),
(103, 0, '', 0, 'USA4Fun', 'http://usa4fun.com/', 13, 8, 'martin', 'zhao', 'mononedv@gmail.com', '4145556666', '', '', '', '', '', '', '', '', '', 0, '', 0, '', '', 'martin', 'zhao', 'yibada', '137 new oriental dr.', '', 'new york', '10010', 'United States', 223, 'New York', 3655, 0x7b66697273746e616d657d207b6c6173746e616d657d0d0a7b636f6d70616e797d0d0a7b616464726573735f317d0d0a7b616464726573735f327d0d0a7b636974797d2c207b7a6f6e657d207b706f7374636f64657d0d0a7b636f756e7472797d, '信用卡/ 转账卡 (Authorize.Net)', '', 315.0000, 100, 0, 0, 0.0000, 2, 2, 'USD', 1.00000000, '2012-05-03 14:26:49', '2012-05-03 14:26:49', '68.63.25.47'),
(104, 0, '', 0, 'USA4Fun', 'http://usa4fun.com/', 15, 8, 'rwqr', 'rwer', 'ruifeng59@163.com', '1231231223', '', '', '', '', '', '', '', '', '', 0, '', 0, '', '', 'rwqr', 'rwer', '122', '12112', '1221', '22', '132131', 'United States', 223, 'Armed Forces Africa', 3618, 0x7b66697273746e616d657d207b6c6173746e616d657d0d0a7b636f6d70616e797d0d0a7b616464726573735f317d0d0a7b616464726573735f327d0d0a7b636974797d2c207b7a6f6e657d207b706f7374636f64657d0d0a7b636f756e7472797d, 'PayPal', 0x6467666467, 3065.0000, 18350, 0, 0, 0.0000, 1, 2, 'USD', 1.00000000, '2012-05-03 15:47:42', '2012-05-03 15:47:42', '38.104.70.190'),
(105, 32, '', 0, 'USA4Fun', 'http://usa4fun.com/', 13, 8, 'martin', 'zhao', 'mononedv@gmail.com', '4145556666', '', '', '', '', '', '', '', '', '', 0, '', 0, '', '', 'martin', 'zhao', 'yibada', '137 new oriental dr.', '', 'new york', '10010', 'United States', 223, 'New York', 3655, 0x7b66697273746e616d657d207b6c6173746e616d657d0d0a7b636f6d70616e797d0d0a7b616464726573735f317d0d0a7b616464726573735f327d0d0a7b636974797d2c207b7a6f6e657d207b706f7374636f64657d0d0a7b636f756e7472797d, '信用卡/ 转账卡 (Authorize.Net)', '', 315.0000, 100, 17, 0, 0.0000, 2, 2, 'USD', 1.00000000, '2012-05-03 18:22:54', '2012-05-03 18:23:13', '68.63.25.47'),
(106, 33, '', 0, 'USA4Fun', 'http://usa4fun.com/', 0, 8, 'man', 'poon', 'admer999@yahoo.com', '646-335-8348', '', '', '', '', '', '', '', '', '', 0, '', 0, '', '', 'man', 'poon', '', '333 good st', '', 'new york ', '10002', 'United States', 223, 'New York', 3655, 0x7b66697273746e616d657d207b6c6173746e616d657d0d0a7b636f6d70616e797d0d0a7b616464726573735f317d0d0a7b616464726573735f327d0d0a7b636974797d2c207b7a6f6e657d207b706f7374636f64657d0d0a7b636f756e7472797d, '信用卡/ 转账卡 (Authorize.Net)', 0x647373, 1967.0000, 1535, 17, 0, 0.0000, 2, 2, 'USD', 1.00000000, '2012-05-03 19:08:13', '2012-05-03 19:09:21', '66.108.142.251'),
(107, 0, '', 0, 'USA4Fun', 'http://usa4fun.com/', 6, 8, 'test', 'pon', 'mankempoon@yahoo.com', '646-335-918-2788', '', '', '', '', '', '', '', '', '', 0, '', 0, '', '', 'test', 'pon', 'test travel', '338 new st', '', 'ny', '10002', 'United States', 223, 'New York', 3655, 0x7b66697273746e616d657d207b6c6173746e616d657d0d0a7b636f6d70616e797d0d0a7b616464726573735f317d0d0a7b616464726573735f327d0d0a7b636974797d2c207b7a6f6e657d207b706f7374636f64657d0d0a7b636f756e7472797d, 'PayPal', '', 590.0000, 2500, 0, 0, 0.0000, 1, 2, 'USD', 1.00000000, '2012-05-04 00:51:01', '2012-05-04 00:51:01', '66.108.142.251'),
(108, 0, '', 0, 'USA4Fun', 'http://usa4fun.com/', 6, 8, 'test', 'pon', 'mankempoon@yahoo.com', '646-335-918-2788', '', '', '', '', '', '', '', '', '', 0, '', 0, '', '', 'test', 'pon', 'test travel', '338 new st', '', 'ny', '10002', 'United States', 223, 'New York', 3655, 0x7b66697273746e616d657d207b6c6173746e616d657d0d0a7b636f6d70616e797d0d0a7b616464726573735f317d0d0a7b616464726573735f327d0d0a7b636974797d2c207b7a6f6e657d207b706f7374636f64657d0d0a7b636f756e7472797d, 'PayPal', '', 590.0000, 2500, 0, 0, 0.0000, 2, 2, 'USD', 1.00000000, '2012-05-04 00:51:31', '2012-05-04 00:51:31', '66.108.142.251'),
(109, 34, '', 0, 'USA4Fun', 'http://usa4fun.com/', 13, 8, 'martin', 'zhao', 'mononedv@gmail.com', '4145556666', '', '', '', '', '', '', '', '', '', 0, '', 0, '', '', 'martin', 'zhao', 'yibada', '137 new oriental dr.', '', 'new york', '10010', 'United States', 223, 'New York', 3655, 0x7b66697273746e616d657d207b6c6173746e616d657d0d0a7b636f6d70616e797d0d0a7b616464726573735f317d0d0a7b616464726573735f327d0d0a7b636974797d2c207b7a6f6e657d207b706f7374636f64657d0d0a7b636f756e7472797d, '信用卡/ 转账卡 (Authorize.Net)', '', 315.0000, 0, 17, 0, 0.0000, 2, 2, 'USD', 1.00000000, '2012-05-04 12:39:23', '2012-05-04 12:40:04', '68.63.25.47'),
(110, 0, '', 0, 'USA4Fun', 'http://usa4fun.com/', 3, 8, 'man', 'poon', 'admer999@yahoo.com', '646-335-8348', '', '', '', '', '', '', '', '', '', 0, '', 0, '', '', 'man', 'poon', 'ny1tours', '525 Grand st', '', 'New York', '10002', 'United States', 223, 'New York', 3655, 0x7b66697273746e616d657d207b6c6173746e616d657d0d0a7b636f6d70616e797d0d0a7b616464726573735f317d0d0a7b616464726573735f327d0d0a7b636974797d2c207b7a6f6e657d207b706f7374636f64657d0d0a7b636f756e7472797d, 'PayPal', '', 335.0000, 0, 0, 0, 0.0000, 2, 2, 'USD', 1.00000000, '2012-05-07 15:03:00', '2012-05-07 15:03:00', '38.104.70.190'),
(111, 0, '', 0, 'USA4Fun', 'http://usa4fun.com/', 13, 8, 'martin', 'zhao', 'mononedv@gmail.com', '4145556666', '', '', '', '', '', '', '', '', '', 0, '', 0, '', '', 'martin', 'zhao', 'yibada', '137 new oriental dr.', '', 'new york', '10010', 'United States', 223, 'New York', 3655, 0x7b66697273746e616d657d207b6c6173746e616d657d0d0a7b636f6d70616e797d0d0a7b616464726573735f317d0d0a7b616464726573735f327d0d0a7b636974797d2c207b7a6f6e657d207b706f7374636f64657d0d0a7b636f756e7472797d, '信用卡/ 转账卡 (Authorize.Net)', '', 315.0000, 0, 0, 0, 0.0000, 2, 2, 'USD', 1.00000000, '2012-05-08 16:05:19', '2012-05-08 16:05:19', '68.63.25.47'),
(112, 35, '', 0, 'USA4Fun', 'http://usa4fun.com/', 3, 8, 'man', 'poon', 'admer999@yahoo.com', '646-335-8348', '', '', '', '', '', '', '', '', '', 0, '', 0, '', '', 'man', 'poon', 'ny1tours', '525 Grand st', '', 'New York', '10002', 'United States', 223, 'New York', 3655, 0x7b66697273746e616d657d207b6c6173746e616d657d0d0a7b636f6d70616e797d0d0a7b616464726573735f317d0d0a7b616464726573735f327d0d0a7b636974797d2c207b7a6f6e657d207b706f7374636f64657d0d0a7b636f756e7472797d, '信用卡/ 转账卡 (Authorize.Net)', '', 7.0000, 85, 1, 0, 0.0000, 2, 2, 'USD', 1.00000000, '2012-05-08 16:12:15', '2012-05-08 16:13:19', '66.108.142.251'),
(113, 36, '', 0, 'USA4Fun', 'http://usa4fun.com/', 3, 8, 'man', 'poon', 'admer999@yahoo.com', '646-335-8348', '', '', '', '', '', '', '', '', '', 0, '', 0, '', '', 'man', 'poon', 'ny1tours', '525 Grand st', '', 'New York', '10002', 'United States', 223, 'New York', 3655, 0x7b66697273746e616d657d207b6c6173746e616d657d0d0a7b636f6d70616e797d0d0a7b616464726573735f317d0d0a7b616464726573735f327d0d0a7b636974797d2c207b7a6f6e657d207b706f7374636f64657d0d0a7b636f756e7472797d, '货到付款', '', 7.0000, 85, 17, 0, 0.0000, 2, 2, 'USD', 1.00000000, '2012-05-08 16:32:11', '2012-05-08 16:32:18', '66.108.142.251'),
(114, 0, '', 0, 'USA4Fun', 'http://usa4fun.com/', 0, 8, 'fsd', 'fsdfsd', 'ffsdfs@gmail.com', '12321432143214', '', '', '', '', '', '', '', '', '', 0, '', 0, '', '', 'fsd', 'fsdfsd', '', 'fsdfs', '', 'sfdf', '123123', 'United States', 223, 'Armed Forces Middle East', 3622, 0x7b66697273746e616d657d207b6c6173746e616d657d0d0a7b636f6d70616e797d0d0a7b616464726573735f317d0d0a7b616464726573735f327d0d0a7b636974797d2c207b7a6f6e657d207b706f7374636f64657d0d0a7b636f756e7472797d, 'PayPal', '', 322.0000, 85, 0, 0, 0.0000, 1, 2, 'USD', 1.00000000, '2012-05-08 17:52:16', '2012-05-08 17:52:16', '38.104.70.190'),
(115, 0, '', 0, 'USA4Fun', 'http://usa4fun.com/', 3, 8, 'man', 'poon', 'admer999@yahoo.com', '646-335-8348', '', '', '', '', '', '', '', '', '', 0, '', 0, '', '', 'man', 'poon', 'ny1tours', '525 Grand st', '', 'New York', '10002', 'United States', 223, 'New York', 3655, 0x7b66697273746e616d657d207b6c6173746e616d657d0d0a7b636f6d70616e797d0d0a7b616464726573735f317d0d0a7b616464726573735f327d0d0a7b636974797d2c207b7a6f6e657d207b706f7374636f64657d0d0a7b636f756e7472797d, 'PayPal', '', 1255.5000, 0, 0, 0, 0.0000, 2, 2, 'USD', 1.00000000, '2012-05-08 17:55:20', '2012-05-08 17:55:20', '66.108.142.251'),
(116, 0, '', 0, 'USA4Fun', 'http://usa4fun.com/', 13, 8, 'martin', 'zhao', 'mononedv@gmail.com', '4145556666', '', '', '', '', '', '', '', '', '', 0, '', 0, '', '', 'martin', 'zhao', 'yibada', '137 new oriental dr.', '', 'new york', '10010', 'United States', 223, 'New York', 3655, 0x7b66697273746e616d657d207b6c6173746e616d657d0d0a7b636f6d70616e797d0d0a7b616464726573735f317d0d0a7b616464726573735f327d0d0a7b636974797d2c207b7a6f6e657d207b706f7374636f64657d0d0a7b636f756e7472797d, 'PayPal', '', 630.0000, 0, 0, 0, 0.0000, 2, 2, 'USD', 1.00000000, '2012-05-08 17:57:42', '2012-05-08 17:57:42', '68.63.25.47'),
(117, 0, '', 0, 'USA4Fun', 'http://usa4fun.com/', 13, 8, 'martin', 'zhao', 'mononedv@gmail.com', '4145556666', '', '', '', '', '', '', '', '', '', 0, '', 0, '', '', 'martin', 'zhao', 'yibada', '137 new oriental dr.', '', 'new york', '10010', 'United States', 223, 'New York', 3655, 0x7b66697273746e616d657d207b6c6173746e616d657d0d0a7b636f6d70616e797d0d0a7b616464726573735f317d0d0a7b616464726573735f327d0d0a7b636974797d2c207b7a6f6e657d207b706f7374636f64657d0d0a7b636f756e7472797d, 'PayPal', '', 630.0000, 0, 0, 0, 0.0000, 2, 2, 'USD', 1.00000000, '2012-05-08 17:58:01', '2012-05-08 17:58:01', '68.63.25.47'),
(118, 0, '', 0, 'USA4Fun', 'http://usa4fun.com/', 13, 8, 'martin', 'zhao', 'mononedv@gmail.com', '4145556666', '', '', '', '', '', '', '', '', '', 0, '', 0, '', '', 'martin', 'zhao', 'yibada', '137 new oriental dr.', '', 'new york', '10010', 'United States', 223, 'New York', 3655, 0x7b66697273746e616d657d207b6c6173746e616d657d0d0a7b636f6d70616e797d0d0a7b616464726573735f317d0d0a7b616464726573735f327d0d0a7b636974797d2c207b7a6f6e657d207b706f7374636f64657d0d0a7b636f756e7472797d, 'PayPal', '', 630.0000, 0, 0, 0, 0.0000, 2, 2, 'USD', 1.00000000, '2012-05-08 17:58:21', '2012-05-08 17:58:21', '68.63.25.47'),
(119, 0, '', 0, 'USA4Fun', 'http://usa4fun.com/', 13, 8, 'martin', 'zhao', 'mononedv@gmail.com', '4145556666', '', '', '', '', '', '', '', '', '', 0, '', 0, '', '', 'martin', 'zhao', 'yibada', '137 new oriental dr.', '', 'new york', '10010', 'United States', 223, 'New York', 3655, 0x7b66697273746e616d657d207b6c6173746e616d657d0d0a7b636f6d70616e797d0d0a7b616464726573735f317d0d0a7b616464726573735f327d0d0a7b636974797d2c207b7a6f6e657d207b706f7374636f64657d0d0a7b636f756e7472797d, 'PayPal', '', 630.0000, 0, 0, 0, 0.0000, 2, 2, 'USD', 1.00000000, '2012-05-08 17:59:03', '2012-05-08 17:59:03', '68.63.25.47'),
(120, 0, '', 0, 'USA4Fun', 'http://usa4fun.com/', 0, 8, 'fsd', 'fsdfsd', 'ffsdfs@gmail.com', '12321432143214', '', '', '', '', '', '', '', '', '', 0, '', 0, '', '', 'fsd', 'fsdfsd', '', 'fsdfs', '', 'sfdf', '123123', 'United States', 223, 'Armed Forces Middle East', 3622, 0x7b66697273746e616d657d207b6c6173746e616d657d0d0a7b636f6d70616e797d0d0a7b616464726573735f317d0d0a7b616464726573735f327d0d0a7b636974797d2c207b7a6f6e657d207b706f7374636f64657d0d0a7b636f756e7472797d, 'PayPal', '', 322.0000, 85, 0, 0, 0.0000, 2, 2, 'USD', 1.00000000, '2012-05-08 18:06:25', '2012-05-08 18:06:25', '38.104.70.190'),
(121, 0, '', 0, 'USA4Fun', 'http://usa4fun.com/', 0, 8, 'fsd', 'fsdfsd', 'ffsdfs@gmail.com', '12321432143214', '', '', '', '', '', '', '', '', '', 0, '', 0, '', '', 'fsd', 'fsdfsd', '', 'fsdfs', '', 'sfdf', '123123', 'United States', 223, 'Armed Forces Middle East', 3622, 0x7b66697273746e616d657d207b6c6173746e616d657d0d0a7b636f6d70616e797d0d0a7b616464726573735f317d0d0a7b616464726573735f327d0d0a7b636974797d2c207b7a6f6e657d207b706f7374636f64657d0d0a7b636f756e7472797d, 'PayPal', '', 322.0000, 85, 0, 0, 0.0000, 2, 2, 'USD', 1.00000000, '2012-05-08 18:07:29', '2012-05-08 18:07:29', '38.104.70.190'),
(122, 0, '', 0, 'USA4Fun', 'http://usa4fun.com/', 0, 8, 'fsd', 'fsdfsd', 'ffsdfs@gmail.com', '12321432143214', '', '', '', '', '', '', '', '', '', 0, '', 0, '', '', 'fsd', 'fsdfsd', '', 'fsdfs', '', 'sfdf', '123123', 'United States', 223, 'Armed Forces Middle East', 3622, 0x7b66697273746e616d657d207b6c6173746e616d657d0d0a7b636f6d70616e797d0d0a7b616464726573735f317d0d0a7b616464726573735f327d0d0a7b636974797d2c207b7a6f6e657d207b706f7374636f64657d0d0a7b636f756e7472797d, 'PayPal', '', 322.0000, 85, 0, 0, 0.0000, 2, 2, 'USD', 1.00000000, '2012-05-08 18:07:55', '2012-05-08 18:07:55', '38.104.70.190'),
(123, 0, '', 0, 'USA4Fun', 'http://usa4fun.com/', 3, 8, 'man', 'poon', 'admer999@yahoo.com', '646-335-8348', '', '', '', '', '', '', '', '', '', 0, '', 0, '', '', 'man', 'poon', 'ny1tours', '525 Grand st', '', 'New York', '10002', 'United States', 223, 'New York', 3655, 0x7b66697273746e616d657d207b6c6173746e616d657d0d0a7b636f6d70616e797d0d0a7b616464726573735f317d0d0a7b616464726573735f327d0d0a7b636974797d2c207b7a6f6e657d207b706f7374636f64657d0d0a7b636f756e7472797d, 'PayPal', '', 1255.5000, 0, 0, 0, 0.0000, 2, 2, 'USD', 1.00000000, '2012-05-08 18:08:33', '2012-05-08 18:08:33', '66.108.142.251'),
(124, 0, '', 0, 'USA4Fun', 'http://usa4fun.com/', 0, 8, 'fsd', 'fsdfsd', 'ffsdfs@gmail.com', '12321432143214', '', '', '', '', '', '', '', '', '', 0, '', 0, '', '', 'fsd', 'fsdfsd', '', 'fsdfs', '', 'sfdf', '123123', 'United States', 223, 'Armed Forces Middle East', 3622, 0x7b66697273746e616d657d207b6c6173746e616d657d0d0a7b636f6d70616e797d0d0a7b616464726573735f317d0d0a7b616464726573735f327d0d0a7b636974797d2c207b7a6f6e657d207b706f7374636f64657d0d0a7b636f756e7472797d, 'PayPal', '', 897.0000, 2585, 0, 0, 0.0000, 2, 2, 'USD', 1.00000000, '2012-05-08 18:08:54', '2012-05-08 18:08:54', '38.104.70.190'),
(125, 0, '', 0, 'USA4Fun', 'http://usa4fun.com/', 0, 8, 'fsdf', 'sfsd', 'ffs@gami.com', '2342342', '', '', '', '', '', '', '', '', '', 0, '', 0, '', '', 'fsdf', 'sfsd', '', 'sfdsfs', '', 'fsdfs', '234243', 'United States', 223, 'District of Columbia', 3628, 0x7b66697273746e616d657d207b6c6173746e616d657d0d0a7b636f6d70616e797d0d0a7b616464726573735f317d0d0a7b616464726573735f327d0d0a7b636974797d2c207b7a6f6e657d207b706f7374636f64657d0d0a7b636f756e7472797d, 'PayPal', '', 637.0000, 4535, 0, 0, 0.0000, 2, 2, 'USD', 1.00000000, '2012-05-08 18:13:12', '2012-05-08 18:13:12', '38.104.70.190'),
(126, 0, '', 0, 'USA4Fun', 'http://usa4fun.com/', 13, 8, 'martin', 'zhao', 'mononedv@gmail.com', '4145556666', '', '', '', '', '', '', '', '', '', 0, '', 0, '', '', 'martin', 'zhao', 'yibada', '137 new oriental dr.', '', 'new york', '10010', 'United States', 223, 'New York', 3655, 0x7b66697273746e616d657d207b6c6173746e616d657d0d0a7b636f6d70616e797d0d0a7b616464726573735f317d0d0a7b616464726573735f327d0d0a7b636974797d2c207b7a6f6e657d207b706f7374636f64657d0d0a7b636f756e7472797d, 'PayPal', '', 945.0000, 0, 0, 0, 0.0000, 2, 2, 'USD', 1.00000000, '2012-05-08 18:13:12', '2012-05-08 18:13:12', '68.63.25.47'),
(127, 0, '', 0, 'USA4Fun', 'http://usa4fun.com/', 0, 8, 'fsdf', 'fsdf', 'fsdf@g.com', '12433213', '', '', '', '', '', '', '', '', '', 0, '', 0, '', '', 'fsdf', 'fsdf', '', 'fsdfs', '', 'fsdf', '23424', 'United States', 223, 'Delaware', 3627, 0x7b66697273746e616d657d207b6c6173746e616d657d0d0a7b636f6d70616e797d0d0a7b616464726573735f317d0d0a7b616464726573735f327d0d0a7b636974797d2c207b7a6f6e657d207b706f7374636f64657d0d0a7b636f756e7472797d, 'PayPal', '', 295.0000, 3250, 0, 0, 0.0000, 2, 2, 'USD', 1.00000000, '2012-05-08 18:15:54', '2012-05-08 18:15:54', '38.104.70.190'),
(128, 0, '', 0, 'USA4Fun', 'http://usa4fun.com/', 13, 8, 'martin', 'zhao', 'mononedv@gmail.com', '4145556666', '', '', '', '', '', '', '', '', '', 0, '', 0, '', '', 'martin', 'zhao', 'yibada', '137 new oriental dr.', '', 'new york', '10010', 'United States', 223, 'New York', 3655, 0x7b66697273746e616d657d207b6c6173746e616d657d0d0a7b636f6d70616e797d0d0a7b616464726573735f317d0d0a7b616464726573735f327d0d0a7b636974797d2c207b7a6f6e657d207b706f7374636f64657d0d0a7b636f756e7472797d, '信用卡/ 转账卡 (Authorize.Net)', '', 315.0000, 0, 0, 0, 0.0000, 2, 2, 'USD', 1.00000000, '2012-05-08 18:17:07', '2012-05-08 18:17:07', '68.63.25.47'),
(129, 0, '', 0, 'USA4Fun', 'http://usa4fun.com/', 13, 8, 'martin', 'zhao', 'mononedv@gmail.com', '4145556666', '', '', '', '', '', '', '', '', '', 0, '', 0, '', '', 'martin', 'zhao', 'yibada', '137 new oriental dr.', '', 'new york', '10010', 'United States', 223, 'New York', 3655, 0x7b66697273746e616d657d207b6c6173746e616d657d0d0a7b636f6d70616e797d0d0a7b616464726573735f317d0d0a7b616464726573735f327d0d0a7b636974797d2c207b7a6f6e657d207b706f7374636f64657d0d0a7b636f756e7472797d, 'PayPal', '', 315.0000, 0, 0, 0, 0.0000, 1, 2, 'USD', 1.00000000, '2012-05-08 18:18:04', '2012-05-08 18:18:04', '68.63.25.47'),
(130, 0, '', 0, 'USA4Fun', 'http://usa4fun.com/', 13, 8, 'martin', 'zhao', 'mononedv@gmail.com', '4145556666', '', '', '', '', '', '', '', '', '', 0, '', 0, '', '', 'martin', 'zhao', 'yibada', '137 new oriental dr.', '', 'new york', '10010', 'United States', 223, 'New York', 3655, 0x7b66697273746e616d657d207b6c6173746e616d657d0d0a7b636f6d70616e797d0d0a7b616464726573735f317d0d0a7b616464726573735f327d0d0a7b636974797d2c207b7a6f6e657d207b706f7374636f64657d0d0a7b636f756e7472797d, 'PayPal', '', 315.0000, 0, 0, 0, 0.0000, 2, 2, 'USD', 1.00000000, '2012-05-08 18:18:17', '2012-05-08 18:18:17', '68.63.25.47'),
(131, 0, '', 0, 'USA4Fun', 'http://usa4fun.com/', 3, 8, 'man', 'poon', 'admer999@yahoo.com', '646-335-8348', '', '', '', '', '', '', '', '', '', 0, '', 0, '', '', 'man', 'poon', 'ny1tours', '525 Grand st', '', 'New York', '10002', 'United States', 223, 'New York', 3655, 0x7b66697273746e616d657d207b6c6173746e616d657d0d0a7b636f6d70616e797d0d0a7b616464726573735f317d0d0a7b616464726573735f327d0d0a7b636974797d2c207b7a6f6e657d207b706f7374636f64657d0d0a7b636f756e7472797d, 'Credit Card / Debit Card (Authorize.Net)', '', 1093.5000, 0, 0, 0, 0.0000, 1, 2, 'USD', 1.00000000, '2012-05-08 18:27:44', '2012-05-08 18:27:44', '66.108.142.251'),
(132, 0, '', 0, 'USA4Fun', 'http://usa4fun.com/', 3, 8, 'man', 'poon', 'admer999@yahoo.com', '646-335-8348', '', '', '', '', '', '', '', '', '', 0, '', 0, '', '', 'man', 'poon', 'ny1tours', '525 Grand st', '', 'New York', '10002', 'United States', 223, 'New York', 3655, 0x7b66697273746e616d657d207b6c6173746e616d657d0d0a7b636f6d70616e797d0d0a7b616464726573735f317d0d0a7b616464726573735f327d0d0a7b636974797d2c207b7a6f6e657d207b706f7374636f64657d0d0a7b636f756e7472797d, 'Credit Card / Debit Card (Authorize.Net)', '', 14.0000, 85, 0, 0, 0.0000, 1, 2, 'USD', 1.00000000, '2012-05-08 18:33:46', '2012-05-08 18:33:46', '66.108.142.251'),
(133, 0, '', 0, 'USA4Fun', 'http://usa4fun.com/', 3, 8, 'man', 'poon', 'admer999@yahoo.com', '646-335-8348', '', '', '', '', '', '', '', '', '', 0, '', 0, '', '', 'man', 'poon', 'ny1tours', '525 Grand st', '', 'New York', '10002', 'United States', 223, 'New York', 3655, 0x7b66697273746e616d657d207b6c6173746e616d657d0d0a7b636f6d70616e797d0d0a7b616464726573735f317d0d0a7b616464726573735f327d0d0a7b636974797d2c207b7a6f6e657d207b706f7374636f64657d0d0a7b636f756e7472797d, 'PayPal', '', 14.0000, 85, 0, 0, 0.0000, 1, 2, 'USD', 1.00000000, '2012-05-08 18:34:07', '2012-05-08 18:34:07', '66.108.142.251'),
(134, 0, '', 0, 'USA4Fun', 'http://usa4fun.com/', 13, 8, 'martin', 'zhao', 'mononedv@gmail.com', '4145556666', '', '', '', '', '', '', '', '', '', 0, '', 0, '', '', 'martin', 'zhao', 'yibada', '137 new oriental dr.', '', 'new york', '10010', 'United States', 223, 'New York', 3655, 0x7b66697273746e616d657d207b6c6173746e616d657d0d0a7b636f6d70616e797d0d0a7b616464726573735f317d0d0a7b616464726573735f327d0d0a7b636974797d2c207b7a6f6e657d207b706f7374636f64657d0d0a7b636f756e7472797d, 'PayPal', '', 630.0000, 0, 0, 0, 0.0000, 1, 2, 'USD', 1.00000000, '2012-05-08 18:40:15', '2012-05-08 18:40:15', '68.63.25.47'),
(135, 0, '', 0, 'USA4Fun', 'http://usa4fun.com/', 13, 8, 'martin', 'zhao', 'mononedv@gmail.com', '4145556666', '', '', '', '', '', '', '', '', '', 0, '', 0, '', '', 'martin', 'zhao', 'yibada', '137 new oriental dr.', '', 'new york', '10010', 'United States', 223, 'New York', 3655, 0x7b66697273746e616d657d207b6c6173746e616d657d0d0a7b636f6d70616e797d0d0a7b616464726573735f317d0d0a7b616464726573735f327d0d0a7b636974797d2c207b7a6f6e657d207b706f7374636f64657d0d0a7b636f756e7472797d, 'PayPal', '', 630.0000, 0, 0, 0, 0.0000, 1, 2, 'USD', 1.00000000, '2012-05-08 18:41:40', '2012-05-08 18:41:40', '68.63.25.47'),
(136, 0, '', 0, 'USA4Fun', 'http://usa4fun.com/', 13, 8, 'martin', 'zhao', 'mononedv@gmail.com', '4145556666', '', '', '', '', '', '', '', '', '', 0, '', 0, '', '', 'martin', 'zhao', 'yibada', '137 new oriental dr.', '', 'new york', '10010', 'United States', 223, 'New York', 3655, 0x7b66697273746e616d657d207b6c6173746e616d657d0d0a7b636f6d70616e797d0d0a7b616464726573735f317d0d0a7b616464726573735f327d0d0a7b636974797d2c207b7a6f6e657d207b706f7374636f64657d0d0a7b636f756e7472797d, 'PayPal', '', 925.0000, 3250, 0, 0, 0.0000, 1, 2, 'USD', 1.00000000, '2012-05-08 18:43:06', '2012-05-08 18:43:06', '68.63.25.47'),
(137, 0, '', 0, 'USA4Fun', 'http://usa4fun.com/', 3, 8, 'man', 'poon', 'admer999@yahoo.com', '646-335-8348', '', '', '', '', '', '', '', '', '', 0, '', 0, '', '', 'man', 'poon', 'ny1tours', '525 Grand st', '', 'New York', '10002', 'United States', 223, 'New York', 3655, 0x7b66697273746e616d657d207b6c6173746e616d657d0d0a7b636f6d70616e797d0d0a7b616464726573735f317d0d0a7b616464726573735f327d0d0a7b636974797d2c207b7a6f6e657d207b706f7374636f64657d0d0a7b636f756e7472797d, 'PayPal', '', 2453.0000, 2585, 0, 0, 0.0000, 1, 2, 'USD', 1.00000000, '2012-05-08 18:54:30', '2012-05-08 18:54:30', '66.108.142.251'),
(138, 37, '', 0, 'USA4Fun', 'http://usa4fun.com/', 13, 8, 'martin', 'zhao', 'mononedv@gmail.com', '4145556666', '', '', '', '', '', '', '', '', '', 0, '', 0, '', '', 'martin', 'zhao', 'yibada', '137 new oriental dr.', '', 'new york', '10010', 'United States', 223, 'New York', 3655, 0x7b66697273746e616d657d207b6c6173746e616d657d0d0a7b636f6d70616e797d0d0a7b616464726573735f317d0d0a7b616464726573735f327d0d0a7b636974797d2c207b7a6f6e657d207b706f7374636f64657d0d0a7b636f756e7472797d, 'Credit Card / Debit Card (Authorize.Net)', '', 315.0000, 0, 17, 0, 0.0000, 1, 2, 'USD', 1.00000000, '2012-05-09 07:30:49', '2012-05-09 08:52:34', '68.63.25.47'),
(139, 38, '', 0, 'USA4Fun', 'http://usa4fun.com/', 13, 8, 'martin', 'zhao', 'mononedv@gmail.com', '4145556666', '', '', '', '', '', '', '', '', '', 0, '', 0, '', '', 'martin', 'zhao', 'yibada', '137 new oriental dr.', '', 'new york', '10010', 'United States', 223, 'New York', 3655, 0x7b66697273746e616d657d207b6c6173746e616d657d0d0a7b636f6d70616e797d0d0a7b616464726573735f317d0d0a7b616464726573735f327d0d0a7b636974797d2c207b7a6f6e657d207b706f7374636f64657d0d0a7b636f756e7472797d, 'Credit Card / Debit Card (Authorize.Net)', '', 315.0000, 0, 17, 0, 0.0000, 1, 2, 'USD', 1.00000000, '2012-05-09 08:56:16', '2012-05-09 08:56:27', '68.63.25.47'),
(140, 39, '', 0, 'USA4Fun', 'http://usa4fun.com/', 13, 8, 'martin', 'zhao', 'mononedv@gmail.com', '4145556666', '', '', '', '', '', '', '', '', '', 0, '', 0, '', '', 'martin', 'zhao', 'yibada', '137 new oriental dr.', '', 'new york', '10010', 'United States', 223, 'New York', 3655, 0x7b66697273746e616d657d207b6c6173746e616d657d0d0a7b636f6d70616e797d0d0a7b616464726573735f317d0d0a7b616464726573735f327d0d0a7b636974797d2c207b7a6f6e657d207b706f7374636f64657d0d0a7b636f756e7472797d, 'Credit Card / Debit Card (Authorize.Net)', '', 315.0000, 0, 1, 0, 0.0000, 1, 2, 'USD', 1.00000000, '2012-05-09 08:58:47', '2012-05-09 08:58:58', '68.63.25.47'),
(141, 40, '', 0, 'USA4Fun', 'http://usa4fun.com/', 13, 8, 'martin', 'zhao', 'mononedv@gmail.com', '4145556666', '', '', '', '', '', '', '', '', '', 0, '', 0, '', '', 'martin', 'zhao', 'yibada', '137 new oriental dr.', '', 'new york', '10010', 'United States', 223, 'New York', 3655, 0x7b66697273746e616d657d207b6c6173746e616d657d0d0a7b636f6d70616e797d0d0a7b616464726573735f317d0d0a7b616464726573735f327d0d0a7b636974797d2c207b7a6f6e657d207b706f7374636f64657d0d0a7b636f756e7472797d, 'Credit Card / Debit Card (Authorize.Net)', '', 315.0000, 0, 1, 0, 0.0000, 1, 2, 'USD', 1.00000000, '2012-05-09 09:01:10', '2012-05-09 09:01:20', '68.63.25.47'),
(142, 41, '', 0, 'USA4Fun', 'http://usa4fun.com/', 13, 8, 'martin', 'zhao', 'mononedv@gmail.com', '4145556666', '', '', '', '', '', '', '', '', '', 0, '', 0, '', '', 'martin', 'zhao', 'yibada', '137 new oriental dr.', '', 'new york', '10010', 'United States', 223, 'New York', 3655, 0x7b66697273746e616d657d207b6c6173746e616d657d0d0a7b636f6d70616e797d0d0a7b616464726573735f317d0d0a7b616464726573735f327d0d0a7b636974797d2c207b7a6f6e657d207b706f7374636f64657d0d0a7b636f756e7472797d, 'Credit Card / Debit Card (Authorize.Net)', '', 315.0000, 0, 1, 0, 0.0000, 1, 2, 'USD', 1.00000000, '2012-05-09 09:05:18', '2012-05-09 09:05:28', '68.63.25.47'),
(143, 42, '', 0, 'USA4Fun', 'http://usa4fun.com/', 13, 8, 'martin', 'zhao', 'mononedv@gmail.com', '4145556666', '', '', '', '', '', '', '', '', '', 0, '', 0, '', '', 'martin', 'zhao', 'yibada', '137 new oriental dr.', '', 'new york', '10010', 'United States', 223, 'New York', 3655, 0x7b66697273746e616d657d207b6c6173746e616d657d0d0a7b636f6d70616e797d0d0a7b616464726573735f317d0d0a7b616464726573735f327d0d0a7b636974797d2c207b7a6f6e657d207b706f7374636f64657d0d0a7b636f756e7472797d, 'Credit Card / Debit Card (Authorize.Net)', '', 315.0000, 0, 1, 0, 0.0000, 1, 2, 'USD', 1.00000000, '2012-05-09 09:07:43', '2012-05-09 09:07:51', '68.63.25.47'),
(144, 43, '', 0, 'USA4Fun', 'http://usa4fun.com/', 13, 8, 'martin', 'zhao', 'mononedv@gmail.com', '4145556666', '', '', '', '', '', '', '', '', '', 0, '', 0, '', '', 'martin', 'zhao', 'yibada', '137 new oriental dr.', '', 'new york', '10010', 'United States', 223, 'New York', 3655, 0x7b66697273746e616d657d207b6c6173746e616d657d0d0a7b636f6d70616e797d0d0a7b616464726573735f317d0d0a7b616464726573735f327d0d0a7b636974797d2c207b7a6f6e657d207b706f7374636f64657d0d0a7b636f756e7472797d, 'Credit Card / Debit Card (Authorize.Net)', '', 315.0000, 0, 1, 0, 0.0000, 1, 2, 'USD', 1.00000000, '2012-05-09 09:09:20', '2012-05-09 09:10:08', '68.63.25.47'),
(145, 44, '', 0, 'USA4Fun', 'http://usa4fun.com/', 13, 8, 'martin', 'zhao', 'mononedv@gmail.com', '4145556666', '', '', '', '', '', '', '', '', '', 0, '', 0, '', '', 'martin', 'zhao', 'yibada', '137 new oriental dr.', '', 'new york', '10010', 'United States', 223, 'New York', 3655, 0x7b66697273746e616d657d207b6c6173746e616d657d0d0a7b636f6d70616e797d0d0a7b616464726573735f317d0d0a7b616464726573735f327d0d0a7b636974797d2c207b7a6f6e657d207b706f7374636f64657d0d0a7b636f756e7472797d, 'Credit Card / Debit Card (Authorize.Net)', '', 315.0000, 0, 1, 0, 0.0000, 1, 2, 'USD', 1.00000000, '2012-05-09 09:19:26', '2012-05-09 09:19:36', '68.63.25.47'),
(146, 45, '', 0, 'USA4Fun', 'http://usa4fun.com/', 13, 8, 'martin', 'zhao', 'mononedv@gmail.com', '4145556666', '', '', '', '', '', '', '', '', '', 0, '', 0, '', '', 'martin', 'zhao', 'yibada', '137 new oriental dr.', '', 'new york', '10010', 'United States', 223, 'New York', 3655, 0x7b66697273746e616d657d207b6c6173746e616d657d0d0a7b636f6d70616e797d0d0a7b616464726573735f317d0d0a7b616464726573735f327d0d0a7b636974797d2c207b7a6f6e657d207b706f7374636f64657d0d0a7b636f756e7472797d, 'Credit Card / Debit Card (Authorize.Net)', '', 315.0000, 0, 1, 0, 0.0000, 1, 2, 'USD', 1.00000000, '2012-05-09 09:27:29', '2012-05-09 09:27:42', '68.63.25.47'),
(147, 46, '', 0, 'USA4Fun', 'http://usa4fun.com/', 13, 8, 'martin', 'zhao', 'mononedv@gmail.com', '4145556666', '', '', '', '', '', '', '', '', '', 0, '', 0, '', '', 'martin', 'zhao', 'yibada', '137 new oriental dr.', '', 'new york', '10010', 'United States', 223, 'New York', 3655, 0x7b66697273746e616d657d207b6c6173746e616d657d0d0a7b636f6d70616e797d0d0a7b616464726573735f317d0d0a7b616464726573735f327d0d0a7b636974797d2c207b7a6f6e657d207b706f7374636f64657d0d0a7b636f756e7472797d, 'Credit Card / Debit Card (Authorize.Net)', '', 315.0000, 0, 1, 0, 0.0000, 1, 2, 'USD', 1.00000000, '2012-05-09 09:28:56', '2012-05-09 09:29:09', '68.63.25.47'),
(148, 47, '', 0, 'USA4Fun', 'http://usa4fun.com/', 13, 8, 'martin', 'zhao', 'mononedv@gmail.com', '4145556666', '', '', '', '', '', '', '', '', '', 0, '', 0, '', '', 'martin', 'zhao', 'yibada', '137 new oriental dr.', '', 'new york', '10010', 'United States', 223, 'New York', 3655, 0x7b66697273746e616d657d207b6c6173746e616d657d0d0a7b636f6d70616e797d0d0a7b616464726573735f317d0d0a7b616464726573735f327d0d0a7b636974797d2c207b7a6f6e657d207b706f7374636f64657d0d0a7b636f756e7472797d, 'Credit Card / Debit Card (Authorize.Net)', '', 315.0000, 0, 1, 0, 0.0000, 1, 2, 'USD', 1.00000000, '2012-05-09 09:34:30', '2012-05-09 09:34:59', '68.63.25.47'),
(149, 48, '', 0, 'USA4Fun', 'http://usa4fun.com/', 13, 8, 'martin', 'zhao', 'mononedv@gmail.com', '4145556666', '', '', '', '', '', '', '', '', '', 0, '', 0, '', '', 'martin', 'zhao', 'yibada', '137 new oriental dr.', '', 'new york', '10010', 'United States', 223, 'New York', 3655, 0x7b66697273746e616d657d207b6c6173746e616d657d0d0a7b636f6d70616e797d0d0a7b616464726573735f317d0d0a7b616464726573735f327d0d0a7b636974797d2c207b7a6f6e657d207b706f7374636f64657d0d0a7b636f756e7472797d, 'Credit Card / Debit Card (Authorize.Net)', '', 315.0000, 0, 1, 0, 0.0000, 1, 2, 'USD', 1.00000000, '2012-05-09 09:35:33', '2012-05-09 09:35:43', '68.63.25.47'),
(150, 49, '', 0, 'USA4Fun', 'http://usa4fun.com/', 13, 8, 'martin', 'zhao', 'mononedv@gmail.com', '4145556666', '', '', '', '', '', '', '', '', '', 0, '', 0, '', '', 'martin', 'zhao', 'yibada', '137 new oriental dr.', '', 'new york', '10010', 'United States', 223, 'New York', 3655, 0x7b66697273746e616d657d207b6c6173746e616d657d0d0a7b636f6d70616e797d0d0a7b616464726573735f317d0d0a7b616464726573735f327d0d0a7b636974797d2c207b7a6f6e657d207b706f7374636f64657d0d0a7b636f756e7472797d, 'Credit Card / Debit Card (Authorize.Net)', '', 315.0000, 0, 1, 0, 0.0000, 1, 2, 'USD', 1.00000000, '2012-05-09 09:39:54', '2012-05-09 09:40:04', '68.63.25.47'),
(151, 50, '', 0, 'USA4Fun', 'http://usa4fun.com/', 13, 8, 'martin', 'zhao', 'mononedv@gmail.com', '4145556666', '', '', '', '', '', '', '', '', '', 0, '', 0, '', '', 'martin', 'zhao', 'yibada', '137 new oriental dr.', '', 'new york', '10010', 'United States', 223, 'New York', 3655, 0x7b66697273746e616d657d207b6c6173746e616d657d0d0a7b636f6d70616e797d0d0a7b616464726573735f317d0d0a7b616464726573735f327d0d0a7b636974797d2c207b7a6f6e657d207b706f7374636f64657d0d0a7b636f756e7472797d, 'Credit Card / Debit Card (Authorize.Net)', '', 315.0000, 0, 17, 0, 0.0000, 1, 2, 'USD', 1.00000000, '2012-05-09 09:40:23', '2012-05-09 09:40:34', '68.63.25.47'),
(152, 0, '', 0, 'USA4Fun', 'http://usa4fun.com/', 0, 8, 'test member055', 'last', 'info@goto-ny.com', '666666666', '', '', '', '', '', '', '', '', '', 0, '', 0, '', '', 'test member055', 'last', 'test', '555 99 grd', '', 'New York', '10002', 'United States', 223, 'New York', 3655, 0x7b66697273746e616d657d207b6c6173746e616d657d0d0a7b636f6d70616e797d0d0a7b616464726573735f317d0d0a7b616464726573735f327d0d0a7b636974797d2c207b7a6f6e657d207b706f7374636f64657d0d0a7b636f756e7472797d, '信用卡/ 转账卡 (Authorize.Net)', '', 517.5000, 2500, 0, 0, 0.0000, 2, 2, 'USD', 1.00000000, '2012-05-09 18:19:41', '2012-05-09 18:19:41', '66.108.142.251'),
(153, 0, '', 0, 'USA4Fun', 'http://usa4fun.com/', 22, 8, 'test eng ', 'li', 'service@goto-ny.com', '688888888', '', '', '', '', '', '', '', '', '', 0, '', 0, '', '', 'test eng ', 'li', 'test eng', '555 jjj k ', '', 'New York', '10002', 'United States', 223, 'New York', 3655, 0x7b66697273746e616d657d207b6c6173746e616d657d0d0a7b636f6d70616e797d0d0a7b616464726573735f317d0d0a7b616464726573735f327d0d0a7b636974797d2c207b7a6f6e657d207b706f7374636f64657d0d0a7b636f756e7472797d, 'Credit Card / Debit Card (Authorize.Net)', 0x74657374206f72646572, 517.5000, 2500, 0, 0, 0.0000, 1, 2, 'USD', 1.00000000, '2012-05-09 18:22:45', '2012-05-09 18:22:45', '66.108.142.251'),
(154, 0, '', 0, 'USA4Fun', 'http://usa4fun.com/', 22, 8, 'test eng ', 'li', 'service@goto-ny.com', '688888888', '', '', '', '', '', '', '', '', '', 0, '', 0, '', '', 'test eng ', 'li', 'test eng', '555 jjj k ', '', 'New York', '10002', 'United States', 223, 'New York', 3655, 0x7b66697273746e616d657d207b6c6173746e616d657d0d0a7b636f6d70616e797d0d0a7b616464726573735f317d0d0a7b616464726573735f327d0d0a7b636974797d2c207b7a6f6e657d207b706f7374636f64657d0d0a7b636f756e7472797d, 'PayPal', 0x74657374206f72646572, 517.5000, 2500, 0, 0, 0.0000, 1, 2, 'USD', 1.00000000, '2012-05-09 18:23:31', '2012-05-09 18:23:31', '66.108.142.251'),
(155, 0, '', 0, 'USA4Fun', 'http://usa4fun.com/', 22, 8, 'test eng ', 'li', 'service@goto-ny.com', '688888888', '', '', '', '', '', '', '', '', '', 0, '', 0, '', '', 'test eng ', 'li', 'test eng', '555 jjj k ', '', 'New York', '10002', 'United States', 223, 'New York', 3655, 0x7b66697273746e616d657d207b6c6173746e616d657d0d0a7b636f6d70616e797d0d0a7b616464726573735f317d0d0a7b616464726573735f327d0d0a7b636974797d2c207b7a6f6e657d207b706f7374636f64657d0d0a7b636f756e7472797d, 'PayPal', 0x74657374206f72646572, 517.5000, 2500, 0, 0, 0.0000, 2, 2, 'USD', 1.00000000, '2012-05-09 18:24:05', '2012-05-09 18:24:05', '66.108.142.251'),
(156, 0, '', 0, 'USA4Fun', 'http://usa4fun.com/', 22, 8, 'test eng ', 'li', 'service@goto-ny.com', '688888888', '', '', '', '', '', '', '', '', '', 0, '', 0, '', '', 'test eng ', 'li', 'test eng', '555 jjj k ', '', 'New York', '10002', 'United States', 223, 'New York', 3655, 0x7b66697273746e616d657d207b6c6173746e616d657d0d0a7b636f6d70616e797d0d0a7b616464726573735f317d0d0a7b616464726573735f327d0d0a7b636974797d2c207b7a6f6e657d207b706f7374636f64657d0d0a7b636f756e7472797d, '信用卡/ 转账卡 (Authorize.Net)', 0x74657374206f72646572, 517.5000, 2500, 0, 0, 0.0000, 2, 2, 'USD', 1.00000000, '2012-05-09 18:24:32', '2012-05-09 18:24:32', '66.108.142.251'),
(157, 51, '', 0, 'USA4Fun', 'http://usa4fun.com/', 13, 8, 'martin', 'zhao', 'mononedv@gmail.com', '4145556666', '', '', '', '', '', '', '', '', '', 0, '', 0, '', '', 'martin', 'zhao', 'yibada', '137 new oriental dr.', '', 'new york', '10010', 'United States', 223, 'New York', 3655, 0x7b66697273746e616d657d207b6c6173746e616d657d0d0a7b636f6d70616e797d0d0a7b616464726573735f317d0d0a7b616464726573735f327d0d0a7b636974797d2c207b7a6f6e657d207b706f7374636f64657d0d0a7b636f756e7472797d, 'Credit Card / Debit Card (Authorize.Net)', '', 315.0000, 0, 17, 0, 0.0000, 1, 2, 'USD', 1.00000000, '2012-05-23 18:18:03', '2012-05-23 18:18:22', '68.63.25.47'),
(158, 0, '', 0, 'USA4Fun', 'http://usa4fun.com/', 13, 8, 'martin', 'zhao', 'mononedv@gmail.com', '4145556666', '', '', '', '', '', '', '', '', '', 0, '', 0, '', '', 'martin', 'zhao', 'yibada', '137 new oriental dr.', '', 'new york', '10010', 'United States', 223, 'New York', 3655, 0x7b66697273746e616d657d207b6c6173746e616d657d0d0a7b636f6d70616e797d0d0a7b616464726573735f317d0d0a7b616464726573735f327d0d0a7b636974797d2c207b7a6f6e657d207b706f7374636f64657d0d0a7b636f756e7472797d, 'PayPal', '', 315.0000, 0, 0, 0, 0.0000, 1, 2, 'USD', 1.00000000, '2012-05-23 18:18:41', '2012-05-23 18:18:41', '68.63.25.47'),
(159, 52, '', 0, 'USA4Fun', 'http://usa4fun.com/', 3, 8, 'man', 'poon', 'admer999@yahoo.com', '646--838', '', '', '', '', '', '', '', '', '', 0, '', 0, '', '', 'man', 'poon', 'ny1tours', '525 Grand st', '', 'New York', '10002', 'United States', 223, 'New York', 3655, 0x7b66697273746e616d657d207b6c6173746e616d657d0d0a7b636f6d70616e797d0d0a7b616464726573735f317d0d0a7b616464726573735f327d0d0a7b636974797d2c207b7a6f6e657d207b706f7374636f64657d0d0a7b636f756e7472797d, '信用卡/ 转账卡 (Authorize.Net)', '', 3742.2000, 5085, 17, 0, 0.0000, 2, 2, 'USD', 1.00000000, '2012-05-24 10:42:47', '2012-05-24 10:43:59', '66.108.142.251'),
(160, 0, '', 0, 'USA4Fun', 'http://usa4fun.com/', 3, 8, 'man', 'poon', 'admer999@yahoo.com', '646--838', '', '', '', '', '', '', '', '', '', 0, '', 0, '', '', 'man', 'poon', 'ny1tours', '525 Grand st', '', 'New York', '10002', 'United States', 223, 'New York', 3655, 0x7b66697273746e616d657d207b6c6173746e616d657d0d0a7b636f6d70616e797d0d0a7b616464726573735f317d0d0a7b616464726573735f327d0d0a7b636974797d2c207b7a6f6e657d207b706f7374636f64657d0d0a7b636f756e7472797d, 'PayPal', 0x66616e6720, 1790.0000, 2500, 0, 0, 0.0000, 2, 2, 'USD', 1.00000000, '2012-05-24 11:25:53', '2012-05-24 11:25:53', '66.108.142.251'),
(161, 0, '', 0, 'USA4Fun', 'http://usa4fun.com/', 13, 8, 'martin', 'zhao', 'mononedv@gmail.com', '4145556666', '', '', '', '', '', '', '', '', '', 0, '', 0, '', '', 'martin', 'zhao', 'yibada', '137 new oriental dr.', '', 'new york', '10010', 'United States', 223, 'New York', 3655, 0x7b66697273746e616d657d207b6c6173746e616d657d0d0a7b636f6d70616e797d0d0a7b616464726573735f317d0d0a7b616464726573735f327d0d0a7b636974797d2c207b7a6f6e657d207b706f7374636f64657d0d0a7b636f756e7472797d, 'PayPal', '', 315.0000, 0, 0, 0, 0.0000, 1, 2, 'USD', 1.00000000, '2012-05-24 12:49:48', '2012-05-24 12:49:48', '68.63.25.47'),
(162, 53, '', 0, 'USA4Fun', 'http://usa4fun.com/', 13, 8, 'martin', 'zhao', 'mononedv@gmail.com', '4145556666', '', '', '', '', '', '', '', '', '', 0, '', 0, '', '', 'martin', 'zhao', 'yibada', '137 new oriental dr.', '', 'new york', '10010', 'United States', 223, 'New York', 3655, 0x7b66697273746e616d657d207b6c6173746e616d657d0d0a7b636f6d70616e797d0d0a7b616464726573735f317d0d0a7b616464726573735f327d0d0a7b636974797d2c207b7a6f6e657d207b706f7374636f64657d0d0a7b636f756e7472797d, 'Credit Card / Debit Card (Authorize.Net)', '', 315.0000, 0, 1, 0, 0.0000, 1, 2, 'USD', 1.00000000, '2012-05-24 14:09:52', '2012-05-24 14:10:20', '68.63.25.47'),
(163, 54, '', 0, 'USA4Fun', 'http://usa4fun.com/', 13, 8, 'martin', 'zhao', 'mononedv@gmail.com', '4145556666', '', '', '', '', '', '', '', '', '', 0, '', 0, '', '', 'martin', 'zhao', 'yibada', '137 new oriental dr.', '', 'new york', '10010', 'United States', 223, 'New York', 3655, 0x7b66697273746e616d657d207b6c6173746e616d657d0d0a7b636f6d70616e797d0d0a7b616464726573735f317d0d0a7b616464726573735f327d0d0a7b636974797d2c207b7a6f6e657d207b706f7374636f64657d0d0a7b636f756e7472797d, 'Credit Card / Debit Card (Authorize.Net)', '', 315.0000, 0, 1, 0, 0.0000, 1, 2, 'USD', 1.00000000, '2012-05-24 14:13:08', '2012-05-24 14:13:23', '68.63.25.47'),
(164, 55, '', 0, 'USA4Fun', 'http://usa4fun.com/', 13, 8, 'martin', 'zhao', 'mononedv@gmail.com', '4145556666', '', '', '', '', '', '', '', '', '', 0, '', 0, '', '', 'martin', 'zhao', 'yibada', '137 new oriental dr.', '', 'new york', '10010', 'United States', 223, 'New York', 3655, 0x7b66697273746e616d657d207b6c6173746e616d657d0d0a7b636f6d70616e797d0d0a7b616464726573735f317d0d0a7b616464726573735f327d0d0a7b636974797d2c207b7a6f6e657d207b706f7374636f64657d0d0a7b636f756e7472797d, 'Credit Card / Debit Card (Authorize.Net)', '', 315.0000, 0, 1, 0, 0.0000, 1, 2, 'USD', 1.00000000, '2012-05-24 15:05:02', '2012-05-24 15:05:20', '68.63.25.47'),
(165, 56, '', 0, 'USA4Fun', 'http://usa4fun.com/', 13, 8, 'martin', 'zhao', 'mononedv@gmail.com', '4145556666', '', '', '', '', '', '', '', '', '', 0, '', 0, '', '', 'martin', 'zhao', 'yibada', '137 new oriental dr.', '', 'new york', '10010', 'United States', 223, 'New York', 3655, 0x7b66697273746e616d657d207b6c6173746e616d657d0d0a7b636f6d70616e797d0d0a7b616464726573735f317d0d0a7b616464726573735f327d0d0a7b636974797d2c207b7a6f6e657d207b706f7374636f64657d0d0a7b636f756e7472797d, 'Credit Card / Debit Card (Authorize.Net)', '', 315.0000, 0, 1, 0, 0.0000, 1, 2, 'USD', 1.00000000, '2012-05-24 15:10:03', '2012-05-24 15:10:16', '68.63.25.47'),
(166, 57, '', 0, 'USA4Fun', 'http://usa4fun.com/', 13, 8, 'martin', 'zhao', 'mononedv@gmail.com', '4145556666', '', '', '', '', '', '', '', '', '', 0, '', 0, '', '', 'martin', 'zhao', 'yibada', '137 new oriental dr.', '', 'new york', '10010', 'United States', 223, 'New York', 3655, 0x7b66697273746e616d657d207b6c6173746e616d657d0d0a7b636f6d70616e797d0d0a7b616464726573735f317d0d0a7b616464726573735f327d0d0a7b636974797d2c207b7a6f6e657d207b706f7374636f64657d0d0a7b636f756e7472797d, '信用卡/ 转账卡 (Authorize.Net)', '', 315.0000, 0, 1, 0, 0.0000, 2, 2, 'USD', 1.00000000, '2012-05-24 15:11:53', '2012-05-24 15:12:10', '68.63.25.47'),
(167, 58, '', 0, 'USA4Fun', 'http://usa4fun.com/', 13, 8, 'martin', 'zhao', 'mononedv@gmail.com', '4145556666', '', '', '', '', '', '', '', '', '', 0, '', 0, '', '', 'martin', 'zhao', 'yibada', '137 new oriental dr.', '', 'new york', '10010', 'United States', 223, 'New York', 3655, 0x7b66697273746e616d657d207b6c6173746e616d657d0d0a7b636f6d70616e797d0d0a7b616464726573735f317d0d0a7b616464726573735f327d0d0a7b636974797d2c207b7a6f6e657d207b706f7374636f64657d0d0a7b636f756e7472797d, '信用卡/ 转账卡 (Authorize.Net)', '', 315.0000, 0, 1, 0, 0.0000, 2, 2, 'USD', 1.00000000, '2012-05-24 16:07:18', '2012-05-24 16:08:46', '68.63.25.47'),
(168, 59, '', 0, 'USA4Fun', 'http://usa4fun.com/', 13, 8, 'martin', 'zhao', 'mononedv@gmail.com', '4145556666', '', '', '', '', '', '', '', '', '', 0, '', 0, '', '', 'martin', 'zhao', 'yibada', '137 new oriental dr.', '', 'new york', '10010', 'United States', 223, 'New York', 3655, 0x7b66697273746e616d657d207b6c6173746e616d657d0d0a7b636f6d70616e797d0d0a7b616464726573735f317d0d0a7b616464726573735f327d0d0a7b636974797d2c207b7a6f6e657d207b706f7374636f64657d0d0a7b636f756e7472797d, '信用卡/ 转账卡 (Authorize.Net)', '', 315.0000, 0, 1, 0, 0.0000, 2, 2, 'USD', 1.00000000, '2012-05-24 16:10:46', '2012-05-24 16:11:00', '68.63.25.47'),
(169, 60, '', 0, 'USA4Fun', 'http://usa4fun.com/', 0, 8, 'chit', 'chan', 'chitchanusa@yahoo.com', '123-456-34567', '', '', '', '', '', '', '', '', '', 0, '', 0, '', '', 'chit', 'chan', '', '23-23 123 street', '', 'flushing', '11355', 'United States', 223, 'New York', 3655, 0x7b66697273746e616d657d207b6c6173746e616d657d0d0a7b636f6d70616e797d0d0a7b616464726573735f317d0d0a7b616464726573735f327d0d0a7b636974797d2c207b7a6f6e657d207b706f7374636f64657d0d0a7b636f756e7472797d, '信用卡/ 转账卡 (Authorize.Net)', '', 45.0000, 85, 1, 0, 0.0000, 2, 2, 'USD', 1.00000000, '2012-05-24 16:24:09', '2012-05-24 16:25:24', '50.12.63.198'),
(170, 0, '', 0, 'USA4Fun', 'http://usa4fun.com/', 3, 8, 'man', 'poon', 'admer999@yahoo.com', '646--838', '', '', '', '', '', '', '', '', '', 0, '', 0, '', '', 'man', 'poon', 'ny1tours', '525 Grand st', '', 'New York', '10002', 'United States', 223, 'New York', 3655, 0x7b66697273746e616d657d207b6c6173746e616d657d0d0a7b636f6d70616e797d0d0a7b616464726573735f317d0d0a7b616464726573735f327d0d0a7b636974797d2c207b7a6f6e657d207b706f7374636f64657d0d0a7b636f756e7472797d, 'PayPal', '', 162.0000, 0, 0, 0, 0.0000, 2, 2, 'USD', 1.00000000, '2012-05-24 20:51:49', '2012-05-24 20:51:49', '66.108.142.251');
INSERT INTO `order` (`order_id`, `invoice_no`, `invoice_prefix`, `store_id`, `store_name`, `store_url`, `customer_id`, `customer_group_id`, `firstname`, `lastname`, `email`, `telephone`, `fax`, `shipping_firstname`, `shipping_lastname`, `shipping_company`, `shipping_address_1`, `shipping_address_2`, `shipping_city`, `shipping_postcode`, `shipping_country`, `shipping_country_id`, `shipping_zone`, `shipping_zone_id`, `shipping_address_format`, `shipping_method`, `payment_firstname`, `payment_lastname`, `payment_company`, `payment_address_1`, `payment_address_2`, `payment_city`, `payment_postcode`, `payment_country`, `payment_country_id`, `payment_zone`, `payment_zone_id`, `payment_address_format`, `payment_method`, `comment`, `total`, `reward`, `order_status_id`, `affiliate_id`, `commission`, `language_id`, `currency_id`, `currency_code`, `currency_value`, `date_added`, `date_modified`, `ip`) VALUES
(171, 0, '', 0, 'USA4Fun', 'http://usa4fun.com/', 0, 8, 'program153', 'gdfg', 'program153@gmail.com', '242314132432', '', '', '', '', '', '', '', '', '', 0, '', 0, '', '', 'program153', 'gdfg', '', '32321', '', 'New York', '10004', 'United States', 223, 'Delaware', 3627, 0x7b66697273746e616d657d207b6c6173746e616d657d0d0a7b636f6d70616e797d0d0a7b616464726573735f317d0d0a7b616464726573735f327d0d0a7b636974797d2c207b7a6f6e657d207b706f7374636f64657d0d0a7b636f756e7472797d, '信用卡/ 转账卡 (Authorize.Net)', '', 450.0000, 3250, 0, 0, 0.0000, 2, 2, 'USD', 1.00000000, '2012-05-25 05:49:10', '2012-05-25 05:49:10', '38.104.70.190'),
(172, 0, '', 0, 'USA4Fun', 'http://www.yibadatech.com/usa4fun/', 0, 8, 'fsdfs', 'fsdfsd', 'program153@gmail.com', '(212)517-7676', '', '', '', '', '', '', '', '', '', 0, '', 0, '', '', 'fsdfs', 'fsdfsd', '', '32321', '', 'New York', '10004', 'United States', 223, 'Delaware', 3627, 0x7b66697273746e616d657d207b6c6173746e616d657d0d0a7b636f6d70616e797d0d0a7b616464726573735f317d0d0a7b616464726573735f327d0d0a7b636974797d2c207b7a6f6e657d207b706f7374636f64657d0d0a7b636f756e7472797d, '信用卡/ 转账卡 (Authorize.Net)', '', 7.0000, 85, 0, 0, 0.0000, 2, 2, 'USD', 1.00000000, '2012-06-02 10:30:38', '2012-06-02 10:30:38', '38.104.70.190'),
(173, 61, '', 0, 'USA4Fun', 'http://www.yibadatech.com/usa4fun/', 3, 8, 'man', 'poon', 'admer999@yahoo.com', '646--838', '', '', '', '', '', '', '', '', '', 0, '', 0, '', '', 'man', 'poon', 'ny1tours', '525 Grand st', '', 'New York', '10002', 'United States', 223, 'New York', 3655, 0x7b66697273746e616d657d207b6c6173746e616d657d0d0a7b636f6d70616e797d0d0a7b616464726573735f317d0d0a7b616464726573735f327d0d0a7b636974797d2c207b7a6f6e657d207b706f7374636f64657d0d0a7b636f756e7472797d, '信用卡/ 转账卡 (Authorize.Net)', '', 2256.3000, 5000, 1, 0, 0.0000, 2, 2, 'USD', 1.00000000, '2012-06-11 13:15:27', '2012-06-11 13:16:58', '66.108.142.251'),
(174, 62, '', 0, 'USA4Fun', 'http://www.yibadatech.com/usa4fun/', 0, 8, 'test member sign', 'ttrd', 'nycpoon@gmail.com', '66666666', '', '', '', '', '', '', '', '', '', 0, '', 0, '', '', 'test member sign', 'ttrd', 'test', '333 good st', '', 'new york', '11111', 'United States', 223, 'Arkansas', 3617, 0x7b66697273746e616d657d207b6c6173746e616d657d0d0a7b636f6d70616e797d0d0a7b616464726573735f317d0d0a7b616464726573735f327d0d0a7b636974797d2c207b7a6f6e657d207b706f7374636f64657d0d0a7b636f756e7472797d, '信用卡/ 转账卡 (Authorize.Net)', 0x3131313131, 162.0000, 0, 1, 0, 0.0000, 2, 2, 'USD', 1.00000000, '2012-06-13 21:29:51', '2012-06-13 21:31:11', '66.108.142.251'),
(175, 63, '', 0, 'USA4Fun', 'http://www.yibadatech.com/usa4fun/', 3, 8, 'man', 'poon', 'admer999@yahoo.com', '646--838', '', '', '', '', '', '', '', '', '', 0, '', 0, '', '', 'man', 'poon', 'ny1tours', '525 Grand st', '', 'New York', '10002', 'United States', 223, 'New York', 3655, 0x7b66697273746e616d657d207b6c6173746e616d657d0d0a7b636f6d70616e797d0d0a7b616464726573735f317d0d0a7b616464726573735f327d0d0a7b636974797d2c207b7a6f6e657d207b706f7374636f64657d0d0a7b636f756e7472797d, '信用卡/ 转账卡 (Authorize.Net)', '', 1683.0000, 0, 1, 0, 0.0000, 2, 2, 'USD', 1.00000000, '2012-06-15 08:39:49', '2012-06-15 08:40:50', '66.108.142.251'),
(176, 64, '', 0, 'USA4Fun', 'http://www.yibadatech.com/usa4fun/', 3, 8, 'man', 'poon', 'admer999@yahoo.com', '646--838', '', '', '', '', '', '', '', '', '', 0, '', 0, '', '', 'man', 'poon', 'ny1tours', '525 Grand st', '', 'New York', '10002', 'United States', 223, 'New York', 3655, 0x7b66697273746e616d657d207b6c6173746e616d657d0d0a7b636f6d70616e797d0d0a7b616464726573735f317d0d0a7b616464726573735f327d0d0a7b636974797d2c207b7a6f6e657d207b706f7374636f64657d0d0a7b636f756e7472797d, '信用卡/ 转账卡 (Authorize.Net)', '', 953.1200, 2510, 17, 0, 0.0000, 2, 2, 'USD', 1.00000000, '2012-06-15 08:50:07', '2012-06-15 08:51:09', '66.108.142.251'),
(177, 65, '', 0, 'USA4Fun', 'http://www.yibadatech.com/usa4fun/', 3, 8, 'man', 'poon', 'admer999@yahoo.com', '646--838', '', '', '', '', '', '', '', '', '', 0, '', 0, '', '', 'man', 'poon', 'ny1tours', '525 Grand st', '', 'New York', '10002', 'United States', 223, 'New York', 3655, 0x7b66697273746e616d657d207b6c6173746e616d657d0d0a7b636f6d70616e797d0d0a7b616464726573735f317d0d0a7b616464726573735f327d0d0a7b636974797d2c207b7a6f6e657d207b706f7374636f64657d0d0a7b636f756e7472797d, 'Credit Card / Debit Card (Authorize.Net)', '', 517.5000, 0, 1, 0, 0.0000, 1, 2, 'USD', 1.00000000, '2012-06-15 13:56:28', '2012-06-15 13:58:07', '66.108.142.251'),
(178, 66, '', 0, 'USA4Fun', 'http://www.yibadatech.com/usa4fun/', 3, 8, 'man', 'poon', 'admer999@yahoo.com', '646--838', '', '', '', '', '', '', '', '', '', 0, '', 0, '', '', 'man', 'poon', 'ny1tours', '525 Grand st', '', 'New York', '10002', 'United States', 223, 'New York', 3655, 0x7b66697273746e616d657d207b6c6173746e616d657d0d0a7b636f6d70616e797d0d0a7b616464726573735f317d0d0a7b616464726573735f327d0d0a7b636974797d2c207b7a6f6e657d207b706f7374636f64657d0d0a7b636f756e7472797d, 'Credit Card / Debit Card (Authorize.Net)', 0x736861726520726f6f6d206e6565640a416972706f7274207069636b75702e, 585.0000, 0, 1, 0, 0.0000, 1, 2, 'USD', 1.00000000, '2012-06-15 14:24:58', '2012-06-15 14:25:49', '66.108.142.251'),
(179, 0, '', 0, 'USA4Fun', 'http://www.yibadatech.com/usa4fun/', 3, 8, 'man', 'poon', 'admer999@yahoo.com', '646--838', '', '', '', '', '', '', '', '', '', 0, '', 0, '', '', 'man', 'poon', 'ny1tours', '525 Grand st', '', 'New York', '10002', 'United States', 223, 'New York', 3655, 0x7b66697273746e616d657d207b6c6173746e616d657d0d0a7b636f6d70616e797d0d0a7b616464726573735f317d0d0a7b616464726573735f327d0d0a7b636974797d2c207b7a6f6e657d207b706f7374636f64657d0d0a7b636f756e7472797d, 'PayPal', 0x6766, 567.0000, 0, 0, 0, 0.0000, 1, 2, 'USD', 1.00000000, '2012-06-15 19:25:38', '2012-06-15 19:25:38', '66.108.142.251'),
(180, 67, '', 0, 'USA4Fun', 'http://www.yibadatech.com/usa4fun/', 2, 8, 'man ', 'poon', 'nycpoon@yahoo.com', '646-918-2788', '', '', '', '', '', '', '', '', '', 0, '', 0, '', '', 'man ', 'poon', 'USA 4 Fun', '525 fdr dri #10', '', 'New York', '10002', 'United States', 223, 'New York', 3655, 0x7b66697273746e616d657d207b6c6173746e616d657d0d0a7b636f6d70616e797d0d0a7b616464726573735f317d0d0a7b616464726573735f327d0d0a7b636974797d2c207b7a6f6e657d207b706f7374636f64657d0d0a7b636f756e7472797d, '信用卡/ 转账卡 (Authorize.Net)', 0x416972706f7274207069636b7570, 1381.5000, 2510, 1, 0, 0.0000, 2, 2, 'USD', 1.00000000, '2012-06-17 22:34:39', '2012-06-17 22:35:28', '66.108.142.251'),
(181, 0, '', 0, 'USA4Fun', 'http://www.yibadatech.com/usa4fun/', 2, 8, 'man ', 'poon', 'nycpoon@yahoo.com', '646-918-2788', '', '', '', '', '', '', '', '', '', 0, '', 0, '', '', 'man ', 'poon', 'USA 4 Fun', '525 fdr dri #10', '', 'New York', '10002', 'United States', 223, 'New York', 3655, 0x7b66697273746e616d657d207b6c6173746e616d657d0d0a7b636f6d70616e797d0d0a7b616464726573735f317d0d0a7b616464726573735f327d0d0a7b636974797d2c207b7a6f6e657d207b706f7374636f64657d0d0a7b636f756e7472797d, 'PayPal', 0x7069636b, 838.8000, 0, 0, 0, 0.0000, 2, 2, 'USD', 1.00000000, '2012-06-17 22:42:20', '2012-06-17 22:42:20', '66.108.142.251'),
(182, 68, '', 0, 'USA4Fun', 'http://www.yibadatech.com/usa4fun/', 2, 8, 'man ', 'poon', 'nycpoon@yahoo.com', '646-918-2788', '', '', '', '', '', '', '', '', '', 0, '', 0, '', '', 'man ', 'poon', 'USA 4 Fun', '525 fdr dri #10', '', 'New York', '10002', 'United States', 223, 'New York', 3655, 0x7b66697273746e616d657d207b6c6173746e616d657d0d0a7b636f6d70616e797d0d0a7b616464726573735f317d0d0a7b616464726573735f327d0d0a7b636974797d2c207b7a6f6e657d207b706f7374636f64657d0d0a7b636f756e7472797d, '信用卡/ 转账卡 (Authorize.Net)', 0x7069636b, 1356.3000, 0, 1, 0, 0.0000, 2, 2, 'USD', 1.00000000, '2012-06-18 05:52:11', '2012-06-18 05:52:58', '66.108.142.251'),
(183, 0, '', 0, 'USA4Fun', 'http://www.yibadatech.com/usa4fun/', 13, 8, 'martin', 'zhao', 'mononedv@gmail.com', '4145556666', '', '', '', '', '', '', '', '', '', 0, '', 0, '', '', 'martin', 'zhao', 'yibada', '137 new oriental dr.', '', 'new york', '10010', 'United States', 223, 'New York', 3655, 0x7b66697273746e616d657d207b6c6173746e616d657d0d0a7b636f6d70616e797d0d0a7b616464726573735f317d0d0a7b616464726573735f327d0d0a7b636974797d2c207b7a6f6e657d207b706f7374636f64657d0d0a7b636f756e7472797d, '信用卡/ 转账卡 (Authorize.Net)', '', 342.0000, 0, 0, 0, 0.0000, 2, 2, 'USD', 1.00000000, '2012-06-18 08:53:53', '2012-06-18 08:53:53', '68.63.25.47'),
(184, 69, '', 0, 'USA4Fun', 'http://www.yibadatech.com/usa4fun/', 13, 8, 'martin', 'zhao', 'mononedv@gmail.com', '4145556666', '', '', '', '', '', '', '', '', '', 0, '', 0, '', '', 'martin', 'zhao', 'yibada', '137 new oriental dr.', '', 'new york', '10010', 'United States', 223, 'New York', 3655, 0x7b66697273746e616d657d207b6c6173746e616d657d0d0a7b636f6d70616e797d0d0a7b616464726573735f317d0d0a7b616464726573735f327d0d0a7b636974797d2c207b7a6f6e657d207b706f7374636f64657d0d0a7b636f756e7472797d, '信用卡/ 转账卡 (Authorize.Net)', '', 657.0000, 0, 1, 0, 0.0000, 2, 2, 'USD', 1.00000000, '2012-06-18 10:00:36', '2012-06-18 10:01:07', '68.63.25.47'),
(185, 0, '', 0, 'USA4Fun', 'http://www.yibadatech.com/usa4fun/', 0, 8, 'rwer', 'rwe', 'program153@gmail.com', '(212)517-7676', '', '', '', '', '', '', '', '', '', 0, '', 0, '', '', 'rwer', 'rwe', '', '32321', '', 'New York', '10004', 'United States', 223, 'American Samoa', 3615, 0x7b66697273746e616d657d207b6c6173746e616d657d0d0a7b636f6d70616e797d0d0a7b616464726573735f317d0d0a7b616464726573735f327d0d0a7b636974797d2c207b7a6f6e657d207b706f7374636f64657d0d0a7b636f756e7472797d, 'Credit Card / Debit Card (Authorize.Net)', '', 315.0000, 0, 0, 0, 0.0000, 1, 2, 'USD', 1.00000000, '2012-06-19 08:08:06', '2012-06-19 08:08:06', '38.104.70.190'),
(186, 0, '', 0, 'USA4Fun', 'http://usa4fun.com/', 2, 8, 'man ', 'poon', 'nycpoon@yahoo.com', '646-918-2788', '', '', '', '', '', '', '', '', '', 0, '', 0, '', '', 'man ', 'poon', 'USA 4 Fun', '525 fdr dri #10', '', 'New York', '10002', 'United States', 223, 'New York', 3655, 0x7b66697273746e616d657d207b6c6173746e616d657d0d0a7b636f6d70616e797d0d0a7b616464726573735f317d0d0a7b616464726573735f327d0d0a7b636974797d2c207b7a6f6e657d207b706f7374636f64657d0d0a7b636f756e7472797d, 'PayPal', '', 2817.9000, 0, 0, 0, 0.0000, 2, 2, 'USD', 1.00000000, '2012-08-09 14:39:04', '2012-08-09 14:39:04', '38.104.70.190'),
(187, 70, '', 0, 'USA4Fun', 'http://usa4fun.com/', 2, 8, 'man ', 'poon', 'nycpoon@yahoo.com', '646-918-2788', '', '', '', '', '', '', '', '', '', 0, '', 0, '', '', 'man ', 'poon', 'USA 4 Fun', '525 fdr dri #10', '', 'New York', '10002', 'United States', 223, 'New York', 3655, 0x7b66697273746e616d657d207b6c6173746e616d657d0d0a7b636f6d70616e797d0d0a7b616464726573735f317d0d0a7b616464726573735f327d0d0a7b636974797d2c207b7a6f6e657d207b706f7374636f64657d0d0a7b636f756e7472797d, '信用卡/ 转账卡 (Authorize.Net)', '', 2817.9000, 0, 1, 0, 0.0000, 2, 2, 'USD', 1.00000000, '2012-08-09 14:39:39', '2012-08-09 14:41:29', '38.104.70.190'),
(188, 0, '', 0, 'USA4Fun', 'http://usa4fun.com/', 6, 8, 'Man', 'poon', 'mankempoon@yahoo.com', '646-918-2788', '', '', '', '', '', '', '', '', '', 0, '', 0, '', '', 'test', 'pon', 'test travel', '338 new st', '', 'ny', '10002', 'United States', 223, 'New York', 3655, 0x7b66697273746e616d657d207b6c6173746e616d657d0d0a7b636f6d70616e797d0d0a7b616464726573735f317d0d0a7b616464726573735f327d0d0a7b636974797d2c207b7a6f6e657d207b706f7374636f64657d0d0a7b636f756e7472797d, 'Credit Card / Debit Card (Authorize.Net)', '', 864.0000, 0, 0, 0, 0.0000, 1, 2, 'USD', 1.00000000, '2012-08-12 05:56:57', '2012-08-12 05:56:57', '50.12.108.233'),
(189, 71, '', 0, 'USA4Fun', 'http://usa4fun.com/', 6, 8, 'Man', 'poon', 'mankempoon@yahoo.com', '646-918-2788', '', '', '', '', '', '', '', '', '', 0, '', 0, '', '', 'test', 'pon', 'test travel', '338 new st', '', 'ny', '10002', 'United States', 223, 'New York', 3655, 0x7b66697273746e616d657d207b6c6173746e616d657d0d0a7b636f6d70616e797d0d0a7b616464726573735f317d0d0a7b616464726573735f327d0d0a7b636974797d2c207b7a6f6e657d207b706f7374636f64657d0d0a7b636f756e7472797d, 'Credit Card / Debit Card (Authorize.Net)', '', 7.0000, 0, 17, 0, 0.0000, 1, 2, 'USD', 1.00000000, '2012-08-12 05:59:39', '2012-08-12 06:01:08', '50.12.108.233'),
(190, 0, '', 0, 'USA4Fun', 'http://usa4fun.com/', 6, 8, 'Man', 'poon', 'mankempoon@yahoo.com', '646-918-2788', '', '', '', '', '', '', '', '', '', 0, '', 0, '', '', 'test', 'pon', 'test travel', '338 new st', '', 'ny', '10002', 'United States', 223, 'New York', 3655, 0x7b66697273746e616d657d207b6c6173746e616d657d0d0a7b636f6d70616e797d0d0a7b616464726573735f317d0d0a7b616464726573735f327d0d0a7b636974797d2c207b7a6f6e657d207b706f7374636f64657d0d0a7b636f756e7472797d, 'Credit Card / Debit Card (Authorize.Net)', '', 25.0000, 0, 0, 0, 0.0000, 1, 2, 'USD', 1.00000000, '2012-08-12 06:02:30', '2012-08-12 06:02:30', '50.12.108.233'),
(191, 72, '', 0, 'USA4Fun', 'http://usa4fun.com/', 6, 8, 'Man', 'poon', 'mankempoon@yahoo.com', '646-918-2788', '', '', '', '', '', '', '', '', '', 0, '', 0, '', '', 'test', 'pon', 'test travel', '338 new st', '', 'ny', '10002', 'United States', 223, 'New York', 3655, 0x7b66697273746e616d657d207b6c6173746e616d657d0d0a7b636f6d70616e797d0d0a7b616464726573735f317d0d0a7b616464726573735f327d0d0a7b636974797d2c207b7a6f6e657d207b706f7374636f64657d0d0a7b636f756e7472797d, 'Credit Card / Debit Card (Authorize.Net)', '', 25.0000, 0, 17, 0, 0.0000, 1, 2, 'USD', 1.00000000, '2012-08-12 06:03:04', '2012-08-12 06:03:50', '50.12.108.233'),
(192, 0, '', 0, 'USA4Fun', 'http://usa4fun.com/', 0, 8, 'sfdsf', 'fsdfs', 'fsdf@gmail.com', '(718)509-7677', '', '', '', '', '', '', '', '', '', 0, '', 0, '', '', 'sfdsf', 'fsdfs', '', 'fsdfsfs', '', 'fsds', '10004', 'United States', 223, 'Connecticut', 3626, 0x7b66697273746e616d657d207b6c6173746e616d657d0d0a7b636f6d70616e797d0d0a7b616464726573735f317d0d0a7b616464726573735f327d0d0a7b636974797d2c207b7a6f6e657d207b706f7374636f64657d0d0a7b636f756e7472797d, 'PayPal', '', 575.0000, 0, 0, 0, 0.0000, 2, 2, 'USD', 1.00000000, '2012-10-16 19:40:06', '2012-10-16 19:40:06', '38.104.70.190'),
(193, 0, '', 0, 'USA4Fun', 'http://usa4fun.com/', 0, 8, 'john', 'dud', 'll@yahoo.com', '6466466466', '', '', '', '', '', '', '', '', '', 0, '', 0, '', '', 'john', 'dud', '', '1 pie ave', '', 'bloomberg', '17456', 'United States', 223, 'New York', 3655, 0x7b66697273746e616d657d207b6c6173746e616d657d0d0a7b636f6d70616e797d0d0a7b616464726573735f317d0d0a7b616464726573735f327d0d0a7b636974797d2c207b7a6f6e657d207b706f7374636f64657d0d0a7b636f756e7472797d, '信用卡/ 转账卡 (Authorize.Net)', '', 100.0000, 0, 0, 0, 0.0000, 2, 2, 'USD', 1.00000000, '2013-04-25 08:45:59', '2013-04-25 08:45:59', '38.108.103.194');

-- --------------------------------------------------------

--
-- Table structure for table `order_download`
--

CREATE TABLE IF NOT EXISTS `order_download` (
  `order_download_id` int(11) NOT NULL AUTO_INCREMENT,
  `order_id` int(11) NOT NULL,
  `order_product_id` int(11) NOT NULL,
  `name` varchar(64) COLLATE utf8_bin NOT NULL DEFAULT '',
  `filename` varchar(128) COLLATE utf8_bin NOT NULL DEFAULT '',
  `mask` varchar(128) COLLATE utf8_bin NOT NULL DEFAULT '',
  `remaining` int(3) NOT NULL DEFAULT '0',
  PRIMARY KEY (`order_download_id`)
) ENGINE=MyISAM DEFAULT CHARSET=utf8 COLLATE=utf8_bin AUTO_INCREMENT=1 ;

--
-- Dumping data for table `order_download`
--


-- --------------------------------------------------------

--
-- Table structure for table `order_history`
--

CREATE TABLE IF NOT EXISTS `order_history` (
  `order_history_id` int(11) NOT NULL AUTO_INCREMENT,
  `order_id` int(11) NOT NULL,
  `order_status_id` int(5) NOT NULL,
  `notify` int(1) NOT NULL DEFAULT '0',
  `comment` text COLLATE utf8_bin NOT NULL,
  `date_added` datetime NOT NULL DEFAULT '0000-00-00 00:00:00',
  PRIMARY KEY (`order_history_id`)
) ENGINE=MyISAM  DEFAULT CHARSET=utf8 COLLATE=utf8_bin AUTO_INCREMENT=137 ;

--
-- Dumping data for table `order_history`
--

INSERT INTO `order_history` (`order_history_id`, `order_id`, `order_status_id`, `notify`, `comment`, `date_added`) VALUES
(1, 1, 1, 1, '', '2011-06-23 17:43:00'),
(2, 1, 3, 1, 0x73686970706564206974, '2011-06-23 17:44:03'),
(3, 3, 1, 1, '', '2011-06-23 17:46:18'),
(4, 3, 5, 0, '', '2011-06-23 17:46:49'),
(5, 3, 15, 0, '', '2011-06-23 17:49:49'),
(6, 3, 3, 0, '', '2011-06-23 17:50:35'),
(24, 58, 1, 1, '', '2012-02-25 19:16:45'),
(27, 65, 1, 1, '', '2012-04-18 21:39:01'),
(28, 66, 1, 1, '', '2012-04-19 21:27:13'),
(33, 81, 1, 1, '', '2012-04-21 19:45:26'),
(34, 81, 7, 0, 0x417574686f72697a6174696f6e20436f64653a203030303030300a41565320526573706f6e73653a20500a5472616e73616374696f6e2049443a20300a4361726420436f646520526573706f6e73653a200a43617264686f6c6465722041757468656e7469636174696f6e20566572696669636174696f6e20526573706f6e73653a200a, '2012-04-21 19:45:26'),
(35, 82, 1, 1, '', '2012-04-22 14:32:00'),
(36, 83, 1, 1, '', '2012-04-29 14:30:59'),
(37, 83, 7, 0, 0x417574686f72697a6174696f6e20436f64653a203030303030300a41565320526573706f6e73653a20500a5472616e73616374696f6e2049443a20300a4361726420436f646520526573706f6e73653a200a43617264686f6c6465722041757468656e7469636174696f6e20566572696669636174696f6e20526573706f6e73653a200a, '2012-04-29 14:31:00'),
(38, 84, 1, 1, '', '2012-04-29 14:36:37'),
(39, 92, 1, 1, '', '2012-04-30 14:36:37'),
(40, 92, 1, 0, 0x417574686f72697a6174696f6e20436f64653a203030303030300a41565320526573706f6e73653a20500a5472616e73616374696f6e2049443a20300a4361726420436f646520526573706f6e73653a200a43617264686f6c6465722041757468656e7469636174696f6e20566572696669636174696f6e20526573706f6e73653a200a, '2012-04-30 14:36:38'),
(41, 93, 1, 1, '', '2012-04-30 17:56:48'),
(42, 93, 1, 0, 0x417574686f72697a6174696f6e20436f64653a203030303030300a41565320526573706f6e73653a20500a5472616e73616374696f6e2049443a20300a4361726420436f646520526573706f6e73653a200a43617264686f6c6465722041757468656e7469636174696f6e20566572696669636174696f6e20526573706f6e73653a200a, '2012-04-30 17:56:49'),
(43, 94, 1, 1, '', '2012-04-30 21:02:13'),
(44, 94, 1, 0, 0x417574686f72697a6174696f6e20436f64653a203030303030300a41565320526573706f6e73653a20500a5472616e73616374696f6e2049443a20300a4361726420436f646520526573706f6e73653a200a43617264686f6c6465722041757468656e7469636174696f6e20566572696669636174696f6e20526573706f6e73653a200a, '2012-04-30 21:02:14'),
(45, 95, 1, 1, '', '2012-05-02 12:30:14'),
(46, 95, 1, 0, 0x417574686f72697a6174696f6e20436f64653a203030303030300a41565320526573706f6e73653a20500a5472616e73616374696f6e2049443a20300a4361726420436f646520526573706f6e73653a200a43617264686f6c6465722041757468656e7469636174696f6e20566572696669636174696f6e20526573706f6e73653a200a, '2012-05-02 12:30:15'),
(47, 96, 1, 1, '', '2012-05-02 15:40:08'),
(48, 96, 1, 0, 0x417574686f72697a6174696f6e20436f64653a203030303030300a41565320526573706f6e73653a20500a5472616e73616374696f6e2049443a20300a4361726420436f646520526573706f6e73653a200a43617264686f6c6465722041757468656e7469636174696f6e20566572696669636174696f6e20526573706f6e73653a200a, '2012-05-02 15:40:09'),
(49, 97, 1, 1, '', '2012-05-02 15:43:52'),
(50, 97, 1, 0, 0x417574686f72697a6174696f6e20436f64653a203030303030300a41565320526573706f6e73653a20500a5472616e73616374696f6e2049443a20300a4361726420436f646520526573706f6e73653a200a43617264686f6c6465722041757468656e7469636174696f6e20566572696669636174696f6e20526573706f6e73653a200a, '2012-05-02 15:43:52'),
(51, 98, 1, 1, '', '2012-05-02 15:45:09'),
(52, 98, 1, 0, 0x417574686f72697a6174696f6e20436f64653a203030303030300a41565320526573706f6e73653a20500a5472616e73616374696f6e2049443a20300a4361726420436f646520526573706f6e73653a200a43617264686f6c6465722041757468656e7469636174696f6e20566572696669636174696f6e20526573706f6e73653a200a, '2012-05-02 15:45:09'),
(53, 99, 1, 1, '', '2012-05-02 17:21:57'),
(54, 99, 1, 0, 0x417574686f72697a6174696f6e20436f64653a203030303030300a41565320526573706f6e73653a20500a5472616e73616374696f6e2049443a20300a4361726420436f646520526573706f6e73653a200a43617264686f6c6465722041757468656e7469636174696f6e20566572696669636174696f6e20526573706f6e73653a200a, '2012-05-02 17:21:58'),
(55, 100, 1, 1, '', '2012-05-02 17:24:32'),
(56, 100, 1, 0, 0x417574686f72697a6174696f6e20436f64653a203030303030300a41565320526573706f6e73653a20500a5472616e73616374696f6e2049443a20300a4361726420436f646520526573706f6e73653a200a43617264686f6c6465722041757468656e7469636174696f6e20566572696669636174696f6e20526573706f6e73653a200a, '2012-05-02 17:24:33'),
(57, 101, 1, 1, '', '2012-05-02 17:26:29'),
(58, 101, 1, 0, 0x417574686f72697a6174696f6e20436f64653a203030303030300a41565320526573706f6e73653a20500a5472616e73616374696f6e2049443a20300a4361726420436f646520526573706f6e73653a200a43617264686f6c6465722041757468656e7469636174696f6e20566572696669636174696f6e20526573706f6e73653a200a, '2012-05-02 17:26:30'),
(59, 105, 1, 1, '', '2012-05-03 18:23:10'),
(60, 105, 1, 0, 0x417574686f72697a6174696f6e20436f64653a203030303030300a41565320526573706f6e73653a20500a5472616e73616374696f6e2049443a20300a4361726420436f646520526573706f6e73653a200a43617264686f6c6465722041757468656e7469636174696f6e20566572696669636174696f6e20526573706f6e73653a200a, '2012-05-03 18:23:13'),
(61, 106, 1, 1, '', '2012-05-03 19:09:20'),
(62, 106, 1, 0, 0x417574686f72697a6174696f6e20436f64653a203030303030300a41565320526573706f6e73653a20500a5472616e73616374696f6e2049443a20300a4361726420436f646520526573706f6e73653a200a43617264686f6c6465722041757468656e7469636174696f6e20566572696669636174696f6e20526573706f6e73653a200a, '2012-05-03 19:09:21'),
(63, 99, 15, 0, '', '2012-05-04 00:57:35'),
(64, 109, 1, 1, '', '2012-05-04 12:40:03'),
(65, 109, 1, 0, 0x417574686f72697a6174696f6e20436f64653a203030303030300a41565320526573706f6e73653a20500a5472616e73616374696f6e2049443a20300a4361726420436f646520526573706f6e73653a200a43617264686f6c6465722041757468656e7469636174696f6e20566572696669636174696f6e20526573706f6e73653a200a, '2012-05-04 12:40:04'),
(66, 112, 1, 1, '', '2012-05-08 16:13:18'),
(67, 112, 1, 0, 0x417574686f72697a6174696f6e20436f64653a203030303030300a41565320526573706f6e73653a20500a5472616e73616374696f6e2049443a20300a4361726420436f646520526573706f6e73653a200a43617264686f6c6465722041757468656e7469636174696f6e20566572696669636174696f6e20526573706f6e73653a200a, '2012-05-08 16:13:19'),
(68, 113, 1, 1, '', '2012-05-08 16:32:18'),
(69, 138, 1, 1, '', '2012-05-09 08:52:33'),
(70, 138, 1, 0, 0x417574686f72697a6174696f6e20436f64653a203030303030300a41565320526573706f6e73653a20500a5472616e73616374696f6e2049443a20300a4361726420436f646520526573706f6e73653a200a43617264686f6c6465722041757468656e7469636174696f6e20566572696669636174696f6e20526573706f6e73653a200a, '2012-05-09 08:52:34'),
(71, 139, 1, 1, '', '2012-05-09 08:56:27'),
(72, 139, 1, 0, 0x417574686f72697a6174696f6e20436f64653a203030303030300a41565320526573706f6e73653a20500a5472616e73616374696f6e2049443a20300a4361726420436f646520526573706f6e73653a200a43617264686f6c6465722041757468656e7469636174696f6e20566572696669636174696f6e20526573706f6e73653a200a, '2012-05-09 08:56:27'),
(73, 140, 1, 1, '', '2012-05-09 08:58:58'),
(74, 140, 1, 0, 0x417574686f72697a6174696f6e20436f64653a203030303030300a41565320526573706f6e73653a20500a5472616e73616374696f6e2049443a20300a4361726420436f646520526573706f6e73653a200a43617264686f6c6465722041757468656e7469636174696f6e20566572696669636174696f6e20526573706f6e73653a200a, '2012-05-09 08:58:58'),
(75, 141, 1, 1, '', '2012-05-09 09:01:20'),
(76, 141, 1, 0, 0x417574686f72697a6174696f6e20436f64653a203030303030300a41565320526573706f6e73653a20500a5472616e73616374696f6e2049443a20300a4361726420436f646520526573706f6e73653a200a43617264686f6c6465722041757468656e7469636174696f6e20566572696669636174696f6e20526573706f6e73653a200a, '2012-05-09 09:01:20'),
(77, 142, 1, 1, '', '2012-05-09 09:05:28'),
(78, 142, 1, 0, 0x417574686f72697a6174696f6e20436f64653a203030303030300a41565320526573706f6e73653a20500a5472616e73616374696f6e2049443a20300a4361726420436f646520526573706f6e73653a200a43617264686f6c6465722041757468656e7469636174696f6e20566572696669636174696f6e20526573706f6e73653a200a, '2012-05-09 09:05:28'),
(79, 143, 1, 1, '', '2012-05-09 09:07:51'),
(80, 144, 1, 1, '', '2012-05-09 09:10:08'),
(81, 145, 1, 1, '', '2012-05-09 09:19:36'),
(82, 145, 1, 0, 0x417574686f72697a6174696f6e20436f64653a203030303030300a41565320526573706f6e73653a20500a5472616e73616374696f6e2049443a20300a4361726420436f646520526573706f6e73653a200a43617264686f6c6465722041757468656e7469636174696f6e20566572696669636174696f6e20526573706f6e73653a200a, '2012-05-09 09:19:36'),
(83, 146, 1, 1, '', '2012-05-09 09:27:42'),
(84, 146, 1, 0, 0x417574686f72697a6174696f6e20436f64653a203030303030300a41565320526573706f6e73653a20500a5472616e73616374696f6e2049443a20300a4361726420436f646520526573706f6e73653a200a43617264686f6c6465722041757468656e7469636174696f6e20566572696669636174696f6e20526573706f6e73653a200a, '2012-05-09 09:27:42'),
(85, 147, 1, 1, '', '2012-05-09 09:29:09'),
(86, 147, 1, 0, 0x417574686f72697a6174696f6e20436f64653a203030303030300a41565320526573706f6e73653a20500a5472616e73616374696f6e2049443a20300a4361726420436f646520526573706f6e73653a200a43617264686f6c6465722041757468656e7469636174696f6e20566572696669636174696f6e20526573706f6e73653a200a, '2012-05-09 09:29:09'),
(87, 148, 1, 1, '', '2012-05-09 09:34:38'),
(88, 148, 1, 0, 0x417574686f72697a6174696f6e20436f64653a203030303030300a41565320526573706f6e73653a20500a5472616e73616374696f6e2049443a20300a4361726420436f646520526573706f6e73653a200a43617264686f6c6465722041757468656e7469636174696f6e20566572696669636174696f6e20526573706f6e73653a200a, '2012-05-09 09:34:59'),
(89, 149, 1, 1, '', '2012-05-09 09:35:43'),
(90, 150, 1, 1, '', '2012-05-09 09:40:04'),
(91, 151, 1, 1, '', '2012-05-09 09:40:34'),
(92, 157, 1, 1, '', '2012-05-23 18:18:22'),
(93, 159, 1, 1, '', '2012-05-24 10:43:49'),
(94, 159, 1, 0, 0x417574686f72697a6174696f6e20436f64653a203030303030300a41565320526573706f6e73653a20500a5472616e73616374696f6e2049443a20300a4361726420436f646520526573706f6e73653a200a43617264686f6c6465722041757468656e7469636174696f6e20566572696669636174696f6e20526573706f6e73653a200a, '2012-05-24 10:43:59'),
(95, 162, 1, 1, '', '2012-05-24 14:10:20'),
(96, 162, 1, 0, 0x417574686f72697a6174696f6e20436f64653a203030303030300a41565320526573706f6e73653a20500a5472616e73616374696f6e2049443a20300a4361726420436f646520526573706f6e73653a200a43617264686f6c6465722041757468656e7469636174696f6e20566572696669636174696f6e20526573706f6e73653a200a, '2012-05-24 14:10:20'),
(97, 163, 1, 1, '', '2012-05-24 14:13:23'),
(98, 163, 1, 0, 0x417574686f72697a6174696f6e20436f64653a203030303030300a41565320526573706f6e73653a20500a5472616e73616374696f6e2049443a20300a4361726420436f646520526573706f6e73653a200a43617264686f6c6465722041757468656e7469636174696f6e20566572696669636174696f6e20526573706f6e73653a200a, '2012-05-24 14:13:23'),
(99, 164, 1, 1, '', '2012-05-24 15:05:15'),
(100, 164, 1, 0, 0x417574686f72697a6174696f6e20436f64653a203030303030300a41565320526573706f6e73653a20500a5472616e73616374696f6e2049443a20300a4361726420436f646520526573706f6e73653a200a43617264686f6c6465722041757468656e7469636174696f6e20566572696669636174696f6e20526573706f6e73653a200a, '2012-05-24 15:05:20'),
(101, 165, 1, 1, '', '2012-05-24 15:10:11'),
(102, 165, 1, 0, 0x417574686f72697a6174696f6e20436f64653a203030303030300a41565320526573706f6e73653a20500a5472616e73616374696f6e2049443a20300a4361726420436f646520526573706f6e73653a200a43617264686f6c6465722041757468656e7469636174696f6e20566572696669636174696f6e20526573706f6e73653a200a, '2012-05-24 15:10:16'),
(103, 166, 1, 1, '', '2012-05-24 15:12:05'),
(104, 166, 1, 0, 0x417574686f72697a6174696f6e20436f64653a203030303030300a41565320526573706f6e73653a20500a5472616e73616374696f6e2049443a20300a4361726420436f646520526573706f6e73653a200a43617264686f6c6465722041757468656e7469636174696f6e20566572696669636174696f6e20526573706f6e73653a200a, '2012-05-24 15:12:10'),
(105, 167, 1, 1, '', '2012-05-24 16:08:41'),
(106, 167, 1, 0, 0x417574686f72697a6174696f6e20436f64653a203030303030300a41565320526573706f6e73653a20500a5472616e73616374696f6e2049443a20300a4361726420436f646520526573706f6e73653a200a43617264686f6c6465722041757468656e7469636174696f6e20566572696669636174696f6e20526573706f6e73653a200a, '2012-05-24 16:08:46'),
(107, 168, 1, 1, '', '2012-05-24 16:10:55'),
(108, 168, 1, 0, 0x417574686f72697a6174696f6e20436f64653a203030303030300a41565320526573706f6e73653a20500a5472616e73616374696f6e2049443a20300a4361726420436f646520526573706f6e73653a200a43617264686f6c6465722041757468656e7469636174696f6e20566572696669636174696f6e20526573706f6e73653a200a, '2012-05-24 16:11:00'),
(109, 169, 1, 1, '', '2012-05-24 16:25:13'),
(110, 169, 1, 0, 0x417574686f72697a6174696f6e20436f64653a203030303030300a41565320526573706f6e73653a20500a5472616e73616374696f6e2049443a20300a4361726420436f646520526573706f6e73653a200a43617264686f6c6465722041757468656e7469636174696f6e20566572696669636174696f6e20526573706f6e73653a200a, '2012-05-24 16:25:24'),
(111, 173, 1, 1, '', '2012-06-11 13:16:57'),
(112, 173, 1, 0, 0x417574686f72697a6174696f6e20436f64653a203030303030300a41565320526573706f6e73653a20500a5472616e73616374696f6e2049443a20300a4361726420436f646520526573706f6e73653a200a43617264686f6c6465722041757468656e7469636174696f6e20566572696669636174696f6e20526573706f6e73653a200a, '2012-06-11 13:16:58'),
(113, 174, 1, 1, '', '2012-06-13 21:31:10'),
(114, 174, 1, 0, 0x417574686f72697a6174696f6e20436f64653a203030303030300a41565320526573706f6e73653a20500a5472616e73616374696f6e2049443a20300a4361726420436f646520526573706f6e73653a200a43617264686f6c6465722041757468656e7469636174696f6e20566572696669636174696f6e20526573706f6e73653a200a, '2012-06-13 21:31:11'),
(115, 175, 1, 1, '', '2012-06-15 08:40:50'),
(116, 175, 1, 0, 0x417574686f72697a6174696f6e20436f64653a203030303030300a41565320526573706f6e73653a20500a5472616e73616374696f6e2049443a20300a4361726420436f646520526573706f6e73653a200a43617264686f6c6465722041757468656e7469636174696f6e20566572696669636174696f6e20526573706f6e73653a200a, '2012-06-15 08:40:50'),
(117, 176, 1, 1, '', '2012-06-15 08:51:09'),
(118, 176, 1, 0, 0x417574686f72697a6174696f6e20436f64653a203030303030300a41565320526573706f6e73653a20500a5472616e73616374696f6e2049443a20300a4361726420436f646520526573706f6e73653a200a43617264686f6c6465722041757468656e7469636174696f6e20566572696669636174696f6e20526573706f6e73653a200a, '2012-06-15 08:51:09'),
(119, 177, 1, 1, '', '2012-06-15 13:58:06'),
(120, 177, 1, 0, 0x417574686f72697a6174696f6e20436f64653a203030303030300a41565320526573706f6e73653a20500a5472616e73616374696f6e2049443a20300a4361726420436f646520526573706f6e73653a200a43617264686f6c6465722041757468656e7469636174696f6e20566572696669636174696f6e20526573706f6e73653a200a, '2012-06-15 13:58:06'),
(121, 177, 1, 0, 0x417574686f72697a6174696f6e20436f64653a203030303030300a41565320526573706f6e73653a20500a5472616e73616374696f6e2049443a20300a4361726420436f646520526573706f6e73653a200a43617264686f6c6465722041757468656e7469636174696f6e20566572696669636174696f6e20526573706f6e73653a200a, '2012-06-15 13:58:07'),
(122, 178, 1, 1, '', '2012-06-15 14:25:48'),
(123, 178, 1, 0, 0x417574686f72697a6174696f6e20436f64653a203030303030300a41565320526573706f6e73653a20500a5472616e73616374696f6e2049443a20300a4361726420436f646520526573706f6e73653a200a43617264686f6c6465722041757468656e7469636174696f6e20566572696669636174696f6e20526573706f6e73653a200a, '2012-06-15 14:25:49'),
(124, 180, 1, 1, '', '2012-06-17 22:35:27'),
(125, 180, 1, 0, 0x417574686f72697a6174696f6e20436f64653a203030303030300a41565320526573706f6e73653a20500a5472616e73616374696f6e2049443a20300a4361726420436f646520526573706f6e73653a200a43617264686f6c6465722041757468656e7469636174696f6e20566572696669636174696f6e20526573706f6e73653a200a, '2012-06-17 22:35:27'),
(126, 180, 1, 0, 0x417574686f72697a6174696f6e20436f64653a203030303030300a41565320526573706f6e73653a20500a5472616e73616374696f6e2049443a20300a4361726420436f646520526573706f6e73653a200a43617264686f6c6465722041757468656e7469636174696f6e20566572696669636174696f6e20526573706f6e73653a200a, '2012-06-17 22:35:28'),
(127, 182, 1, 1, '', '2012-06-18 05:52:57'),
(128, 182, 1, 0, 0x417574686f72697a6174696f6e20436f64653a203030303030300a41565320526573706f6e73653a20500a5472616e73616374696f6e2049443a20300a4361726420436f646520526573706f6e73653a200a43617264686f6c6465722041757468656e7469636174696f6e20566572696669636174696f6e20526573706f6e73653a200a, '2012-06-18 05:52:58'),
(129, 184, 1, 1, '', '2012-06-18 10:01:06'),
(130, 184, 1, 0, 0x417574686f72697a6174696f6e20436f64653a203030303030300a41565320526573706f6e73653a20500a5472616e73616374696f6e2049443a20300a4361726420436f646520526573706f6e73653a200a43617264686f6c6465722041757468656e7469636174696f6e20566572696669636174696f6e20526573706f6e73653a200a, '2012-06-18 10:01:07'),
(131, 187, 1, 1, '', '2012-08-09 14:41:28'),
(132, 187, 1, 0, 0x417574686f72697a6174696f6e20436f64653a203030303030300a41565320526573706f6e73653a20500a5472616e73616374696f6e2049443a20300a4361726420436f646520526573706f6e73653a200a43617264686f6c6465722041757468656e7469636174696f6e20566572696669636174696f6e20526573706f6e73653a200a, '2012-08-09 14:41:29'),
(133, 189, 1, 1, '', '2012-08-12 06:01:07'),
(134, 189, 1, 0, 0x417574686f72697a6174696f6e20436f64653a203030303030300a41565320526573706f6e73653a20500a5472616e73616374696f6e2049443a20300a4361726420436f646520526573706f6e73653a200a43617264686f6c6465722041757468656e7469636174696f6e20566572696669636174696f6e20526573706f6e73653a200a, '2012-08-12 06:01:08'),
(135, 191, 1, 1, '', '2012-08-12 06:03:50'),
(136, 191, 1, 0, 0x417574686f72697a6174696f6e20436f64653a203030303030300a41565320526573706f6e73653a20500a5472616e73616374696f6e2049443a20300a4361726420436f646520526573706f6e73653a200a43617264686f6c6465722041757468656e7469636174696f6e20566572696669636174696f6e20526573706f6e73653a200a, '2012-08-12 06:03:50');

-- --------------------------------------------------------

--
-- Table structure for table `order_journal`
--

CREATE TABLE IF NOT EXISTS `order_journal` (
  `journal_id` int(11) NOT NULL AUTO_INCREMENT,
  `product_id` int(11) NOT NULL,
  `Tname` text COLLATE utf8_bin NOT NULL,
  `Torder_adult` int(2) NOT NULL,
  `Torder_child` int(2) NOT NULL,
  `Order_Total` varchar(11) COLLATE utf8_bin NOT NULL,
  `departdate` varchar(40) COLLATE utf8_bin NOT NULL,
  `busstation` varchar(255) COLLATE utf8_bin DEFAULT NULL,
  PRIMARY KEY (`journal_id`)
) ENGINE=MyISAM  DEFAULT CHARSET=utf8 COLLATE=utf8_bin AUTO_INCREMENT=354 ;

--
-- Dumping data for table `order_journal`
--

INSERT INTO `order_journal` (`journal_id`, `product_id`, `Tname`, `Torder_adult`, `Torder_child`, `Order_Total`, `departdate`, `busstation`) VALUES
(1, 65, 0x613a33303a7b693a303b733a353a226473647364223b693a313b733a353a226473647364223b693a323b733a343a2273647364223b693a333b733a343a2273647364223b693a343b733a303a22223b693a353b733a303a22223b693a363b733a303a22223b693a373b733a303a22223b693a383b733a303a22223b693a393b733a303a22223b693a31303b733a303a22223b693a31313b733a303a22223b693a31323b733a303a22223b693a31333b733a303a22223b693a31343b733a303a22223b693a31353b733a303a22223b693a31363b733a303a22223b693a31373b733a303a22223b693a31383b733a303a22223b693a31393b733a303a22223b693a32303b733a303a22223b693a32313b733a303a22223b693a32323b733a303a22223b693a32333b733a303a22223b693a32343b733a303a22223b693a32353b733a303a22223b693a32363b733a303a22223b693a32373b733a303a22223b693a32383b733a303a22223b693a32393b733a303a22223b7d, 4, 1, '0', '12/07/2011 Monday', NULL),
(2, 65, 0x613a33303a7b693a303b733a353a226473647364223b693a313b733a353a226473647364223b693a323b733a343a2273647364223b693a333b733a343a2273647364223b693a343b733a303a22223b693a353b733a303a22223b693a363b733a303a22223b693a373b733a303a22223b693a383b733a303a22223b693a393b733a303a22223b693a31303b733a303a22223b693a31313b733a303a22223b693a31323b733a303a22223b693a31333b733a303a22223b693a31343b733a303a22223b693a31353b733a303a22223b693a31363b733a303a22223b693a31373b733a303a22223b693a31383b733a303a22223b693a31393b733a303a22223b693a32303b733a303a22223b693a32313b733a303a22223b693a32323b733a303a22223b693a32333b733a303a22223b693a32343b733a303a22223b693a32353b733a303a22223b693a32363b733a303a22223b693a32373b733a303a22223b693a32383b733a303a22223b693a32393b733a303a22223b7d, 4, 1, '0', '12/07/2011 Monday', NULL),
(3, 65, 0x613a33303a7b693a303b733a353a226473647364223b693a313b733a353a226473647364223b693a323b733a343a2273647364223b693a333b733a343a2273647364223b693a343b733a303a22223b693a353b733a303a22223b693a363b733a303a22223b693a373b733a303a22223b693a383b733a303a22223b693a393b733a303a22223b693a31303b733a303a22223b693a31313b733a303a22223b693a31323b733a303a22223b693a31333b733a303a22223b693a31343b733a303a22223b693a31353b733a303a22223b693a31363b733a303a22223b693a31373b733a303a22223b693a31383b733a303a22223b693a31393b733a303a22223b693a32303b733a303a22223b693a32313b733a303a22223b693a32323b733a303a22223b693a32333b733a303a22223b693a32343b733a303a22223b693a32353b733a303a22223b693a32363b733a303a22223b693a32373b733a303a22223b693a32383b733a303a22223b693a32393b733a303a22223b7d, 4, 1, '1700', '12/07/2011 Monday', NULL),
(4, 65, 0x613a33303a7b693a303b733a353a226473647364223b693a313b733a353a226473647364223b693a323b733a343a2273647364223b693a333b733a343a2273647364223b693a343b733a303a22223b693a353b733a303a22223b693a363b733a303a22223b693a373b733a303a22223b693a383b733a303a22223b693a393b733a303a22223b693a31303b733a303a22223b693a31313b733a303a22223b693a31323b733a303a22223b693a31333b733a303a22223b693a31343b733a303a22223b693a31353b733a303a22223b693a31363b733a303a22223b693a31373b733a303a22223b693a31383b733a303a22223b693a31393b733a303a22223b693a32303b733a303a22223b693a32313b733a303a22223b693a32323b733a303a22223b693a32333b733a303a22223b693a32343b733a303a22223b693a32353b733a303a22223b693a32363b733a303a22223b693a32373b733a303a22223b693a32383b733a303a22223b693a32393b733a303a22223b7d, 4, 1, '1700', '12/07/2011 Monday', NULL),
(5, 65, 0x613a33303a7b693a303b733a353a226473647364223b693a313b733a353a226473647364223b693a323b733a343a2273647364223b693a333b733a343a2273647364223b693a343b733a303a22223b693a353b733a303a22223b693a363b733a303a22223b693a373b733a303a22223b693a383b733a303a22223b693a393b733a303a22223b693a31303b733a303a22223b693a31313b733a303a22223b693a31323b733a303a22223b693a31333b733a303a22223b693a31343b733a303a22223b693a31353b733a303a22223b693a31363b733a303a22223b693a31373b733a303a22223b693a31383b733a303a22223b693a31393b733a303a22223b693a32303b733a303a22223b693a32313b733a303a22223b693a32323b733a303a22223b693a32333b733a303a22223b693a32343b733a303a22223b693a32353b733a303a22223b693a32363b733a303a22223b693a32373b733a303a22223b693a32383b733a303a22223b693a32393b733a303a22223b7d, 4, 1, '1700', '12/07/2011 Monday', NULL),
(6, 65, 0x613a33303a7b693a303b733a353a226473647364223b693a313b733a353a226473647364223b693a323b733a343a2273647364223b693a333b733a343a2273647364223b693a343b733a303a22223b693a353b733a303a22223b693a363b733a303a22223b693a373b733a303a22223b693a383b733a303a22223b693a393b733a303a22223b693a31303b733a303a22223b693a31313b733a303a22223b693a31323b733a303a22223b693a31333b733a303a22223b693a31343b733a303a22223b693a31353b733a303a22223b693a31363b733a303a22223b693a31373b733a303a22223b693a31383b733a303a22223b693a31393b733a303a22223b693a32303b733a303a22223b693a32313b733a303a22223b693a32323b733a303a22223b693a32333b733a303a22223b693a32343b733a303a22223b693a32353b733a303a22223b693a32363b733a303a22223b693a32373b733a303a22223b693a32383b733a303a22223b693a32393b733a303a22223b7d, 4, 1, '1700', '12/07/2011 Monday', NULL),
(7, 65, 0x613a33303a7b693a303b733a353a226473647364223b693a313b733a353a226473647364223b693a323b733a343a2273647364223b693a333b733a343a2273647364223b693a343b733a303a22223b693a353b733a303a22223b693a363b733a303a22223b693a373b733a303a22223b693a383b733a303a22223b693a393b733a303a22223b693a31303b733a303a22223b693a31313b733a303a22223b693a31323b733a303a22223b693a31333b733a303a22223b693a31343b733a303a22223b693a31353b733a303a22223b693a31363b733a303a22223b693a31373b733a303a22223b693a31383b733a303a22223b693a31393b733a303a22223b693a32303b733a303a22223b693a32313b733a303a22223b693a32323b733a303a22223b693a32333b733a303a22223b693a32343b733a303a22223b693a32353b733a303a22223b693a32363b733a303a22223b693a32373b733a303a22223b693a32383b733a303a22223b693a32393b733a303a22223b7d, 4, 1, '1700', '12/07/2011 Monday', NULL),
(8, 65, 0x613a33303a7b693a303b733a353a226473647364223b693a313b733a353a226473647364223b693a323b733a343a2273647364223b693a333b733a343a2273647364223b693a343b733a303a22223b693a353b733a303a22223b693a363b733a303a22223b693a373b733a303a22223b693a383b733a303a22223b693a393b733a303a22223b693a31303b733a303a22223b693a31313b733a303a22223b693a31323b733a303a22223b693a31333b733a303a22223b693a31343b733a303a22223b693a31353b733a303a22223b693a31363b733a303a22223b693a31373b733a303a22223b693a31383b733a303a22223b693a31393b733a303a22223b693a32303b733a303a22223b693a32313b733a303a22223b693a32323b733a303a22223b693a32333b733a303a22223b693a32343b733a303a22223b693a32353b733a303a22223b693a32363b733a303a22223b693a32373b733a303a22223b693a32383b733a303a22223b693a32393b733a303a22223b7d, 4, 1, '1700', '12/07/2011 Monday', NULL),
(9, 65, 0x613a33303a7b693a303b733a353a226473647364223b693a313b733a353a226473647364223b693a323b733a343a2273647364223b693a333b733a343a2273647364223b693a343b733a303a22223b693a353b733a303a22223b693a363b733a303a22223b693a373b733a303a22223b693a383b733a303a22223b693a393b733a303a22223b693a31303b733a303a22223b693a31313b733a303a22223b693a31323b733a303a22223b693a31333b733a303a22223b693a31343b733a303a22223b693a31353b733a303a22223b693a31363b733a303a22223b693a31373b733a303a22223b693a31383b733a303a22223b693a31393b733a303a22223b693a32303b733a303a22223b693a32313b733a303a22223b693a32323b733a303a22223b693a32333b733a303a22223b693a32343b733a303a22223b693a32353b733a303a22223b693a32363b733a303a22223b693a32373b733a303a22223b693a32383b733a303a22223b693a32393b733a303a22223b7d, 4, 1, '1700', '12/07/2011 Monday', NULL),
(10, 65, 0x613a33303a7b693a303b733a353a226473647364223b693a313b733a353a226473647364223b693a323b733a343a2273647364223b693a333b733a343a2273647364223b693a343b733a303a22223b693a353b733a303a22223b693a363b733a303a22223b693a373b733a303a22223b693a383b733a303a22223b693a393b733a303a22223b693a31303b733a303a22223b693a31313b733a303a22223b693a31323b733a303a22223b693a31333b733a303a22223b693a31343b733a303a22223b693a31353b733a303a22223b693a31363b733a303a22223b693a31373b733a303a22223b693a31383b733a303a22223b693a31393b733a303a22223b693a32303b733a303a22223b693a32313b733a303a22223b693a32323b733a303a22223b693a32333b733a303a22223b693a32343b733a303a22223b693a32353b733a303a22223b693a32363b733a303a22223b693a32373b733a303a22223b693a32383b733a303a22223b693a32393b733a303a22223b7d, 4, 1, '1700', '12/07/2011 Monday', NULL),
(11, 65, 0x613a33303a7b693a303b733a353a226473647364223b693a313b733a353a226473647364223b693a323b733a343a2273647364223b693a333b733a343a2273647364223b693a343b733a303a22223b693a353b733a303a22223b693a363b733a303a22223b693a373b733a303a22223b693a383b733a303a22223b693a393b733a303a22223b693a31303b733a303a22223b693a31313b733a303a22223b693a31323b733a303a22223b693a31333b733a303a22223b693a31343b733a303a22223b693a31353b733a303a22223b693a31363b733a303a22223b693a31373b733a303a22223b693a31383b733a303a22223b693a31393b733a303a22223b693a32303b733a303a22223b693a32313b733a303a22223b693a32323b733a303a22223b693a32333b733a303a22223b693a32343b733a303a22223b693a32353b733a303a22223b693a32363b733a303a22223b693a32373b733a303a22223b693a32383b733a303a22223b693a32393b733a303a22223b7d, 4, 1, '1700', '12/07/2011 Monday', NULL),
(12, 65, 0x613a33303a7b693a303b733a353a226473647364223b693a313b733a353a226473647364223b693a323b733a343a2273647364223b693a333b733a343a2273647364223b693a343b733a303a22223b693a353b733a303a22223b693a363b733a303a22223b693a373b733a303a22223b693a383b733a303a22223b693a393b733a303a22223b693a31303b733a303a22223b693a31313b733a303a22223b693a31323b733a303a22223b693a31333b733a303a22223b693a31343b733a303a22223b693a31353b733a303a22223b693a31363b733a303a22223b693a31373b733a303a22223b693a31383b733a303a22223b693a31393b733a303a22223b693a32303b733a303a22223b693a32313b733a303a22223b693a32323b733a303a22223b693a32333b733a303a22223b693a32343b733a303a22223b693a32353b733a303a22223b693a32363b733a303a22223b693a32373b733a303a22223b693a32383b733a303a22223b693a32393b733a303a22223b7d, 4, 1, '1700', '12/07/2011 Monday', NULL),
(13, 65, 0x4e3b, 1, 0, '0', '', NULL),
(14, 65, 0x613a33303a7b693a303b733a303a22223b693a313b733a303a22223b693a323b733a303a22223b693a333b733a303a22223b693a343b733a303a22223b693a353b733a303a22223b693a363b733a303a22223b693a373b733a303a22223b693a383b733a303a22223b693a393b733a303a22223b693a31303b733a303a22223b693a31313b733a303a22223b693a31323b733a303a22223b693a31333b733a303a22223b693a31343b733a303a22223b693a31353b733a303a22223b693a31363b733a303a22223b693a31373b733a303a22223b693a31383b733a303a22223b693a31393b733a303a22223b693a32303b733a303a22223b693a32313b733a303a22223b693a32323b733a303a22223b693a32333b733a303a22223b693a32343b733a303a22223b693a32353b733a303a22223b693a32363b733a303a22223b693a32373b733a303a22223b693a32383b733a303a22223b693a32393b733a303a22223b7d, 1, 0, '600', '12/07/2011 Monday', NULL),
(15, 65, 0x613a33303a7b693a303b733a353a226473616461223b693a313b733a363a22646164666164223b693a323b733a303a22223b693a333b733a303a22223b693a343b733a303a22223b693a353b733a303a22223b693a363b733a303a22223b693a373b733a303a22223b693a383b733a303a22223b693a393b733a303a22223b693a31303b733a303a22223b693a31313b733a303a22223b693a31323b733a303a22223b693a31333b733a303a22223b693a31343b733a303a22223b693a31353b733a303a22223b693a31363b733a303a22223b693a31373b733a303a22223b693a31383b733a303a22223b693a31393b733a303a22223b693a32303b733a303a22223b693a32313b733a303a22223b693a32323b733a303a22223b693a32333b733a303a22223b693a32343b733a303a22223b693a32353b733a303a22223b693a32363b733a303a22223b693a32373b733a303a22223b693a32383b733a303a22223b693a32393b733a303a22223b7d, 5, 3, '2400', '12/07/2011 Monday', NULL),
(16, 65, 0x613a33303a7b693a303b733a353a226473616461223b693a313b733a363a22646164666164223b693a323b733a303a22223b693a333b733a303a22223b693a343b733a303a22223b693a353b733a303a22223b693a363b733a303a22223b693a373b733a303a22223b693a383b733a303a22223b693a393b733a303a22223b693a31303b733a303a22223b693a31313b733a303a22223b693a31323b733a303a22223b693a31333b733a303a22223b693a31343b733a303a22223b693a31353b733a303a22223b693a31363b733a303a22223b693a31373b733a303a22223b693a31383b733a303a22223b693a31393b733a303a22223b693a32303b733a303a22223b693a32313b733a303a22223b693a32323b733a303a22223b693a32333b733a303a22223b693a32343b733a303a22223b693a32353b733a303a22223b693a32363b733a303a22223b693a32373b733a303a22223b693a32383b733a303a22223b693a32393b733a303a22223b7d, 5, 3, '2400', '12/07/2011 Monday', NULL),
(17, 65, 0x613a33303a7b693a303b733a353a226473616461223b693a313b733a363a22646164666164223b693a323b733a303a22223b693a333b733a303a22223b693a343b733a303a22223b693a353b733a303a22223b693a363b733a303a22223b693a373b733a303a22223b693a383b733a303a22223b693a393b733a303a22223b693a31303b733a303a22223b693a31313b733a303a22223b693a31323b733a303a22223b693a31333b733a303a22223b693a31343b733a303a22223b693a31353b733a303a22223b693a31363b733a303a22223b693a31373b733a303a22223b693a31383b733a303a22223b693a31393b733a303a22223b693a32303b733a303a22223b693a32313b733a303a22223b693a32323b733a303a22223b693a32333b733a303a22223b693a32343b733a303a22223b693a32353b733a303a22223b693a32363b733a303a22223b693a32373b733a303a22223b693a32383b733a303a22223b693a32393b733a303a22223b7d, 5, 3, '2400', '12/07/2011 Monday', NULL),
(18, 65, 0x4e3b, 1, 0, '0', '', NULL),
(19, 65, 0x4e3b, 3, 1, '795', '', NULL),
(20, 66, 0x4e3b, 1, 0, '0', '', NULL),
(21, 65, 0x613a33303a7b693a303b733a303a22223b693a313b733a303a22223b693a323b733a303a22223b693a333b733a303a22223b693a343b733a303a22223b693a353b733a303a22223b693a363b733a303a22223b693a373b733a303a22223b693a383b733a303a22223b693a393b733a303a22223b693a31303b733a303a22223b693a31313b733a303a22223b693a31323b733a303a22223b693a31333b733a303a22223b693a31343b733a303a22223b693a31353b733a303a22223b693a31363b733a303a22223b693a31373b733a303a22223b693a31383b733a303a22223b693a31393b733a303a22223b693a32303b733a303a22223b693a32313b733a303a22223b693a32323b733a303a22223b693a32333b733a303a22223b693a32343b733a303a22223b693a32353b733a303a22223b693a32363b733a303a22223b693a32373b733a303a22223b693a32383b733a303a22223b693a32393b733a303a22223b7d, 2, 1, '668', '12/07/2011 Monday', NULL),
(22, 65, 0x4e3b, 1, 0, '0', '', NULL),
(23, 65, 0x4e3b, 3, 1, '1200', '', NULL),
(24, 65, 0x4e3b, 4, 0, '0', '', NULL),
(25, 72, 0x4e3b, 1, 0, '0', '', NULL),
(26, 72, 0x4e3b, 1, 0, '0', '', NULL),
(27, 72, 0x4e3b, 1, 1, '244', '', NULL),
(28, 72, 0x613a33303a7b693a303b733a303a22223b693a313b733a303a22223b693a323b733a303a22223b693a333b733a303a22223b693a343b733a303a22223b693a353b733a303a22223b693a363b733a303a22223b693a373b733a303a22223b693a383b733a303a22223b693a393b733a303a22223b693a31303b733a303a22223b693a31313b733a303a22223b693a31323b733a303a22223b693a31333b733a303a22223b693a31343b733a303a22223b693a31353b733a303a22223b693a31363b733a303a22223b693a31373b733a303a22223b693a31383b733a303a22223b693a31393b733a303a22223b693a32303b733a303a22223b693a32313b733a303a22223b693a32323b733a303a22223b693a32333b733a303a22223b693a32343b733a303a22223b693a32353b733a303a22223b693a32363b733a303a22223b693a32373b733a303a22223b693a32383b733a303a22223b693a32393b733a303a22223b7d, 2, 1, '367', '10/05/2011 Sunday', NULL),
(29, 72, 0x613a33303a7b693a303b733a303a22223b693a313b733a303a22223b693a323b733a303a22223b693a333b733a303a22223b693a343b733a303a22223b693a353b733a303a22223b693a363b733a303a22223b693a373b733a303a22223b693a383b733a303a22223b693a393b733a303a22223b693a31303b733a303a22223b693a31313b733a303a22223b693a31323b733a303a22223b693a31333b733a303a22223b693a31343b733a303a22223b693a31353b733a303a22223b693a31363b733a303a22223b693a31373b733a303a22223b693a31383b733a303a22223b693a31393b733a303a22223b693a32303b733a303a22223b693a32313b733a303a22223b693a32323b733a303a22223b693a32333b733a303a22223b693a32343b733a303a22223b693a32353b733a303a22223b693a32363b733a303a22223b693a32373b733a303a22223b693a32383b733a303a22223b693a32393b733a303a22223b7d, 2, 1, '367', '10/05/2011 Sunday', NULL),
(30, 72, 0x613a33303a7b693a303b733a303a22223b693a313b733a303a22223b693a323b733a303a22223b693a333b733a303a22223b693a343b733a303a22223b693a353b733a303a22223b693a363b733a303a22223b693a373b733a303a22223b693a383b733a303a22223b693a393b733a303a22223b693a31303b733a303a22223b693a31313b733a303a22223b693a31323b733a303a22223b693a31333b733a303a22223b693a31343b733a303a22223b693a31353b733a303a22223b693a31363b733a303a22223b693a31373b733a303a22223b693a31383b733a303a22223b693a31393b733a303a22223b693a32303b733a303a22223b693a32313b733a303a22223b693a32323b733a303a22223b693a32333b733a303a22223b693a32343b733a303a22223b693a32353b733a303a22223b693a32363b733a303a22223b693a32373b733a303a22223b693a32383b733a303a22223b693a32393b733a303a22223b7d, 2, 1, '367', '10/05/2011 Sunday', NULL),
(31, 72, 0x613a33303a7b693a303b733a303a22223b693a313b733a303a22223b693a323b733a303a22223b693a333b733a303a22223b693a343b733a303a22223b693a353b733a303a22223b693a363b733a303a22223b693a373b733a303a22223b693a383b733a303a22223b693a393b733a303a22223b693a31303b733a303a22223b693a31313b733a303a22223b693a31323b733a303a22223b693a31333b733a303a22223b693a31343b733a303a22223b693a31353b733a303a22223b693a31363b733a303a22223b693a31373b733a303a22223b693a31383b733a303a22223b693a31393b733a303a22223b693a32303b733a303a22223b693a32313b733a303a22223b693a32323b733a303a22223b693a32333b733a303a22223b693a32343b733a303a22223b693a32353b733a303a22223b693a32363b733a303a22223b693a32373b733a303a22223b693a32383b733a303a22223b693a32393b733a303a22223b7d, 1, 0, '123', '10/05/2011 Sunday', NULL),
(32, 72, 0x613a33303a7b693a303b733a303a22223b693a313b733a303a22223b693a323b733a303a22223b693a333b733a303a22223b693a343b733a303a22223b693a353b733a303a22223b693a363b733a303a22223b693a373b733a303a22223b693a383b733a303a22223b693a393b733a303a22223b693a31303b733a303a22223b693a31313b733a303a22223b693a31323b733a303a22223b693a31333b733a303a22223b693a31343b733a303a22223b693a31353b733a303a22223b693a31363b733a303a22223b693a31373b733a303a22223b693a31383b733a303a22223b693a31393b733a303a22223b693a32303b733a303a22223b693a32313b733a303a22223b693a32323b733a303a22223b693a32333b733a303a22223b693a32343b733a303a22223b693a32353b733a303a22223b693a32363b733a303a22223b693a32373b733a303a22223b693a32383b733a303a22223b693a32393b733a303a22223b7d, 1, 0, '123', '10/05/2011 Sunday', NULL),
(33, 72, 0x613a33303a7b693a303b733a31323a226a696e687561206a69616e67223b693a313b733a303a22223b693a323b733a303a22223b693a333b733a303a22223b693a343b733a303a22223b693a353b733a303a22223b693a363b733a303a22223b693a373b733a303a22223b693a383b733a303a22223b693a393b733a303a22223b693a31303b733a303a22223b693a31313b733a303a22223b693a31323b733a303a22223b693a31333b733a303a22223b693a31343b733a303a22223b693a31353b733a303a22223b693a31363b733a303a22223b693a31373b733a303a22223b693a31383b733a303a22223b693a31393b733a303a22223b693a32303b733a303a22223b693a32313b733a303a22223b693a32323b733a303a22223b693a32333b733a303a22223b693a32343b733a303a22223b693a32353b733a303a22223b693a32363b733a303a22223b693a32373b733a303a22223b693a32383b733a303a22223b693a32393b733a303a22223b7d, 1, 0, '123', '10/19/2011 Saturday', NULL),
(34, 72, 0x733a303a22223b, 2, 0, '246', '', NULL),
(35, 65, 0x733a303a22223b, 3, 0, '0', '', NULL),
(36, 72, 0x733a303a22223b, 2, 0, '0', '', NULL),
(37, 72, 0x613a33303a7b693a303b733a363a2267656f726765223b693a313b733a303a22223b693a323b733a303a22223b693a333b733a303a22223b693a343b733a303a22223b693a353b733a303a22223b693a363b733a303a22223b693a373b733a303a22223b693a383b733a303a22223b693a393b733a303a22223b693a31303b733a303a22223b693a31313b733a303a22223b693a31323b733a303a22223b693a31333b733a303a22223b693a31343b733a303a22223b693a31353b733a303a22223b693a31363b733a303a22223b693a31373b733a303a22223b693a31383b733a303a22223b693a31393b733a303a22223b693a32303b733a303a22223b693a32313b733a303a22223b693a32323b733a303a22223b693a32333b733a303a22223b693a32343b733a303a22223b693a32353b733a303a22223b693a32363b733a303a22223b693a32373b733a303a22223b693a32383b733a303a22223b693a32393b733a303a22223b7d, 1, 0, '123', '', NULL),
(38, 72, 0x733a303a22223b, 1, 0, '0', '', NULL),
(39, 72, 0x613a33303a7b693a303b733a303a22223b693a313b733a303a22223b693a323b733a303a22223b693a333b733a303a22223b693a343b733a303a22223b693a353b733a303a22223b693a363b733a303a22223b693a373b733a303a22223b693a383b733a303a22223b693a393b733a303a22223b693a31303b733a303a22223b693a31313b733a303a22223b693a31323b733a303a22223b693a31333b733a303a22223b693a31343b733a303a22223b693a31353b733a303a22223b693a31363b733a303a22223b693a31373b733a303a22223b693a31383b733a303a22223b693a31393b733a303a22223b693a32303b733a303a22223b693a32313b733a303a22223b693a32323b733a303a22223b693a32333b733a303a22223b693a32343b733a303a22223b693a32353b733a303a22223b693a32363b733a303a22223b693a32373b733a303a22223b693a32383b733a303a22223b693a32393b733a303a22223b7d, 1, 0, '123', '', NULL),
(40, 65, 0x733a303a22223b, 0, 0, '0', '', NULL),
(41, 65, 0x733a303a22223b, 0, 0, '0', '', NULL),
(42, 72, 0x613a33303a7b693a303b733a313a2261223b693a313b733a313a2262223b693a323b733a313a2263223b693a333b733a313a2264223b693a343b733a303a22223b693a353b733a303a22223b693a363b733a303a22223b693a373b733a303a22223b693a383b733a303a22223b693a393b733a303a22223b693a31303b733a303a22223b693a31313b733a303a22223b693a31323b733a303a22223b693a31333b733a303a22223b693a31343b733a303a22223b693a31353b733a303a22223b693a31363b733a303a22223b693a31373b733a303a22223b693a31383b733a303a22223b693a31393b733a303a22223b693a32303b733a303a22223b693a32313b733a303a22223b693a32323b733a303a22223b693a32333b733a303a22223b693a32343b733a303a22223b693a32353b733a303a22223b693a32363b733a303a22223b693a32373b733a303a22223b693a32383b733a303a22223b693a32393b733a303a22223b7d, 3, 0, '369', '11/23/2011 Friday', NULL),
(43, 72, 0x733a303a22223b, 2, 0, '320', '', NULL),
(44, 72, 0x733a303a22223b, 2, 0, '0', '', NULL),
(45, 72, 0x733a303a22223b, 2, 0, '0', '', NULL),
(46, 72, 0x613a33303a7b693a303b733a303a22223b693a313b733a303a22223b693a323b733a303a22223b693a333b733a303a22223b693a343b733a303a22223b693a353b733a303a22223b693a363b733a303a22223b693a373b733a303a22223b693a383b733a303a22223b693a393b733a303a22223b693a31303b733a303a22223b693a31313b733a303a22223b693a31323b733a303a22223b693a31333b733a303a22223b693a31343b733a303a22223b693a31353b733a303a22223b693a31363b733a303a22223b693a31373b733a303a22223b693a31383b733a303a22223b693a31393b733a303a22223b693a32303b733a303a22223b693a32313b733a303a22223b693a32323b733a303a22223b693a32333b733a303a22223b693a32343b733a303a22223b693a32353b733a303a22223b693a32363b733a303a22223b693a32373b733a303a22223b693a32383b733a303a22223b693a32393b733a303a22223b7d, 2, 0, '20', '11/15/2011 Friday', NULL),
(47, 72, 0x613a33303a7b693a303b733a303a22223b693a313b733a303a22223b693a323b733a303a22223b693a333b733a303a22223b693a343b733a303a22223b693a353b733a303a22223b693a363b733a303a22223b693a373b733a303a22223b693a383b733a303a22223b693a393b733a303a22223b693a31303b733a303a22223b693a31313b733a303a22223b693a31323b733a303a22223b693a31333b733a303a22223b693a31343b733a303a22223b693a31353b733a303a22223b693a31363b733a303a22223b693a31373b733a303a22223b693a31383b733a303a22223b693a31393b733a303a22223b693a32303b733a303a22223b693a32313b733a303a22223b693a32323b733a303a22223b693a32333b733a303a22223b693a32343b733a303a22223b693a32353b733a303a22223b693a32363b733a303a22223b693a32373b733a303a22223b693a32383b733a303a22223b693a32393b733a303a22223b7d, 2, 0, '20', '10/05/2011 Sunday', NULL),
(48, 72, 0x613a33303a7b693a303b733a303a22223b693a313b733a303a22223b693a323b733a303a22223b693a333b733a303a22223b693a343b733a303a22223b693a353b733a303a22223b693a363b733a303a22223b693a373b733a303a22223b693a383b733a303a22223b693a393b733a303a22223b693a31303b733a303a22223b693a31313b733a303a22223b693a31323b733a303a22223b693a31333b733a303a22223b693a31343b733a303a22223b693a31353b733a303a22223b693a31363b733a303a22223b693a31373b733a303a22223b693a31383b733a303a22223b693a31393b733a303a22223b693a32303b733a303a22223b693a32313b733a303a22223b693a32323b733a303a22223b693a32333b733a303a22223b693a32343b733a303a22223b693a32353b733a303a22223b693a32363b733a303a22223b693a32373b733a303a22223b693a32383b733a303a22223b693a32393b733a303a22223b7d, 1, 0, '10', '10/05/2011 Sunday', NULL),
(49, 70, 0x733a303a22223b, 0, 0, '0', '', NULL),
(50, 70, 0x733a303a22223b, 0, 0, '0', '', NULL),
(51, 70, 0x733a303a22223b, 0, 0, '0', '', NULL),
(52, 70, 0x733a303a22223b, 0, 0, '0', '', NULL),
(53, 70, 0x733a303a22223b, 0, 0, '0', '', NULL),
(54, 70, 0x733a303a22223b, 0, 0, '0', '', NULL),
(55, 70, 0x733a303a22223b, 0, 0, '0', '', NULL),
(56, 72, 0x613a33303a7b693a303b733a313a2264223b693a313b733a323a226664223b693a323b733a303a22223b693a333b733a303a22223b693a343b733a303a22223b693a353b733a303a22223b693a363b733a303a22223b693a373b733a303a22223b693a383b733a303a22223b693a393b733a303a22223b693a31303b733a303a22223b693a31313b733a303a22223b693a31323b733a303a22223b693a31333b733a303a22223b693a31343b733a303a22223b693a31353b733a303a22223b693a31363b733a303a22223b693a31373b733a303a22223b693a31383b733a303a22223b693a31393b733a303a22223b693a32303b733a303a22223b693a32313b733a303a22223b693a32323b733a303a22223b693a32333b733a303a22223b693a32343b733a303a22223b693a32353b733a303a22223b693a32363b733a303a22223b693a32373b733a303a22223b693a32383b733a303a22223b693a32393b733a303a22223b7d, 1, 1, '85', '11/07/2011 Saturday', NULL),
(57, 65, 0x613a33303a7b693a303b733a333a22e5bca0223b693a313b733a333a22e5bca0223b693a323b733a333a22e5bca0223b693a333b733a333a22e5bca0223b693a343b733a333a22e5bca0223b693a353b733a333a22e5bca0223b693a363b733a303a22223b693a373b733a303a22223b693a383b733a303a22223b693a393b733a303a22223b693a31303b733a303a22223b693a31313b733a303a22223b693a31323b733a303a22223b693a31333b733a303a22223b693a31343b733a303a22223b693a31353b733a303a22223b693a31363b733a303a22223b693a31373b733a303a22223b693a31383b733a303a22223b693a31393b733a303a22223b693a32303b733a303a22223b693a32313b733a303a22223b693a32323b733a303a22223b693a32333b733a303a22223b693a32343b733a303a22223b693a32353b733a303a22223b693a32363b733a303a22223b693a32373b733a303a22223b693a32383b733a303a22223b693a32393b733a303a22223b7d, 4, 2, '1433', '12/28/2011 Wednesday', NULL),
(58, 66, 0x733a303a22223b, 0, 0, '0', '', NULL),
(59, 65, 0x613a33303a7b693a303b733a323a226461223b693a313b733a333a22e8bebe223b693a323b733a333a22e8bebe223b693a333b733a333a22e8bebe223b693a343b733a363a22e8bebee8bebe223b693a353b733a333a22e8bebe223b693a363b733a303a22223b693a373b733a303a22223b693a383b733a303a22223b693a393b733a303a22223b693a31303b733a303a22223b693a31313b733a303a22223b693a31323b733a303a22223b693a31333b733a303a22223b693a31343b733a303a22223b693a31353b733a303a22223b693a31363b733a303a22223b693a31373b733a303a22223b693a31383b733a303a22223b693a31393b733a303a22223b693a32303b733a303a22223b693a32313b733a303a22223b693a32323b733a303a22223b693a32333b733a303a22223b693a32343b733a303a22223b693a32353b733a303a22223b693a32363b733a303a22223b693a32373b733a303a22223b693a32383b733a303a22223b693a32393b733a303a22223b7d, 5, 1, '1338', '12/07/2011 Monday', NULL),
(60, 72, 0x613a33303a7b693a303b733a303a22223b693a313b733a303a22223b693a323b733a303a22223b693a333b733a303a22223b693a343b733a303a22223b693a353b733a303a22223b693a363b733a303a22223b693a373b733a303a22223b693a383b733a303a22223b693a393b733a303a22223b693a31303b733a303a22223b693a31313b733a303a22223b693a31323b733a303a22223b693a31333b733a303a22223b693a31343b733a303a22223b693a31353b733a303a22223b693a31363b733a303a22223b693a31373b733a303a22223b693a31383b733a303a22223b693a31393b733a303a22223b693a32303b733a303a22223b693a32313b733a303a22223b693a32323b733a303a22223b693a32333b733a303a22223b693a32343b733a303a22223b693a32353b733a303a22223b693a32363b733a303a22223b693a32373b733a303a22223b693a32383b733a303a22223b693a32393b733a303a22223b7d, 2, 0, '40', '11/16/2011 Monday', NULL),
(61, 72, 0x613a33303a7b693a303b733a303a22223b693a313b733a303a22223b693a323b733a303a22223b693a333b733a303a22223b693a343b733a303a22223b693a353b733a303a22223b693a363b733a303a22223b693a373b733a303a22223b693a383b733a303a22223b693a393b733a303a22223b693a31303b733a303a22223b693a31313b733a303a22223b693a31323b733a303a22223b693a31333b733a303a22223b693a31343b733a303a22223b693a31353b733a303a22223b693a31363b733a303a22223b693a31373b733a303a22223b693a31383b733a303a22223b693a31393b733a303a22223b693a32303b733a303a22223b693a32313b733a303a22223b693a32323b733a303a22223b693a32333b733a303a22223b693a32343b733a303a22223b693a32353b733a303a22223b693a32363b733a303a22223b693a32373b733a303a22223b693a32383b733a303a22223b693a32393b733a303a22223b7d, 2, 0, '40', '11/16/2011 Monday', NULL),
(62, 72, 0x613a33303a7b693a303b733a313a2273223b693a313b733a303a22223b693a323b733a303a22223b693a333b733a303a22223b693a343b733a303a22223b693a353b733a303a22223b693a363b733a303a22223b693a373b733a303a22223b693a383b733a303a22223b693a393b733a303a22223b693a31303b733a303a22223b693a31313b733a303a22223b693a31323b733a303a22223b693a31333b733a303a22223b693a31343b733a303a22223b693a31353b733a303a22223b693a31363b733a303a22223b693a31373b733a303a22223b693a31383b733a303a22223b693a31393b733a303a22223b693a32303b733a303a22223b693a32313b733a303a22223b693a32323b733a303a22223b693a32333b733a303a22223b693a32343b733a303a22223b693a32353b733a303a22223b693a32363b733a303a22223b693a32373b733a303a22223b693a32383b733a303a22223b693a32393b733a303a22223b7d, 1, 0, '20', '11/16/2011 Monday', NULL),
(63, 72, 0x613a33303a7b693a303b733a323a227777223b693a313b733a313a2277223b693a323b733a323a223232223b693a333b733a323a223131223b693a343b733a303a22223b693a353b733a303a22223b693a363b733a303a22223b693a373b733a303a22223b693a383b733a303a22223b693a393b733a303a22223b693a31303b733a303a22223b693a31313b733a303a22223b693a31323b733a303a22223b693a31333b733a303a22223b693a31343b733a303a22223b693a31353b733a303a22223b693a31363b733a303a22223b693a31373b733a303a22223b693a31383b733a303a22223b693a31393b733a303a22223b693a32303b733a303a22223b693a32313b733a303a22223b693a32323b733a303a22223b693a32333b733a303a22223b693a32343b733a303a22223b693a32353b733a303a22223b693a32363b733a303a22223b693a32373b733a303a22223b693a32383b733a303a22223b693a32393b733a303a22223b7d, 2, 2, '60', '11/16/2011 Monday', NULL),
(64, 70, 0x613a33303a7b693a303b733a313a2278223b693a313b733a313a2278223b693a323b733a303a22223b693a333b733a303a22223b693a343b733a303a22223b693a353b733a303a22223b693a363b733a303a22223b693a373b733a303a22223b693a383b733a303a22223b693a393b733a303a22223b693a31303b733a303a22223b693a31313b733a303a22223b693a31323b733a303a22223b693a31333b733a303a22223b693a31343b733a303a22223b693a31353b733a303a22223b693a31363b733a303a22223b693a31373b733a303a22223b693a31383b733a303a22223b693a31393b733a303a22223b693a32303b733a303a22223b693a32313b733a303a22223b693a32323b733a303a22223b693a32333b733a303a22223b693a32343b733a303a22223b693a32353b733a303a22223b693a32363b733a303a22223b693a32373b733a303a22223b693a32383b733a303a22223b693a32393b733a303a22223b7d, 2, 0, '326', '', NULL),
(65, 65, 0x613a33303a7b693a303b733a303a22223b693a313b733a303a22223b693a323b733a303a22223b693a333b733a303a22223b693a343b733a303a22223b693a353b733a303a22223b693a363b733a303a22223b693a373b733a303a22223b693a383b733a303a22223b693a393b733a303a22223b693a31303b733a303a22223b693a31313b733a303a22223b693a31323b733a303a22223b693a31333b733a303a22223b693a31343b733a303a22223b693a31353b733a303a22223b693a31363b733a303a22223b693a31373b733a303a22223b693a31383b733a303a22223b693a31393b733a303a22223b693a32303b733a303a22223b693a32313b733a303a22223b693a32323b733a303a22223b693a32333b733a303a22223b693a32343b733a303a22223b693a32353b733a303a22223b693a32363b733a303a22223b693a32373b733a303a22223b693a32383b733a303a22223b693a32393b733a303a22223b7d, 1, 0, '158', '12/07/2011 Monday', NULL),
(66, 65, 0x613a33303a7b693a303b733a303a22223b693a313b733a303a22223b693a323b733a303a22223b693a333b733a303a22223b693a343b733a303a22223b693a353b733a303a22223b693a363b733a303a22223b693a373b733a303a22223b693a383b733a303a22223b693a393b733a303a22223b693a31303b733a303a22223b693a31313b733a303a22223b693a31323b733a303a22223b693a31333b733a303a22223b693a31343b733a303a22223b693a31353b733a303a22223b693a31363b733a303a22223b693a31373b733a303a22223b693a31383b733a303a22223b693a31393b733a303a22223b693a32303b733a303a22223b693a32313b733a303a22223b693a32323b733a303a22223b693a32333b733a303a22223b693a32343b733a303a22223b693a32353b733a303a22223b693a32363b733a303a22223b693a32373b733a303a22223b693a32383b733a303a22223b693a32393b733a303a22223b7d, 1, 0, '158', '12/07/2011 Monday', NULL),
(67, 66, 0x613a33303a7b693a303b733a333a22e58ebb223b693a313b733a333a22e9a5bf223b693a323b733a303a22223b693a333b733a303a22223b693a343b733a303a22223b693a353b733a303a22223b693a363b733a303a22223b693a373b733a303a22223b693a383b733a303a22223b693a393b733a303a22223b693a31303b733a303a22223b693a31313b733a303a22223b693a31323b733a303a22223b693a31333b733a303a22223b693a31343b733a303a22223b693a31353b733a303a22223b693a31363b733a303a22223b693a31373b733a303a22223b693a31383b733a303a22223b693a31393b733a303a22223b693a32303b733a303a22223b693a32313b733a303a22223b693a32323b733a303a22223b693a32333b733a303a22223b693a32343b733a303a22223b693a32353b733a303a22223b693a32363b733a303a22223b693a32373b733a303a22223b693a32383b733a303a22223b693a32393b733a303a22223b7d, 2, 0, '364', '11/18/2011 Saturday', NULL),
(68, 66, 0x613a33303a7b693a303b733a303a22223b693a313b733a303a22223b693a323b733a303a22223b693a333b733a303a22223b693a343b733a303a22223b693a353b733a303a22223b693a363b733a303a22223b693a373b733a303a22223b693a383b733a303a22223b693a393b733a303a22223b693a31303b733a303a22223b693a31313b733a303a22223b693a31323b733a303a22223b693a31333b733a303a22223b693a31343b733a303a22223b693a31353b733a303a22223b693a31363b733a303a22223b693a31373b733a303a22223b693a31383b733a303a22223b693a31393b733a303a22223b693a32303b733a303a22223b693a32313b733a303a22223b693a32323b733a303a22223b693a32333b733a303a22223b693a32343b733a303a22223b693a32353b733a303a22223b693a32363b733a303a22223b693a32373b733a303a22223b693a32383b733a303a22223b693a32393b733a303a22223b7d, 3, 0, '596', '11/18/2011 Saturday', NULL),
(69, 65, 0x613a33303a7b693a303b733a323a22796f223b693a313b733a313a2264223b693a323b733a313a2273223b693a333b733a303a22223b693a343b733a303a22223b693a353b733a303a22223b693a363b733a303a22223b693a373b733a303a22223b693a383b733a303a22223b693a393b733a303a22223b693a31303b733a303a22223b693a31313b733a303a22223b693a31323b733a303a22223b693a31333b733a303a22223b693a31343b733a303a22223b693a31353b733a303a22223b693a31363b733a303a22223b693a31373b733a303a22223b693a31383b733a303a22223b693a31393b733a303a22223b693a32303b733a303a22223b693a32313b733a303a22223b693a32323b733a303a22223b693a32333b733a303a22223b693a32343b733a303a22223b693a32353b733a303a22223b693a32363b733a303a22223b693a32373b733a303a22223b693a32383b733a303a22223b693a32393b733a303a22223b7d, 3, 0, '210', '12/14/2011 Saturday', NULL),
(70, 65, 0x733a303a22223b, 0, 0, '0', '', NULL),
(71, 66, 0x613a33303a7b693a303b733a313a2264223b693a313b733a313a2273223b693a323b733a303a22223b693a333b733a303a22223b693a343b733a303a22223b693a353b733a303a22223b693a363b733a303a22223b693a373b733a303a22223b693a383b733a303a22223b693a393b733a303a22223b693a31303b733a303a22223b693a31313b733a303a22223b693a31323b733a303a22223b693a31333b733a303a22223b693a31343b733a303a22223b693a31353b733a303a22223b693a31363b733a303a22223b693a31373b733a303a22223b693a31383b733a303a22223b693a31393b733a303a22223b693a32303b733a303a22223b693a32313b733a303a22223b693a32323b733a303a22223b693a32333b733a303a22223b693a32343b733a303a22223b693a32353b733a303a22223b693a32363b733a303a22223b693a32373b733a303a22223b693a32383b733a303a22223b693a32393b733a303a22223b7d, 2, 0, '420', '11/18/2011 Saturday', NULL),
(72, 66, 0x613a33303a7b693a303b733a313a2264223b693a313b733a313a2273223b693a323b733a303a22223b693a333b733a303a22223b693a343b733a303a22223b693a353b733a303a22223b693a363b733a303a22223b693a373b733a303a22223b693a383b733a303a22223b693a393b733a303a22223b693a31303b733a303a22223b693a31313b733a303a22223b693a31323b733a303a22223b693a31333b733a303a22223b693a31343b733a303a22223b693a31353b733a303a22223b693a31363b733a303a22223b693a31373b733a303a22223b693a31383b733a303a22223b693a31393b733a303a22223b693a32303b733a303a22223b693a32313b733a303a22223b693a32323b733a303a22223b693a32333b733a303a22223b693a32343b733a303a22223b693a32353b733a303a22223b693a32363b733a303a22223b693a32373b733a303a22223b693a32383b733a303a22223b693a32393b733a303a22223b7d, 2, 0, '420', '12/16/2011 Tuesday', NULL),
(73, 65, 0x613a33303a7b693a303b733a303a22223b693a313b733a303a22223b693a323b733a303a22223b693a333b733a303a22223b693a343b733a303a22223b693a353b733a303a22223b693a363b733a303a22223b693a373b733a303a22223b693a383b733a303a22223b693a393b733a303a22223b693a31303b733a303a22223b693a31313b733a303a22223b693a31323b733a303a22223b693a31333b733a303a22223b693a31343b733a303a22223b693a31353b733a303a22223b693a31363b733a303a22223b693a31373b733a303a22223b693a31383b733a303a22223b693a31393b733a303a22223b693a32303b733a303a22223b693a32313b733a303a22223b693a32323b733a303a22223b693a32333b733a303a22223b693a32343b733a303a22223b693a32353b733a303a22223b693a32363b733a303a22223b693a32373b733a303a22223b693a32383b733a303a22223b693a32393b733a303a22223b7d, 1, 0, '150', '12/07/2011 Monday', NULL),
(74, 65, 0x613a33303a7b693a303b733a303a22223b693a313b733a303a22223b693a323b733a303a22223b693a333b733a303a22223b693a343b733a303a22223b693a353b733a303a22223b693a363b733a303a22223b693a373b733a303a22223b693a383b733a303a22223b693a393b733a303a22223b693a31303b733a303a22223b693a31313b733a303a22223b693a31323b733a303a22223b693a31333b733a303a22223b693a31343b733a303a22223b693a31353b733a303a22223b693a31363b733a303a22223b693a31373b733a303a22223b693a31383b733a303a22223b693a31393b733a303a22223b693a32303b733a303a22223b693a32313b733a303a22223b693a32323b733a303a22223b693a32333b733a303a22223b693a32343b733a303a22223b693a32353b733a303a22223b693a32363b733a303a22223b693a32373b733a303a22223b693a32383b733a303a22223b693a32393b733a303a22223b7d, 1, 0, '150', '12/07/2011 Monday', NULL),
(75, 74, 0x613a33303a7b693a303b733a313a2261223b693a313b733a303a22223b693a323b733a303a22223b693a333b733a303a22223b693a343b733a303a22223b693a353b733a303a22223b693a363b733a303a22223b693a373b733a303a22223b693a383b733a303a22223b693a393b733a303a22223b693a31303b733a303a22223b693a31313b733a303a22223b693a31323b733a303a22223b693a31333b733a303a22223b693a31343b733a303a22223b693a31353b733a303a22223b693a31363b733a303a22223b693a31373b733a303a22223b693a31383b733a303a22223b693a31393b733a303a22223b693a32303b733a303a22223b693a32313b733a303a22223b693a32323b733a303a22223b693a32333b733a303a22223b693a32343b733a303a22223b693a32353b733a303a22223b693a32363b733a303a22223b693a32373b733a303a22223b693a32383b733a303a22223b693a32393b733a303a22223b7d, 1, 0, '415', '12/22/2011 Wednesday', NULL),
(76, 65, 0x613a33303a7b693a303b733a313a226f223b693a313b733a313a2269223b693a323b733a313a223b223b693a333b733a303a22223b693a343b733a303a22223b693a353b733a303a22223b693a363b733a303a22223b693a373b733a303a22223b693a383b733a303a22223b693a393b733a303a22223b693a31303b733a303a22223b693a31313b733a303a22223b693a31323b733a303a22223b693a31333b733a303a22223b693a31343b733a303a22223b693a31353b733a303a22223b693a31363b733a303a22223b693a31373b733a303a22223b693a31383b733a303a22223b693a31393b733a303a22223b693a32303b733a303a22223b693a32313b733a303a22223b693a32323b733a303a22223b693a32333b733a303a22223b693a32343b733a303a22223b693a32353b733a303a22223b693a32363b733a303a22223b693a32373b733a303a22223b693a32383b733a303a22223b693a32393b733a303a22223b7d, 3, 0, '210', '01/31/2012 Thursday', NULL),
(77, 70, 0x613a33303a7b693a303b733a303a22223b693a313b733a303a22223b693a323b733a303a22223b693a333b733a303a22223b693a343b733a303a22223b693a353b733a303a22223b693a363b733a303a22223b693a373b733a303a22223b693a383b733a303a22223b693a393b733a303a22223b693a31303b733a303a22223b693a31313b733a303a22223b693a31323b733a303a22223b693a31333b733a303a22223b693a31343b733a303a22223b693a31353b733a303a22223b693a31363b733a303a22223b693a31373b733a303a22223b693a31383b733a303a22223b693a31393b733a303a22223b693a32303b733a303a22223b693a32313b733a303a22223b693a32323b733a303a22223b693a32333b733a303a22223b693a32343b733a303a22223b693a32353b733a303a22223b693a32363b733a303a22223b693a32373b733a303a22223b693a32383b733a303a22223b693a32393b733a303a22223b7d, 1, 0, '320', '01/16/2012 Wednesday', NULL),
(78, 72, 0x613a33303a7b693a303b733a303a22223b693a313b733a303a22223b693a323b733a303a22223b693a333b733a303a22223b693a343b733a303a22223b693a353b733a303a22223b693a363b733a303a22223b693a373b733a303a22223b693a383b733a303a22223b693a393b733a303a22223b693a31303b733a303a22223b693a31313b733a303a22223b693a31323b733a303a22223b693a31333b733a303a22223b693a31343b733a303a22223b693a31353b733a303a22223b693a31363b733a303a22223b693a31373b733a303a22223b693a31383b733a303a22223b693a31393b733a303a22223b693a32303b733a303a22223b693a32313b733a303a22223b693a32323b733a303a22223b693a32333b733a303a22223b693a32343b733a303a22223b693a32353b733a303a22223b693a32363b733a303a22223b693a32373b733a303a22223b693a32383b733a303a22223b693a32393b733a303a22223b7d, 1, 0, '20', '11/23/2011 Friday', NULL),
(79, 70, 0x613a33303a7b693a303b733a313a226a223b693a313b733a303a22223b693a323b733a303a22223b693a333b733a303a22223b693a343b733a303a22223b693a353b733a303a22223b693a363b733a303a22223b693a373b733a303a22223b693a383b733a303a22223b693a393b733a303a22223b693a31303b733a303a22223b693a31313b733a303a22223b693a31323b733a303a22223b693a31333b733a303a22223b693a31343b733a303a22223b693a31353b733a303a22223b693a31363b733a303a22223b693a31373b733a303a22223b693a31383b733a303a22223b693a31393b733a303a22223b693a32303b733a303a22223b693a32313b733a303a22223b693a32323b733a303a22223b693a32333b733a303a22223b693a32343b733a303a22223b693a32353b733a303a22223b693a32363b733a303a22223b693a32373b733a303a22223b693a32383b733a303a22223b693a32393b733a303a22223b7d, 1, 0, '320', '12/22/2011 Wednesday', NULL),
(80, 66, 0x613a33303a7b693a303b733a313a2267223b693a313b733a313a2268223b693a323b733a303a22223b693a333b733a303a22223b693a343b733a303a22223b693a353b733a303a22223b693a363b733a303a22223b693a373b733a303a22223b693a383b733a303a22223b693a393b733a303a22223b693a31303b733a303a22223b693a31313b733a303a22223b693a31323b733a303a22223b693a31333b733a303a22223b693a31343b733a303a22223b693a31353b733a303a22223b693a31363b733a303a22223b693a31373b733a303a22223b693a31383b733a303a22223b693a31393b733a303a22223b693a32303b733a303a22223b693a32313b733a303a22223b693a32323b733a303a22223b693a32333b733a303a22223b693a32343b733a303a22223b693a32353b733a303a22223b693a32363b733a303a22223b693a32373b733a303a22223b693a32383b733a303a22223b693a32393b733a303a22223b7d, 2, 0, '2950', 'Notice: Undefined offset: 1 in /home/con', NULL),
(81, 65, 0x613a33303a7b693a303b733a313a2277223b693a313b733a303a22223b693a323b733a303a22223b693a333b733a303a22223b693a343b733a303a22223b693a353b733a303a22223b693a363b733a303a22223b693a373b733a303a22223b693a383b733a303a22223b693a393b733a303a22223b693a31303b733a303a22223b693a31313b733a303a22223b693a31323b733a303a22223b693a31333b733a303a22223b693a31343b733a303a22223b693a31353b733a303a22223b693a31363b733a303a22223b693a31373b733a303a22223b693a31383b733a303a22223b693a31393b733a303a22223b693a32303b733a303a22223b693a32313b733a303a22223b693a32323b733a303a22223b693a32333b733a303a22223b693a32343b733a303a22223b693a32353b733a303a22223b693a32363b733a303a22223b693a32373b733a303a22223b693a32383b733a303a22223b693a32393b733a303a22223b7d, 1, 0, '150', '01/31/2012 Thursday', NULL),
(82, 74, 0x733a303a22223b, 0, 0, '0', '', NULL),
(83, 70, 0x733a303a22223b, 0, 0, '0', '', NULL),
(84, 74, 0x733a303a22223b, 0, 0, '0', '', NULL),
(85, 75, 0x733a303a22223b, 0, 0, '0', '', NULL),
(86, 74, 0x733a303a22223b, 0, 0, '0', '', NULL),
(87, 70, 0x733a303a22223b, 0, 0, '0', '', NULL),
(88, 66, 0x733a303a22223b, 0, 0, '0', '', NULL),
(89, 70, 0x733a303a22223b, 0, 0, '0', '', NULL),
(90, 70, 0x733a303a22223b, 0, 0, '0', '', NULL),
(91, 71, 0x733a303a22223b, 0, 0, '0', '', NULL),
(92, 70, 0x733a303a22223b, 0, 0, '0', '', NULL),
(93, 70, 0x733a303a22223b, 0, 0, '0', '', NULL),
(94, 71, 0x733a303a22223b, 0, 0, '0', '', NULL),
(95, 71, 0x733a303a22223b, 0, 0, '0', '', NULL),
(96, 74, 0x733a303a22223b, 0, 0, '0', '', NULL),
(97, 66, 0x733a303a22223b, 0, 0, '0', '', NULL),
(98, 66, 0x733a303a22223b, 0, 0, '0', '', NULL),
(99, 65, 0x733a303a22223b, 0, 0, '0', '', NULL),
(100, 65, 0x613a33303a7b693a303b733a313a2253223b693a313b733a303a22223b693a323b733a303a22223b693a333b733a303a22223b693a343b733a303a22223b693a353b733a303a22223b693a363b733a303a22223b693a373b733a303a22223b693a383b733a303a22223b693a393b733a303a22223b693a31303b733a303a22223b693a31313b733a303a22223b693a31323b733a303a22223b693a31333b733a303a22223b693a31343b733a303a22223b693a31353b733a303a22223b693a31363b733a303a22223b693a31373b733a303a22223b693a31383b733a303a22223b693a31393b733a303a22223b693a32303b733a303a22223b693a32313b733a303a22223b693a32323b733a303a22223b693a32333b733a303a22223b693a32343b733a303a22223b693a32353b733a303a22223b693a32363b733a303a22223b693a32373b733a303a22223b693a32383b733a303a22223b693a32393b733a303a22223b7d, 1, 0, '180', '02/27/2012 Wednesday', NULL),
(101, 65, 0x613a33303a7b693a303b733a313a2257223b693a313b733a313a2257223b693a323b733a303a22223b693a333b733a303a22223b693a343b733a303a22223b693a353b733a303a22223b693a363b733a303a22223b693a373b733a303a22223b693a383b733a303a22223b693a393b733a303a22223b693a31303b733a303a22223b693a31313b733a303a22223b693a31323b733a303a22223b693a31333b733a303a22223b693a31343b733a303a22223b693a31353b733a303a22223b693a31363b733a303a22223b693a31373b733a303a22223b693a31383b733a303a22223b693a31393b733a303a22223b693a32303b733a303a22223b693a32313b733a303a22223b693a32323b733a303a22223b693a32333b733a303a22223b693a32343b733a303a22223b693a32353b733a303a22223b693a32363b733a303a22223b693a32373b733a303a22223b693a32383b733a303a22223b693a32393b733a303a22223b7d, 2, 0, '280', '02/20/2012 Sunday', NULL),
(102, 65, 0x733a303a22223b, 0, 0, '0', '', NULL),
(103, 65, 0x733a303a22223b, 0, 0, '0', '', NULL),
(104, 65, 0x733a303a22223b, 0, 0, '0', '', NULL),
(105, 66, 0x733a303a22223b, 0, 0, '0', '', NULL),
(106, 66, 0x733a303a22223b, 0, 0, '0', '', NULL),
(107, 66, 0x613a33303a7b693a303b733a313a2264223b693a313b733a313a2261223b693a323b733a313a2264223b693a333b733a313a2261223b693a343b733a313a2264223b693a353b733a303a22223b693a363b733a303a22223b693a373b733a303a22223b693a383b733a303a22223b693a393b733a303a22223b693a31303b733a303a22223b693a31313b733a303a22223b693a31323b733a303a22223b693a31333b733a303a22223b693a31343b733a303a22223b693a31353b733a303a22223b693a31363b733a303a22223b693a31373b733a303a22223b693a31383b733a303a22223b693a31393b733a303a22223b693a32303b733a303a22223b693a32313b733a303a22223b693a32323b733a303a22223b693a32333b733a303a22223b693a32343b733a303a22223b693a32353b733a303a22223b693a32363b733a303a22223b693a32373b733a303a22223b693a32383b733a303a22223b693a32393b733a303a22223b7d, 5, 0, '1125', '04/02/2012 Tuesday', NULL),
(108, 78, 0x613a33303a7b693a303b733a313a2267223b693a313b733a313a2261223b693a323b733a313a2273223b693a333b733a313a2264223b693a343b733a313a2266223b693a353b733a303a22223b693a363b733a303a22223b693a373b733a303a22223b693a383b733a303a22223b693a393b733a303a22223b693a31303b733a303a22223b693a31313b733a303a22223b693a31323b733a303a22223b693a31333b733a303a22223b693a31343b733a303a22223b693a31353b733a303a22223b693a31363b733a303a22223b693a31373b733a303a22223b693a31383b733a303a22223b693a31393b733a303a22223b693a32303b733a303a22223b693a32313b733a303a22223b693a32323b733a303a22223b693a32333b733a303a22223b693a32343b733a303a22223b693a32353b733a303a22223b693a32363b733a303a22223b693a32373b733a303a22223b693a32383b733a303a22223b693a32393b733a303a22223b7d, 5, 0, '2425', '02/26/2012 Tuesday', NULL),
(109, 78, 0x613a33303a7b693a303b733a313a2264223b693a313b733a313a2273223b693a323b733a303a22223b693a333b733a303a22223b693a343b733a303a22223b693a353b733a303a22223b693a363b733a303a22223b693a373b733a303a22223b693a383b733a303a22223b693a393b733a303a22223b693a31303b733a303a22223b693a31313b733a303a22223b693a31323b733a303a22223b693a31333b733a303a22223b693a31343b733a303a22223b693a31353b733a303a22223b693a31363b733a303a22223b693a31373b733a303a22223b693a31383b733a303a22223b693a31393b733a303a22223b693a32303b733a303a22223b693a32313b733a303a22223b693a32323b733a303a22223b693a32333b733a303a22223b693a32343b733a303a22223b693a32353b733a303a22223b693a32363b733a303a22223b693a32373b733a303a22223b693a32383b733a303a22223b693a32393b733a303a22223b7d, 2, 0, '990', '02/26/2012 Tuesday', NULL),
(110, 66, 0x613a33303a7b693a303b733a313a2265223b693a313b733a313a2266223b693a323b733a313a2276223b693a333b733a323a227373223b693a343b733a313a2276223b693a353b733a313a2262223b693a363b733a313a2272223b693a373b733a323a223373223b693a383b733a303a22223b693a393b733a303a22223b693a31303b733a303a22223b693a31313b733a303a22223b693a31323b733a303a22223b693a31333b733a303a22223b693a31343b733a303a22223b693a31353b733a303a22223b693a31363b733a303a22223b693a31373b733a303a22223b693a31383b733a303a22223b693a31393b733a303a22223b693a32303b733a303a22223b693a32313b733a303a22223b693a32323b733a303a22223b693a32333b733a303a22223b693a32343b733a303a22223b693a32353b733a303a22223b693a32363b733a303a22223b693a32373b733a303a22223b693a32383b733a303a22223b693a32393b733a303a22223b7d, 4, 0, '900', '04/09/2012 Friday', NULL),
(111, 72, 0x613a33303a7b693a303b733a363a226d617274696e223b693a313b733a303a22223b693a323b733a303a22223b693a333b733a303a22223b693a343b733a303a22223b693a353b733a303a22223b693a363b733a303a22223b693a373b733a303a22223b693a383b733a303a22223b693a393b733a303a22223b693a31303b733a303a22223b693a31313b733a303a22223b693a31323b733a303a22223b693a31333b733a303a22223b693a31343b733a303a22223b693a31353b733a303a22223b693a31363b733a303a22223b693a31373b733a303a22223b693a31383b733a303a22223b693a31393b733a303a22223b693a32303b733a303a22223b693a32313b733a303a22223b693a32323b733a303a22223b693a32333b733a303a22223b693a32343b733a303a22223b693a32353b733a303a22223b693a32363b733a303a22223b693a32373b733a303a22223b693a32383b733a303a22223b693a32393b733a303a22223b7d, 1, 0, '20', '02/29/2012 Monday', NULL),
(112, 78, 0x613a33303a7b693a303b733a303a22223b693a313b733a303a22223b693a323b733a303a22223b693a333b733a303a22223b693a343b733a303a22223b693a353b733a303a22223b693a363b733a303a22223b693a373b733a303a22223b693a383b733a303a22223b693a393b733a303a22223b693a31303b733a303a22223b693a31313b733a303a22223b693a31323b733a303a22223b693a31333b733a303a22223b693a31343b733a303a22223b693a31353b733a303a22223b693a31363b733a303a22223b693a31373b733a303a22223b693a31383b733a303a22223b693a31393b733a303a22223b693a32303b733a303a22223b693a32313b733a303a22223b693a32323b733a303a22223b693a32333b733a303a22223b693a32343b733a303a22223b693a32353b733a303a22223b693a32363b733a303a22223b693a32373b733a303a22223b693a32383b733a303a22223b693a32393b733a303a22223b7d, 1, 0, '630', '02/26/2012 Tuesday', NULL);
INSERT INTO `order_journal` (`journal_id`, `product_id`, `Tname`, `Torder_adult`, `Torder_child`, `Order_Total`, `departdate`, `busstation`) VALUES
(113, 72, 0x613a33303a7b693a303b733a303a22223b693a313b733a303a22223b693a323b733a303a22223b693a333b733a303a22223b693a343b733a303a22223b693a353b733a303a22223b693a363b733a303a22223b693a373b733a303a22223b693a383b733a303a22223b693a393b733a303a22223b693a31303b733a303a22223b693a31313b733a303a22223b693a31323b733a303a22223b693a31333b733a303a22223b693a31343b733a303a22223b693a31353b733a303a22223b693a31363b733a303a22223b693a31373b733a303a22223b693a31383b733a303a22223b693a31393b733a303a22223b693a32303b733a303a22223b693a32313b733a303a22223b693a32323b733a303a22223b693a32333b733a303a22223b693a32343b733a303a22223b693a32353b733a303a22223b693a32363b733a303a22223b693a32373b733a303a22223b693a32383b733a303a22223b693a32393b733a303a22223b7d, 1, 4, '60', '02/29/2012 Monday', NULL),
(114, 72, 0x613a33303a7b693a303b733a303a22223b693a313b733a303a22223b693a323b733a303a22223b693a333b733a303a22223b693a343b733a303a22223b693a353b733a303a22223b693a363b733a303a22223b693a373b733a303a22223b693a383b733a303a22223b693a393b733a303a22223b693a31303b733a303a22223b693a31313b733a303a22223b693a31323b733a303a22223b693a31333b733a303a22223b693a31343b733a303a22223b693a31353b733a303a22223b693a31363b733a303a22223b693a31373b733a303a22223b693a31383b733a303a22223b693a31393b733a303a22223b693a32303b733a303a22223b693a32313b733a303a22223b693a32323b733a303a22223b693a32333b733a303a22223b693a32343b733a303a22223b693a32353b733a303a22223b693a32363b733a303a22223b693a32373b733a303a22223b693a32383b733a303a22223b693a32393b733a303a22223b7d, 1, 0, '20', '02/29/2012 星期一', NULL),
(115, 76, 0x613a33303a7b693a303b733a313a2264223b693a313b733a303a22223b693a323b733a303a22223b693a333b733a303a22223b693a343b733a303a22223b693a353b733a303a22223b693a363b733a303a22223b693a373b733a303a22223b693a383b733a303a22223b693a393b733a303a22223b693a31303b733a303a22223b693a31313b733a303a22223b693a31323b733a303a22223b693a31333b733a303a22223b693a31343b733a303a22223b693a31353b733a303a22223b693a31363b733a303a22223b693a31373b733a303a22223b693a31383b733a303a22223b693a31393b733a303a22223b693a32303b733a303a22223b693a32313b733a303a22223b693a32323b733a303a22223b693a32333b733a303a22223b693a32343b733a303a22223b693a32353b733a303a22223b693a32363b733a303a22223b693a32373b733a303a22223b693a32383b733a303a22223b693a32393b733a303a22223b7d, 1, 0, '450', '05/26/2012 Saturday', NULL),
(116, 75, 0x613a33303a7b693a303b733a313a2264223b693a313b733a313a2273223b693a323b733a303a22223b693a333b733a303a22223b693a343b733a303a22223b693a353b733a303a22223b693a363b733a303a22223b693a373b733a303a22223b693a383b733a303a22223b693a393b733a303a22223b693a31303b733a303a22223b693a31313b733a303a22223b693a31323b733a303a22223b693a31333b733a303a22223b693a31343b733a303a22223b693a31353b733a303a22223b693a31363b733a303a22223b693a31373b733a303a22223b693a31383b733a303a22223b693a31393b733a303a22223b693a32303b733a303a22223b693a32313b733a303a22223b693a32323b733a303a22223b693a32333b733a303a22223b693a32343b733a303a22223b693a32353b733a303a22223b693a32363b733a303a22223b693a32373b733a303a22223b693a32383b733a303a22223b693a32393b733a303a22223b7d, 2, 0, '1150', '02/29/2012 Monday', NULL),
(117, 70, 0x613a33303a7b693a303b733a313a2264223b693a313b733a313a2273223b693a323b733a303a22223b693a333b733a303a22223b693a343b733a303a22223b693a353b733a303a22223b693a363b733a303a22223b693a373b733a303a22223b693a383b733a303a22223b693a393b733a303a22223b693a31303b733a303a22223b693a31313b733a303a22223b693a31323b733a303a22223b693a31333b733a303a22223b693a31343b733a303a22223b693a31353b733a303a22223b693a31363b733a303a22223b693a31373b733a303a22223b693a31383b733a303a22223b693a31393b733a303a22223b693a32303b733a303a22223b693a32313b733a303a22223b693a32323b733a303a22223b693a32333b733a303a22223b693a32343b733a303a22223b693a32353b733a303a22223b693a32363b733a303a22223b693a32373b733a303a22223b693a32383b733a303a22223b693a32393b733a303a22223b7d, 2, 0, '450', '04/16/2012 Sunday', NULL),
(118, 65, 0x613a33303a7b693a303b733a303a22223b693a313b733a303a22223b693a323b733a303a22223b693a333b733a303a22223b693a343b733a303a22223b693a353b733a303a22223b693a363b733a303a22223b693a373b733a303a22223b693a383b733a303a22223b693a393b733a303a22223b693a31303b733a303a22223b693a31313b733a303a22223b693a31323b733a303a22223b693a31333b733a303a22223b693a31343b733a303a22223b693a31353b733a303a22223b693a31363b733a303a22223b693a31373b733a303a22223b693a31383b733a303a22223b693a31393b733a303a22223b693a32303b733a303a22223b693a32313b733a303a22223b693a32323b733a303a22223b693a32333b733a303a22223b693a32343b733a303a22223b693a32353b733a303a22223b693a32363b733a303a22223b693a32373b733a303a22223b693a32383b733a303a22223b693a32393b733a303a22223b7d, 1, 0, '180', '02/20/2012 星期日', NULL),
(119, 65, 0x613a33303a7b693a303b733a303a22223b693a313b733a303a22223b693a323b733a303a22223b693a333b733a303a22223b693a343b733a303a22223b693a353b733a303a22223b693a363b733a303a22223b693a373b733a303a22223b693a383b733a303a22223b693a393b733a303a22223b693a31303b733a303a22223b693a31313b733a303a22223b693a31323b733a303a22223b693a31333b733a303a22223b693a31343b733a303a22223b693a31353b733a303a22223b693a31363b733a303a22223b693a31373b733a303a22223b693a31383b733a303a22223b693a31393b733a303a22223b693a32303b733a303a22223b693a32313b733a303a22223b693a32323b733a303a22223b693a32333b733a303a22223b693a32343b733a303a22223b693a32353b733a303a22223b693a32363b733a303a22223b693a32373b733a303a22223b693a32383b733a303a22223b693a32393b733a303a22223b7d, 2, 0, '280', '02/27/2012 星期三', NULL),
(120, 77, 0x613a33303a7b693a303b733a363a226d617274696e223b693a313b733a303a22223b693a323b733a303a22223b693a333b733a303a22223b693a343b733a303a22223b693a353b733a303a22223b693a363b733a303a22223b693a373b733a303a22223b693a383b733a303a22223b693a393b733a303a22223b693a31303b733a303a22223b693a31313b733a303a22223b693a31323b733a303a22223b693a31333b733a303a22223b693a31343b733a303a22223b693a31353b733a303a22223b693a31363b733a303a22223b693a31373b733a303a22223b693a31383b733a303a22223b693a31393b733a303a22223b693a32303b733a303a22223b693a32313b733a303a22223b693a32323b733a303a22223b693a32333b733a303a22223b693a32343b733a303a22223b693a32353b733a303a22223b693a32363b733a303a22223b693a32373b733a303a22223b693a32383b733a303a22223b693a32393b733a303a22223b7d, 1, 0, '335', '02/27/2012 Wednesday', NULL),
(121, 72, 0x613a33303a7b693a303b733a363a226d617274696e223b693a313b733a303a22223b693a323b733a303a22223b693a333b733a303a22223b693a343b733a303a22223b693a353b733a303a22223b693a363b733a303a22223b693a373b733a303a22223b693a383b733a303a22223b693a393b733a303a22223b693a31303b733a303a22223b693a31313b733a303a22223b693a31323b733a303a22223b693a31333b733a303a22223b693a31343b733a303a22223b693a31353b733a303a22223b693a31363b733a303a22223b693a31373b733a303a22223b693a31383b733a303a22223b693a31393b733a303a22223b693a32303b733a303a22223b693a32313b733a303a22223b693a32323b733a303a22223b693a32333b733a303a22223b693a32343b733a303a22223b693a32353b733a303a22223b693a32363b733a303a22223b693a32373b733a303a22223b693a32383b733a303a22223b693a32393b733a303a22223b7d, 1, 0, '20', '02/29/2012 Monday', NULL),
(122, 71, 0x613a33303a7b693a303b733a303a22223b693a313b733a303a22223b693a323b733a303a22223b693a333b733a303a22223b693a343b733a303a22223b693a353b733a303a22223b693a363b733a303a22223b693a373b733a303a22223b693a383b733a303a22223b693a393b733a303a22223b693a31303b733a303a22223b693a31313b733a303a22223b693a31323b733a303a22223b693a31333b733a303a22223b693a31343b733a303a22223b693a31353b733a303a22223b693a31363b733a303a22223b693a31373b733a303a22223b693a31383b733a303a22223b693a31393b733a303a22223b693a32303b733a303a22223b693a32313b733a303a22223b693a32323b733a303a22223b693a32333b733a303a22223b693a32343b733a303a22223b693a32353b733a303a22223b693a32363b733a303a22223b693a32373b733a303a22223b693a32383b733a303a22223b693a32393b733a303a22223b7d, 1, 0, '880', '02/29/2012 星期一', NULL),
(123, 70, 0x613a33303a7b693a303b733a343a2274657374223b693a313b733a303a22223b693a323b733a303a22223b693a333b733a303a22223b693a343b733a303a22223b693a353b733a303a22223b693a363b733a303a22223b693a373b733a303a22223b693a383b733a303a22223b693a393b733a303a22223b693a31303b733a303a22223b693a31313b733a303a22223b693a31323b733a303a22223b693a31333b733a303a22223b693a31343b733a303a22223b693a31353b733a303a22223b693a31363b733a303a22223b693a31373b733a303a22223b693a31383b733a303a22223b693a31393b733a303a22223b693a32303b733a303a22223b693a32313b733a303a22223b693a32323b733a303a22223b693a32333b733a303a22223b693a32343b733a303a22223b693a32353b733a303a22223b693a32363b733a303a22223b693a32373b733a303a22223b693a32383b733a303a22223b693a32393b733a303a22223b7d, 1, 0, '295', '04/16/2012 星期日', '8:00  a.m. - 87 Bowery, New York, NY 10002 (Chinatown (Manhattan)'),
(124, 72, 0x613a33303a7b693a303b733a383a224c65652054657374223b693a313b733a303a22223b693a323b733a303a22223b693a333b733a303a22223b693a343b733a303a22223b693a353b733a303a22223b693a363b733a303a22223b693a373b733a303a22223b693a383b733a303a22223b693a393b733a303a22223b693a31303b733a303a22223b693a31313b733a303a22223b693a31323b733a303a22223b693a31333b733a303a22223b693a31343b733a303a22223b693a31353b733a303a22223b693a31363b733a303a22223b693a31373b733a303a22223b693a31383b733a303a22223b693a31393b733a303a22223b693a32303b733a303a22223b693a32313b733a303a22223b693a32323b733a303a22223b693a32333b733a303a22223b693a32343b733a303a22223b693a32353b733a303a22223b693a32363b733a303a22223b693a32373b733a303a22223b693a32383b733a303a22223b693a32393b733a303a22223b7d, 1, 0, '20', '02/29/2012 Monday', '7:00 a.m.- 135-20 39th Ave, Flushing, NY 11354 (Sheraton Hotel) .'),
(125, 70, 0x613a33303a7b693a303b733a383a224c45452054657374223b693a313b733a313a2273223b693a323b733a313a2261223b693a333b733a303a22223b693a343b733a303a22223b693a353b733a303a22223b693a363b733a303a22223b693a373b733a303a22223b693a383b733a303a22223b693a393b733a303a22223b693a31303b733a303a22223b693a31313b733a303a22223b693a31323b733a303a22223b693a31333b733a303a22223b693a31343b733a303a22223b693a31353b733a303a22223b693a31363b733a303a22223b693a31373b733a303a22223b693a31383b733a303a22223b693a31393b733a303a22223b693a32303b733a303a22223b693a32313b733a303a22223b693a32323b733a303a22223b693a32333b733a303a22223b693a32343b733a303a22223b693a32353b733a303a22223b693a32363b733a303a22223b693a32373b733a303a22223b693a32383b733a303a22223b693a32393b733a303a22223b7d, 3, 0, '715', '04/16/2012 Sunday', '8:00  a.m. - 87 Bowery, New York, NY10002(Chinatown).'),
(126, 77, 0x613a33303a7b693a303b733a313a2276223b693a313b733a303a22223b693a323b733a303a22223b693a333b733a303a22223b693a343b733a303a22223b693a353b733a303a22223b693a363b733a303a22223b693a373b733a303a22223b693a383b733a303a22223b693a393b733a303a22223b693a31303b733a303a22223b693a31313b733a303a22223b693a31323b733a303a22223b693a31333b733a303a22223b693a31343b733a303a22223b693a31353b733a303a22223b693a31363b733a303a22223b693a31373b733a303a22223b693a31383b733a303a22223b693a31393b733a303a22223b693a32303b733a303a22223b693a32313b733a303a22223b693a32323b733a303a22223b693a32333b733a303a22223b693a32343b733a303a22223b693a32353b733a303a22223b693a32363b733a303a22223b693a32373b733a303a22223b693a32383b733a303a22223b693a32393b733a303a22223b7d, 1, 0, '335', '03/28/2012 Sunday', '8:00  a.m. - 87 Bowery, New York, NY10002(Chinatown).'),
(127, 66, 0x613a33303a7b693a303b733a313a2232223b693a313b733a323a226565223b693a323b733a303a22223b693a333b733a303a22223b693a343b733a303a22223b693a353b733a303a22223b693a363b733a303a22223b693a373b733a303a22223b693a383b733a303a22223b693a393b733a303a22223b693a31303b733a303a22223b693a31313b733a303a22223b693a31323b733a303a22223b693a31333b733a303a22223b693a31343b733a303a22223b693a31353b733a303a22223b693a31363b733a303a22223b693a31373b733a303a22223b693a31383b733a303a22223b693a31393b733a303a22223b693a32303b733a303a22223b693a32313b733a303a22223b693a32323b733a303a22223b693a32333b733a303a22223b693a32343b733a303a22223b693a32353b733a303a22223b693a32363b733a303a22223b693a32373b733a303a22223b693a32383b733a303a22223b693a32393b733a303a22223b7d, 2, 0, '450', '04/02/2012 Tuesday', '8.50 a.m. -511, Old Post Rd NJ08817  (Kam Mun Super Market)'),
(128, 75, 0x613a33303a7b693a303b733a323a226e68223b693a313b733a303a22223b693a323b733a303a22223b693a333b733a303a22223b693a343b733a303a22223b693a353b733a303a22223b693a363b733a303a22223b693a373b733a303a22223b693a383b733a303a22223b693a393b733a303a22223b693a31303b733a303a22223b693a31313b733a303a22223b693a31323b733a303a22223b693a31333b733a303a22223b693a31343b733a303a22223b693a31353b733a303a22223b693a31363b733a303a22223b693a31373b733a303a22223b693a31383b733a303a22223b693a31393b733a303a22223b693a32303b733a303a22223b693a32313b733a303a22223b693a32323b733a303a22223b693a32333b733a303a22223b693a32343b733a303a22223b693a32353b733a303a22223b693a32363b733a303a22223b693a32373b733a303a22223b693a32383b733a303a22223b693a32393b733a303a22223b7d, 1, 0, '575', '04/04/2012 Saturday', ''),
(129, 77, 0x613a33303a7b693a303b733a313a2267223b693a313b733a313a2267223b693a323b733a303a22223b693a333b733a303a22223b693a343b733a303a22223b693a353b733a303a22223b693a363b733a303a22223b693a373b733a303a22223b693a383b733a303a22223b693a393b733a303a22223b693a31303b733a303a22223b693a31313b733a303a22223b693a31323b733a303a22223b693a31333b733a303a22223b693a31343b733a303a22223b693a31353b733a303a22223b693a31363b733a303a22223b693a31373b733a303a22223b693a31383b733a303a22223b693a31393b733a303a22223b693a32303b733a303a22223b693a32313b733a303a22223b693a32323b733a303a22223b693a32333b733a303a22223b693a32343b733a303a22223b693a32353b733a303a22223b693a32363b733a303a22223b693a32373b733a303a22223b693a32383b733a303a22223b693a32393b733a303a22223b7d, 2, 0, '670', '02/29/2012 Monday', '8:00  a.m. - 87 Bowery, New York, NY10002(Chinatown).'),
(130, 75, 0x613a33303a7b693a303b733a313a2232223b693a313b733a303a22223b693a323b733a303a22223b693a333b733a303a22223b693a343b733a303a22223b693a353b733a303a22223b693a363b733a303a22223b693a373b733a303a22223b693a383b733a303a22223b693a393b733a303a22223b693a31303b733a303a22223b693a31313b733a303a22223b693a31323b733a303a22223b693a31333b733a303a22223b693a31343b733a303a22223b693a31353b733a303a22223b693a31363b733a303a22223b693a31373b733a303a22223b693a31383b733a303a22223b693a31393b733a303a22223b693a32303b733a303a22223b693a32313b733a303a22223b693a32323b733a303a22223b693a32333b733a303a22223b693a32343b733a303a22223b693a32353b733a303a22223b693a32363b733a303a22223b693a32373b733a303a22223b693a32383b733a303a22223b693a32393b733a303a22223b7d, 1, 0, '575', '03/31/2012 Sunday', '8:00  a.m. - 87 Bowery, New York, NY10002(Chinatown).'),
(131, 73, 0x733a303a22223b, 0, 0, '0', '', ''),
(132, 73, 0x733a303a22223b, 0, 0, '0', '', ''),
(133, 75, 0x613a33303a7b693a303b733a313a2264223b693a313b733a313a2261223b693a323b733a303a22223b693a333b733a303a22223b693a343b733a303a22223b693a353b733a303a22223b693a363b733a303a22223b693a373b733a303a22223b693a383b733a303a22223b693a393b733a303a22223b693a31303b733a303a22223b693a31313b733a303a22223b693a31323b733a303a22223b693a31333b733a303a22223b693a31343b733a303a22223b693a31353b733a303a22223b693a31363b733a303a22223b693a31373b733a303a22223b693a31383b733a303a22223b693a31393b733a303a22223b693a32303b733a303a22223b693a32313b733a303a22223b693a32323b733a303a22223b693a32333b733a303a22223b693a32343b733a303a22223b693a32353b733a303a22223b693a32363b733a303a22223b693a32373b733a303a22223b693a32383b733a303a22223b693a32393b733a303a22223b7d, 2, 0, '895', '02/29/2012 星期一', ''),
(134, 75, 0x613a33303a7b693a303b733a303a22223b693a313b733a303a22223b693a323b733a303a22223b693a333b733a303a22223b693a343b733a303a22223b693a353b733a303a22223b693a363b733a303a22223b693a373b733a303a22223b693a383b733a303a22223b693a393b733a303a22223b693a31303b733a303a22223b693a31313b733a303a22223b693a31323b733a303a22223b693a31333b733a303a22223b693a31343b733a303a22223b693a31353b733a303a22223b693a31363b733a303a22223b693a31373b733a303a22223b693a31383b733a303a22223b693a31393b733a303a22223b693a32303b733a303a22223b693a32313b733a303a22223b693a32323b733a303a22223b693a32333b733a303a22223b693a32343b733a303a22223b693a32353b733a303a22223b693a32363b733a303a22223b693a32373b733a303a22223b693a32383b733a303a22223b693a32393b733a303a22223b7d, 2, 0, '1150', '05/16/2012 星期一', '8:00  a.m. - 87 Bowery, New York, NY 10002 (Chinatown (Manhattan)'),
(135, 78, 0x613a33303a7b693a303b733a313a2264223b693a313b733a313a2261223b693a323b733a303a22223b693a333b733a303a22223b693a343b733a303a22223b693a353b733a303a22223b693a363b733a303a22223b693a373b733a303a22223b693a383b733a303a22223b693a393b733a303a22223b693a31303b733a303a22223b693a31313b733a303a22223b693a31323b733a303a22223b693a31333b733a303a22223b693a31343b733a303a22223b693a31353b733a303a22223b693a31363b733a303a22223b693a31373b733a303a22223b693a31383b733a303a22223b693a31393b733a303a22223b693a32303b733a303a22223b693a32313b733a303a22223b693a32323b733a303a22223b693a32333b733a303a22223b693a32343b733a303a22223b693a32353b733a303a22223b693a32363b733a303a22223b693a32373b733a303a22223b693a32383b733a303a22223b693a32393b733a303a22223b7d, 2, 0, '1260', '04/26/2012 Friday', 'Honolulu Airport Transfer to Hotel'),
(136, 65, 0x613a33303a7b693a303b733a313a2261223b693a313b733a303a22223b693a323b733a303a22223b693a333b733a303a22223b693a343b733a303a22223b693a353b733a303a22223b693a363b733a303a22223b693a373b733a303a22223b693a383b733a303a22223b693a393b733a303a22223b693a31303b733a303a22223b693a31313b733a303a22223b693a31323b733a303a22223b693a31333b733a303a22223b693a31343b733a303a22223b693a31353b733a303a22223b693a31363b733a303a22223b693a31373b733a303a22223b693a31383b733a303a22223b693a31393b733a303a22223b693a32303b733a303a22223b693a32313b733a303a22223b693a32323b733a303a22223b693a32333b733a303a22223b693a32343b733a303a22223b693a32353b733a303a22223b693a32363b733a303a22223b693a32373b733a303a22223b693a32383b733a303a22223b693a32393b733a303a22223b7d, 1, 0, '180', '02/20/2012 Sunday', '8:00  a.m. - 87 Bowery, New York, NY10002(Chinatown).'),
(137, 70, 0x613a33303a7b693a303b733a343a2231323332223b693a313b733a363a22736466736466223b693a323b733a303a22223b693a333b733a303a22223b693a343b733a303a22223b693a353b733a303a22223b693a363b733a303a22223b693a373b733a303a22223b693a383b733a303a22223b693a393b733a303a22223b693a31303b733a303a22223b693a31313b733a303a22223b693a31323b733a303a22223b693a31333b733a303a22223b693a31343b733a303a22223b693a31353b733a303a22223b693a31363b733a303a22223b693a31373b733a303a22223b693a31383b733a303a22223b693a31393b733a303a22223b693a32303b733a303a22223b693a32313b733a303a22223b693a32323b733a303a22223b693a32333b733a303a22223b693a32343b733a303a22223b693a32353b733a303a22223b693a32363b733a303a22223b693a32373b733a303a22223b693a32383b733a303a22223b693a32393b733a303a22223b7d, 1, 0, '295', '04/16/2012 Sunday', '8:00  a.m. - 87 Bowery, New York, NY10002(Chinatown).'),
(138, 77, 0x613a33303a7b693a303b733a313a2273223b693a313b733a313a2273223b693a323b733a313a2264223b693a333b733a303a22223b693a343b733a303a22223b693a353b733a303a22223b693a363b733a303a22223b693a373b733a303a22223b693a383b733a303a22223b693a393b733a303a22223b693a31303b733a303a22223b693a31313b733a303a22223b693a31323b733a303a22223b693a31333b733a303a22223b693a31343b733a303a22223b693a31353b733a303a22223b693a31363b733a303a22223b693a31373b733a303a22223b693a31383b733a303a22223b693a31393b733a303a22223b693a32303b733a303a22223b693a32313b733a303a22223b693a32323b733a303a22223b693a32333b733a303a22223b693a32343b733a303a22223b693a32353b733a303a22223b693a32363b733a303a22223b693a32373b733a303a22223b693a32383b733a303a22223b693a32393b733a303a22223b7d, 3, 0, '935', '02/27/2012 Wednesday', '8:00  a.m. - 87 Bowery, New York, NY10002(Chinatown).'),
(139, 77, 0x613a33303a7b693a303b733a313a2273223b693a313b733a313a2261223b693a323b733a313a2266223b693a333b733a313a2264223b693a343b733a303a22223b693a353b733a303a22223b693a363b733a303a22223b693a373b733a303a22223b693a383b733a303a22223b693a393b733a303a22223b693a31303b733a303a22223b693a31313b733a303a22223b693a31323b733a303a22223b693a31333b733a303a22223b693a31343b733a303a22223b693a31353b733a303a22223b693a31363b733a303a22223b693a31373b733a303a22223b693a31383b733a303a22223b693a31393b733a303a22223b693a32303b733a303a22223b693a32313b733a303a22223b693a32323b733a303a22223b693a32333b733a303a22223b693a32343b733a303a22223b693a32353b733a303a22223b693a32363b733a303a22223b693a32373b733a303a22223b693a32383b733a303a22223b693a32393b733a303a22223b7d, 4, 0, '1200', '03/30/2012 Friday', '8:00  a.m. - 87 Bowery, New York, NY10002(Chinatown).'),
(140, 72, 0x613a33303a7b693a303b733a303a22223b693a313b733a303a22223b693a323b733a303a22223b693a333b733a303a22223b693a343b733a303a22223b693a353b733a303a22223b693a363b733a303a22223b693a373b733a303a22223b693a383b733a303a22223b693a393b733a303a22223b693a31303b733a303a22223b693a31313b733a303a22223b693a31323b733a303a22223b693a31333b733a303a22223b693a31343b733a303a22223b693a31353b733a303a22223b693a31363b733a303a22223b693a31373b733a303a22223b693a31383b733a303a22223b693a31393b733a303a22223b693a32303b733a303a22223b693a32313b733a303a22223b693a32323b733a303a22223b693a32333b733a303a22223b693a32343b733a303a22223b693a32353b733a303a22223b693a32363b733a303a22223b693a32373b733a303a22223b693a32383b733a303a22223b693a32393b733a303a22223b7d, 1, 0, '20', '04/28/2012 Monday', ''),
(141, 66, 0x613a33303a7b693a303b733a363a226d617274696e223b693a313b733a303a22223b693a323b733a303a22223b693a333b733a303a22223b693a343b733a303a22223b693a353b733a303a22223b693a363b733a303a22223b693a373b733a303a22223b693a383b733a303a22223b693a393b733a303a22223b693a31303b733a303a22223b693a31313b733a303a22223b693a31323b733a303a22223b693a31333b733a303a22223b693a31343b733a303a22223b693a31353b733a303a22223b693a31363b733a303a22223b693a31373b733a303a22223b693a31383b733a303a22223b693a31393b733a303a22223b693a32303b733a303a22223b693a32313b733a303a22223b693a32323b733a303a22223b693a32333b733a303a22223b693a32343b733a303a22223b693a32353b733a303a22223b693a32363b733a303a22223b693a32373b733a303a22223b693a32383b733a303a22223b693a32393b733a303a22223b7d, 1, 0, '315', '04/30/2012 星期六', ''),
(142, 66, 0x613a33303a7b693a303b733a303a22223b693a313b733a303a22223b693a323b733a303a22223b693a333b733a303a22223b693a343b733a303a22223b693a353b733a303a22223b693a363b733a303a22223b693a373b733a303a22223b693a383b733a303a22223b693a393b733a303a22223b693a31303b733a303a22223b693a31313b733a303a22223b693a31323b733a303a22223b693a31333b733a303a22223b693a31343b733a303a22223b693a31353b733a303a22223b693a31363b733a303a22223b693a31373b733a303a22223b693a31383b733a303a22223b693a31393b733a303a22223b693a32303b733a303a22223b693a32313b733a303a22223b693a32323b733a303a22223b693a32333b733a303a22223b693a32343b733a303a22223b693a32353b733a303a22223b693a32363b733a303a22223b693a32373b733a303a22223b693a32383b733a303a22223b693a32393b733a303a22223b7d, 1, 0, '315', '04/30/2012 星期六', ''),
(143, 75, 0x613a33303a7b693a303b733a363a226d617274696e223b693a313b733a303a22223b693a323b733a303a22223b693a333b733a303a22223b693a343b733a303a22223b693a353b733a303a22223b693a363b733a303a22223b693a373b733a303a22223b693a383b733a303a22223b693a393b733a303a22223b693a31303b733a303a22223b693a31313b733a303a22223b693a31323b733a303a22223b693a31333b733a303a22223b693a31343b733a303a22223b693a31353b733a303a22223b693a31363b733a303a22223b693a31373b733a303a22223b693a31383b733a303a22223b693a31393b733a303a22223b693a32303b733a303a22223b693a32313b733a303a22223b693a32323b733a303a22223b693a32333b733a303a22223b693a32343b733a303a22223b693a32353b733a303a22223b693a32363b733a303a22223b693a32373b733a303a22223b693a32383b733a303a22223b693a32393b733a303a22223b7d, 1, 0, '575', '05/09/2012 星期六', ''),
(144, 75, 0x613a33303a7b693a303b733a363a226d617274696e223b693a313b733a303a22223b693a323b733a303a22223b693a333b733a303a22223b693a343b733a303a22223b693a353b733a303a22223b693a363b733a303a22223b693a373b733a303a22223b693a383b733a303a22223b693a393b733a303a22223b693a31303b733a303a22223b693a31313b733a303a22223b693a31323b733a303a22223b693a31333b733a303a22223b693a31343b733a303a22223b693a31353b733a303a22223b693a31363b733a303a22223b693a31373b733a303a22223b693a31383b733a303a22223b693a31393b733a303a22223b693a32303b733a303a22223b693a32313b733a303a22223b693a32323b733a303a22223b693a32333b733a303a22223b693a32343b733a303a22223b693a32353b733a303a22223b693a32363b733a303a22223b693a32373b733a303a22223b693a32383b733a303a22223b693a32393b733a303a22223b7d, 1, 0, '575', '05/09/2012 Saturday', '8:00  a.m. - 87 Bowery, New York, NY10002(Chinatown).'),
(145, 65, 0x613a33303a7b693a303b733a313a2271223b693a313b733a323a227177223b693a323b733a313a2265223b693a333b733a303a22223b693a343b733a303a22223b693a353b733a303a22223b693a363b733a303a22223b693a373b733a303a22223b693a383b733a303a22223b693a393b733a303a22223b693a31303b733a303a22223b693a31313b733a303a22223b693a31323b733a303a22223b693a31333b733a303a22223b693a31343b733a303a22223b693a31353b733a303a22223b693a31363b733a303a22223b693a31373b733a303a22223b693a31383b733a303a22223b693a31393b733a303a22223b693a32303b733a303a22223b693a32313b733a303a22223b693a32323b733a303a22223b693a32333b733a303a22223b693a32343b733a303a22223b693a32353b733a303a22223b693a32363b733a303a22223b693a32373b733a303a22223b693a32383b733a303a22223b693a32393b733a303a22223b7d, 3, 0, '375', '05/14/2012 Friday', '8:00  a.m. - 87 Bowery, New York, NY10002(Chinatown).'),
(146, 65, 0x613a33303a7b693a303b733a313a2261223b693a313b733a313a2262223b693a323b733a313a2263223b693a333b733a303a22223b693a343b733a303a22223b693a353b733a303a22223b693a363b733a303a22223b693a373b733a303a22223b693a383b733a303a22223b693a393b733a303a22223b693a31303b733a303a22223b693a31313b733a303a22223b693a31323b733a303a22223b693a31333b733a303a22223b693a31343b733a303a22223b693a31353b733a303a22223b693a31363b733a303a22223b693a31373b733a303a22223b693a31383b733a303a22223b693a31393b733a303a22223b693a32303b733a303a22223b693a32313b733a303a22223b693a32323b733a303a22223b693a32333b733a303a22223b693a32343b733a303a22223b693a32353b733a303a22223b693a32363b733a303a22223b693a32373b733a303a22223b693a32383b733a303a22223b693a32393b733a303a22223b7d, 2, 1, '460', '05/07/2012 星期日', '8:00  a.m. - 87 Bowery, New York, NY 10002 (Chinatown (Manhattan)'),
(147, 75, 0x613a33303a7b693a303b733a343a2274657374223b693a313b733a313a2262223b693a323b733a313a2263223b693a333b733a313a2264223b693a343b733a303a22223b693a353b733a303a22223b693a363b733a303a22223b693a373b733a303a22223b693a383b733a303a22223b693a393b733a303a22223b693a31303b733a303a22223b693a31313b733a303a22223b693a31323b733a303a22223b693a31333b733a303a22223b693a31343b733a303a22223b693a31353b733a303a22223b693a31363b733a303a22223b693a31373b733a303a22223b693a31383b733a303a22223b693a31393b733a303a22223b693a32303b733a303a22223b693a32313b733a303a22223b693a32323b733a303a22223b693a32333b733a303a22223b693a32343b733a303a22223b693a32353b733a303a22223b693a32363b733a303a22223b693a32373b733a303a22223b693a32383b733a303a22223b693a32393b733a303a22223b7d, 2, 2, '1790', '05/09/2012 星期六', '8:00  a.m. - 87 Bowery, New York, NY 10002 (Chinatown (Manhattan)'),
(148, 75, 0x613a33303a7b693a303b733a313a2261223b693a313b733a313a2262223b693a323b733a313a2263223b693a333b733a313a2264223b693a343b733a303a22223b693a353b733a303a22223b693a363b733a303a22223b693a373b733a303a22223b693a383b733a303a22223b693a393b733a303a22223b693a31303b733a303a22223b693a31313b733a303a22223b693a31323b733a303a22223b693a31333b733a303a22223b693a31343b733a303a22223b693a31353b733a303a22223b693a31363b733a303a22223b693a31373b733a303a22223b693a31383b733a303a22223b693a31393b733a303a22223b693a32303b733a303a22223b693a32313b733a303a22223b693a32323b733a303a22223b693a32333b733a303a22223b693a32343b733a303a22223b693a32353b733a303a22223b693a32363b733a303a22223b693a32373b733a303a22223b693a32383b733a303a22223b693a32393b733a303a22223b7d, 2, 2, '1790', '05/09/2012 Saturday', '8:00  a.m. - 87 Bowery, New York, NY10002(Chinatown).'),
(149, 75, 0x613a33303a7b693a303b733a343a2232327575223b693a313b733a303a22223b693a323b733a303a22223b693a333b733a303a22223b693a343b733a303a22223b693a353b733a303a22223b693a363b733a303a22223b693a373b733a303a22223b693a383b733a303a22223b693a393b733a303a22223b693a31303b733a303a22223b693a31313b733a303a22223b693a31323b733a303a22223b693a31333b733a303a22223b693a31343b733a303a22223b693a31353b733a303a22223b693a31363b733a303a22223b693a31373b733a303a22223b693a31383b733a303a22223b693a31393b733a303a22223b693a32303b733a303a22223b693a32313b733a303a22223b693a32323b733a303a22223b693a32333b733a303a22223b693a32343b733a303a22223b693a32353b733a303a22223b693a32363b733a303a22223b693a32373b733a303a22223b693a32383b733a303a22223b693a32393b733a303a22223b7d, 1, 0, '575', '05/09/2012 星期六', '8:00  a.m. - 87 Bowery, New York, NY 10002 (Chinatown (Manhattan)'),
(150, 75, 0x613a33303a7b693a303b733a343a2231323132223b693a313b733a303a22223b693a323b733a303a22223b693a333b733a303a22223b693a343b733a303a22223b693a353b733a303a22223b693a363b733a303a22223b693a373b733a303a22223b693a383b733a303a22223b693a393b733a303a22223b693a31303b733a303a22223b693a31313b733a303a22223b693a31323b733a303a22223b693a31333b733a303a22223b693a31343b733a303a22223b693a31353b733a303a22223b693a31363b733a303a22223b693a31373b733a303a22223b693a31383b733a303a22223b693a31393b733a303a22223b693a32303b733a303a22223b693a32313b733a303a22223b693a32323b733a303a22223b693a32333b733a303a22223b693a32343b733a303a22223b693a32353b733a303a22223b693a32363b733a303a22223b693a32373b733a303a22223b693a32383b733a303a22223b693a32393b733a303a22223b7d, 1, 0, '575', '05/09/2012 星期六', '8:00  a.m. - 87 Bowery, New York, NY 10002 (Chinatown (Manhattan)'),
(151, 75, 0x613a33303a7b693a303b733a343a2266736466223b693a313b733a343a2266736466223b693a323b733a353a226673646673223b693a333b733a303a22223b693a343b733a303a22223b693a353b733a303a22223b693a363b733a303a22223b693a373b733a303a22223b693a383b733a303a22223b693a393b733a303a22223b693a31303b733a303a22223b693a31313b733a303a22223b693a31323b733a303a22223b693a31333b733a303a22223b693a31343b733a303a22223b693a31353b733a303a22223b693a31363b733a303a22223b693a31373b733a303a22223b693a31383b733a303a22223b693a31393b733a303a22223b693a32303b733a303a22223b693a32313b733a303a22223b693a32323b733a303a22223b693a32333b733a303a22223b693a32343b733a303a22223b693a32353b733a303a22223b693a32363b733a303a22223b693a32373b733a303a22223b693a32383b733a303a22223b693a32393b733a303a22223b7d, 3, 0, '1470', '05/09/2012 星期六', '8:00  a.m. - 87 Bowery, New York, NY 10002 (Chinatown (Manhattan)'),
(152, 78, 0x613a33303a7b693a303b733a343a2266736466223b693a313b733a303a22223b693a323b733a303a22223b693a333b733a303a22223b693a343b733a303a22223b693a353b733a303a22223b693a363b733a303a22223b693a373b733a303a22223b693a383b733a303a22223b693a393b733a303a22223b693a31303b733a303a22223b693a31313b733a303a22223b693a31323b733a303a22223b693a31333b733a303a22223b693a31343b733a303a22223b693a31353b733a303a22223b693a31363b733a303a22223b693a31373b733a303a22223b693a31383b733a303a22223b693a31393b733a303a22223b693a32303b733a303a22223b693a32313b733a303a22223b693a32323b733a303a22223b693a32333b733a303a22223b693a32343b733a303a22223b693a32353b733a303a22223b693a32363b733a303a22223b693a32373b733a303a22223b693a32383b733a303a22223b693a32393b733a303a22223b7d, 1, 0, '630', '05/06/2012 星期五', '檀香山机场(进出）'),
(153, 66, 0x613a33303a7b693a303b733a313a2261223b693a313b733a303a22223b693a323b733a303a22223b693a333b733a303a22223b693a343b733a303a22223b693a353b733a303a22223b693a363b733a303a22223b693a373b733a303a22223b693a383b733a303a22223b693a393b733a303a22223b693a31303b733a303a22223b693a31313b733a303a22223b693a31323b733a303a22223b693a31333b733a303a22223b693a31343b733a303a22223b693a31353b733a303a22223b693a31363b733a303a22223b693a31373b733a303a22223b693a31383b733a303a22223b693a31393b733a303a22223b693a32303b733a303a22223b693a32313b733a303a22223b693a32323b733a303a22223b693a32333b733a303a22223b693a32343b733a303a22223b693a32353b733a303a22223b693a32363b733a303a22223b693a32373b733a303a22223b693a32383b733a303a22223b693a32393b733a303a22223b7d, 1, 0, '315', '05/07/2012 星期日', '8: 50早上- (金門超市)511 Old Past Rd. Edison NJ08817. '),
(154, 66, 0x613a33303a7b693a303b733a363a226d617274696e223b693a313b733a303a22223b693a323b733a303a22223b693a333b733a303a22223b693a343b733a303a22223b693a353b733a303a22223b693a363b733a303a22223b693a373b733a303a22223b693a383b733a303a22223b693a393b733a303a22223b693a31303b733a303a22223b693a31313b733a303a22223b693a31323b733a303a22223b693a31333b733a303a22223b693a31343b733a303a22223b693a31353b733a303a22223b693a31363b733a303a22223b693a31373b733a303a22223b693a31383b733a303a22223b693a31393b733a303a22223b693a32303b733a303a22223b693a32313b733a303a22223b693a32323b733a303a22223b693a32333b733a303a22223b693a32343b733a303a22223b693a32353b733a303a22223b693a32363b733a303a22223b693a32373b733a303a22223b693a32383b733a303a22223b693a32393b733a303a22223b7d, 1, 0, '315', '05/07/2012 星期日', '8: 50早上- (金門超市)511 Old Past Rd. Edison NJ08817. '),
(155, 66, 0x613a33303a7b693a303b733a363a226d617274696e223b693a313b733a303a22223b693a323b733a303a22223b693a333b733a303a22223b693a343b733a303a22223b693a353b733a303a22223b693a363b733a303a22223b693a373b733a303a22223b693a383b733a303a22223b693a393b733a303a22223b693a31303b733a303a22223b693a31313b733a303a22223b693a31323b733a303a22223b693a31333b733a303a22223b693a31343b733a303a22223b693a31353b733a303a22223b693a31363b733a303a22223b693a31373b733a303a22223b693a31383b733a303a22223b693a31393b733a303a22223b693a32303b733a303a22223b693a32313b733a303a22223b693a32323b733a303a22223b693a32333b733a303a22223b693a32343b733a303a22223b693a32353b733a303a22223b693a32363b733a303a22223b693a32373b733a303a22223b693a32383b733a303a22223b693a32393b733a303a22223b7d, 1, 0, '315', '05/07/2012 星期日', '8: 50早上- (金門超市)511 Old Past Rd. Edison NJ08817. '),
(156, 66, 0x613a33303a7b693a303b733a363a226d617274696e223b693a313b733a303a22223b693a323b733a303a22223b693a333b733a303a22223b693a343b733a303a22223b693a353b733a303a22223b693a363b733a303a22223b693a373b733a303a22223b693a383b733a303a22223b693a393b733a303a22223b693a31303b733a303a22223b693a31313b733a303a22223b693a31323b733a303a22223b693a31333b733a303a22223b693a31343b733a303a22223b693a31353b733a303a22223b693a31363b733a303a22223b693a31373b733a303a22223b693a31383b733a303a22223b693a31393b733a303a22223b693a32303b733a303a22223b693a32313b733a303a22223b693a32323b733a303a22223b693a32333b733a303a22223b693a32343b733a303a22223b693a32353b733a303a22223b693a32363b733a303a22223b693a32373b733a303a22223b693a32383b733a303a22223b693a32393b733a303a22223b7d, 1, 0, '315', '05/07/2012 Sunday', '8.50 a.m. -511, Old Post Rd NJ08817  (Kam Mun Super Market)'),
(157, 66, 0x613a33303a7b693a303b733a363a226d617274696e223b693a313b733a303a22223b693a323b733a303a22223b693a333b733a303a22223b693a343b733a303a22223b693a353b733a303a22223b693a363b733a303a22223b693a373b733a303a22223b693a383b733a303a22223b693a393b733a303a22223b693a31303b733a303a22223b693a31313b733a303a22223b693a31323b733a303a22223b693a31333b733a303a22223b693a31343b733a303a22223b693a31353b733a303a22223b693a31363b733a303a22223b693a31373b733a303a22223b693a31383b733a303a22223b693a31393b733a303a22223b693a32303b733a303a22223b693a32313b733a303a22223b693a32323b733a303a22223b693a32333b733a303a22223b693a32343b733a303a22223b693a32353b733a303a22223b693a32363b733a303a22223b693a32373b733a303a22223b693a32383b733a303a22223b693a32393b733a303a22223b7d, 1, 0, '315', '05/07/2012 Sunday', '8.50 a.m. -511, Old Post Rd NJ08817  (Kam Mun Super Market)'),
(158, 66, 0x613a33303a7b693a303b733a363a226d617274696e223b693a313b733a303a22223b693a323b733a303a22223b693a333b733a303a22223b693a343b733a303a22223b693a353b733a303a22223b693a363b733a303a22223b693a373b733a303a22223b693a383b733a303a22223b693a393b733a303a22223b693a31303b733a303a22223b693a31313b733a303a22223b693a31323b733a303a22223b693a31333b733a303a22223b693a31343b733a303a22223b693a31353b733a303a22223b693a31363b733a303a22223b693a31373b733a303a22223b693a31383b733a303a22223b693a31393b733a303a22223b693a32303b733a303a22223b693a32313b733a303a22223b693a32323b733a303a22223b693a32333b733a303a22223b693a32343b733a303a22223b693a32353b733a303a22223b693a32363b733a303a22223b693a32373b733a303a22223b693a32383b733a303a22223b693a32393b733a303a22223b7d, 1, 0, '315', '05/07/2012 Sunday', '8.50 a.m. -511, Old Post Rd NJ08817  (Kam Mun Super Market)'),
(159, 66, 0x613a33303a7b693a303b733a363a226d617274696e223b693a313b733a303a22223b693a323b733a303a22223b693a333b733a303a22223b693a343b733a303a22223b693a353b733a303a22223b693a363b733a303a22223b693a373b733a303a22223b693a383b733a303a22223b693a393b733a303a22223b693a31303b733a303a22223b693a31313b733a303a22223b693a31323b733a303a22223b693a31333b733a303a22223b693a31343b733a303a22223b693a31353b733a303a22223b693a31363b733a303a22223b693a31373b733a303a22223b693a31383b733a303a22223b693a31393b733a303a22223b693a32303b733a303a22223b693a32313b733a303a22223b693a32323b733a303a22223b693a32333b733a303a22223b693a32343b733a303a22223b693a32353b733a303a22223b693a32363b733a303a22223b693a32373b733a303a22223b693a32383b733a303a22223b693a32393b733a303a22223b7d, 1, 0, '315', '05/07/2012 星期日', '8: 50早上- (金門超市)511 Old Past Rd. Edison NJ08817. '),
(160, 72, 0x613a33303a7b693a303b733a313a2265223b693a313b733a313a2273223b693a323b733a313a2261223b693a333b733a313a2264223b693a343b733a303a22223b693a353b733a303a22223b693a363b733a303a22223b693a373b733a303a22223b693a383b733a303a22223b693a393b733a303a22223b693a31303b733a303a22223b693a31313b733a303a22223b693a31323b733a303a22223b693a31333b733a303a22223b693a31343b733a303a22223b693a31353b733a303a22223b693a31363b733a303a22223b693a31373b733a303a22223b693a31383b733a303a22223b693a31393b733a303a22223b693a32303b733a303a22223b693a32313b733a303a22223b693a32323b733a303a22223b693a32333b733a303a22223b693a32343b733a303a22223b693a32353b733a303a22223b693a32363b733a303a22223b693a32373b733a303a22223b693a32383b733a303a22223b693a32393b733a303a22223b7d, 4, 0, '28', '05/03/2012 Thursday', '7:00 a.m.- 135-20 39th Ave, Flushing, NY 11354 (Sheraton Hotel) .'),
(161, 75, 0x613a33303a7b693a303b733a323a223379223b693a313b733a323a227972223b693a323b733a303a22223b693a333b733a303a22223b693a343b733a303a22223b693a353b733a303a22223b693a363b733a303a22223b693a373b733a303a22223b693a383b733a303a22223b693a393b733a303a22223b693a31303b733a303a22223b693a31313b733a303a22223b693a31323b733a303a22223b693a31333b733a303a22223b693a31343b733a303a22223b693a31353b733a303a22223b693a31363b733a303a22223b693a31373b733a303a22223b693a31383b733a303a22223b693a31393b733a303a22223b693a32303b733a303a22223b693a32313b733a303a22223b693a32323b733a303a22223b693a32333b733a303a22223b693a32343b733a303a22223b693a32353b733a303a22223b693a32363b733a303a22223b693a32373b733a303a22223b693a32383b733a303a22223b693a32393b733a303a22223b7d, 2, 0, '895', '05/09/2012 Saturday', '8:00  a.m. - 87 Bowery, New York, NY10002(Chinatown).'),
(162, 65, 0x613a33303a7b693a303b733a313a227a223b693a313b733a313a2273223b693a323b733a313a2266223b693a333b733a303a22223b693a343b733a303a22223b693a353b733a303a22223b693a363b733a303a22223b693a373b733a303a22223b693a383b733a303a22223b693a393b733a303a22223b693a31303b733a303a22223b693a31313b733a303a22223b693a31323b733a303a22223b693a31333b733a303a22223b693a31343b733a303a22223b693a31353b733a303a22223b693a31363b733a303a22223b693a31373b733a303a22223b693a31383b733a303a22223b693a31393b733a303a22223b693a32303b733a303a22223b693a32313b733a303a22223b693a32323b733a303a22223b693a32333b733a303a22223b693a32343b733a303a22223b693a32353b733a303a22223b693a32363b733a303a22223b693a32373b733a303a22223b693a32383b733a303a22223b693a32393b733a303a22223b7d, 3, 0, '375', '05/07/2012 Sunday', '8:00  a.m. - 87 Bowery, New York, NY10002(Chinatown).'),
(163, 70, 0x613a33303a7b693a303b733a313a2232223b693a313b733a313a226f223b693a323b733a303a22223b693a333b733a303a22223b693a343b733a303a22223b693a353b733a303a22223b693a363b733a303a22223b693a373b733a303a22223b693a383b733a303a22223b693a393b733a303a22223b693a31303b733a303a22223b693a31313b733a303a22223b693a31323b733a303a22223b693a31333b733a303a22223b693a31343b733a303a22223b693a31353b733a303a22223b693a31363b733a303a22223b693a31373b733a303a22223b693a31383b733a303a22223b693a31393b733a303a22223b693a32303b733a303a22223b693a32313b733a303a22223b693a32323b733a303a22223b693a32333b733a303a22223b693a32343b733a303a22223b693a32353b733a303a22223b693a32363b733a303a22223b693a32373b733a303a22223b693a32383b733a303a22223b693a32393b733a303a22223b7d, 2, 0, '450', '05/24/2012 Sunday', '8:00  a.m. - 87 Bowery, New York, NY10002(Chinatown).'),
(164, 72, 0x613a33303a7b693a303b733a363a226d617274696e223b693a313b733a303a22223b693a323b733a303a22223b693a333b733a303a22223b693a343b733a303a22223b693a353b733a303a22223b693a363b733a303a22223b693a373b733a303a22223b693a383b733a303a22223b693a393b733a303a22223b693a31303b733a303a22223b693a31313b733a303a22223b693a31323b733a303a22223b693a31333b733a303a22223b693a31343b733a303a22223b693a31353b733a303a22223b693a31363b733a303a22223b693a31373b733a303a22223b693a31383b733a303a22223b693a31393b733a303a22223b693a32303b733a303a22223b693a32313b733a303a22223b693a32323b733a303a22223b693a32333b733a303a22223b693a32343b733a303a22223b693a32353b733a303a22223b693a32363b733a303a22223b693a32373b733a303a22223b693a32383b733a303a22223b693a32393b733a303a22223b7d, 1, 0, '7', '05/03/2012 星期四', '7:00 a.m.- 135-20 39th Ave, Flushing, NY 11354 (喜来登酒店l) .'),
(165, 70, 0x733a303a22223b, 0, 0, '0', '', ''),
(166, 71, 0x613a33303a7b693a303b733a343a2266736466223b693a313b733a343a2266736466223b693a323b733a303a22223b693a333b733a303a22223b693a343b733a303a22223b693a353b733a303a22223b693a363b733a303a22223b693a373b733a303a22223b693a383b733a303a22223b693a393b733a303a22223b693a31303b733a303a22223b693a31313b733a303a22223b693a31323b733a303a22223b693a31333b733a303a22223b693a31343b733a303a22223b693a31353b733a303a22223b693a31363b733a303a22223b693a31373b733a303a22223b693a31383b733a303a22223b693a31393b733a303a22223b693a32303b733a303a22223b693a32313b733a303a22223b693a32323b733a303a22223b693a32333b733a303a22223b693a32343b733a303a22223b693a32353b733a303a22223b693a32363b733a303a22223b693a32373b733a303a22223b693a32383b733a303a22223b693a32393b733a303a22223b7d, 2, 0, '1760', '05/14/2012 星期五', '接机送到酒店'),
(167, 75, 0x613a33303a7b693a303b733a313a2266223b693a313b733a313a2273223b693a323b733a313a2261223b693a333b733a303a22223b693a343b733a303a22223b693a353b733a303a22223b693a363b733a303a22223b693a373b733a303a22223b693a383b733a303a22223b693a393b733a303a22223b693a31303b733a303a22223b693a31313b733a303a22223b693a31323b733a303a22223b693a31333b733a303a22223b693a31343b733a303a22223b693a31353b733a303a22223b693a31363b733a303a22223b693a31373b733a303a22223b693a31383b733a303a22223b693a31393b733a303a22223b693a32303b733a303a22223b693a32313b733a303a22223b693a32323b733a303a22223b693a32333b733a303a22223b693a32343b733a303a22223b693a32353b733a303a22223b693a32363b733a303a22223b693a32373b733a303a22223b693a32383b733a303a22223b693a32393b733a303a22223b7d, 3, 0, '0', '05/09/2012 星期六', '8:00  a.m. - 87 Bowery, New York, NY 10002 (Chinatown (Manhattan)'),
(168, 75, 0x613a33303a7b693a303b733a313a2264223b693a313b733a313a2273223b693a323b733a313a2261223b693a333b733a303a22223b693a343b733a303a22223b693a353b733a303a22223b693a363b733a303a22223b693a373b733a303a22223b693a383b733a303a22223b693a393b733a303a22223b693a31303b733a303a22223b693a31313b733a303a22223b693a31323b733a303a22223b693a31333b733a303a22223b693a31343b733a303a22223b693a31353b733a303a22223b693a31363b733a303a22223b693a31373b733a303a22223b693a31383b733a303a22223b693a31393b733a303a22223b693a32303b733a303a22223b693a32313b733a303a22223b693a32323b733a303a22223b693a32333b733a303a22223b693a32343b733a303a22223b693a32353b733a303a22223b693a32363b733a303a22223b693a32373b733a303a22223b693a32383b733a303a22223b693a32393b733a303a22223b7d, 3, 0, '1117', '05/09/2012 星期六', '8:00  a.m. - 87 Bowery, New York, NY 10002 (Chinatown (Manhattan)'),
(169, 66, 0x613a33303a7b693a303b733a313a2277223b693a313b733a313a2271223b693a323b733a303a22223b693a333b733a303a22223b693a343b733a303a22223b693a353b733a303a22223b693a363b733a303a22223b693a373b733a303a22223b693a383b733a303a22223b693a393b733a303a22223b693a31303b733a303a22223b693a31313b733a303a22223b693a31323b733a303a22223b693a31333b733a303a22223b693a31343b733a303a22223b693a31353b733a303a22223b693a31363b733a303a22223b693a31373b733a303a22223b693a31383b733a303a22223b693a31393b733a303a22223b693a32303b733a303a22223b693a32313b733a303a22223b693a32323b733a303a22223b693a32333b733a303a22223b693a32343b733a303a22223b693a32353b733a303a22223b693a32363b733a303a22223b693a32373b733a303a22223b693a32383b733a303a22223b693a32393b733a303a22223b7d, 2, 0, '450', '05/07/2012 星期日', '8:00  a.m. - 87 Bowery, New York, NY 10002 (Chinatown (Manhattan)'),
(170, 75, 0x613a33303a7b693a303b733a343a2273646673223b693a313b733a303a22223b693a323b733a303a22223b693a333b733a303a22223b693a343b733a303a22223b693a353b733a303a22223b693a363b733a303a22223b693a373b733a303a22223b693a383b733a303a22223b693a393b733a303a22223b693a31303b733a303a22223b693a31313b733a303a22223b693a31323b733a303a22223b693a31333b733a303a22223b693a31343b733a303a22223b693a31353b733a303a22223b693a31363b733a303a22223b693a31373b733a303a22223b693a31383b733a303a22223b693a31393b733a303a22223b693a32303b733a303a22223b693a32313b733a303a22223b693a32323b733a303a22223b693a32333b733a303a22223b693a32343b733a303a22223b693a32353b733a303a22223b693a32363b733a303a22223b693a32373b733a303a22223b693a32383b733a303a22223b693a32393b733a303a22223b7d, 1, 0, '575', '05/09/2012 星期六', '8:00  a.m. - 87 Bowery, New York, NY 10002 (Chinatown (Manhattan)'),
(171, 75, 0x613a33303a7b693a303b733a313a2232223b693a313b733a303a22223b693a323b733a303a22223b693a333b733a303a22223b693a343b733a303a22223b693a353b733a303a22223b693a363b733a303a22223b693a373b733a303a22223b693a383b733a303a22223b693a393b733a303a22223b693a31303b733a303a22223b693a31313b733a303a22223b693a31323b733a303a22223b693a31333b733a303a22223b693a31343b733a303a22223b693a31353b733a303a22223b693a31363b733a303a22223b693a31373b733a303a22223b693a31383b733a303a22223b693a31393b733a303a22223b693a32303b733a303a22223b693a32313b733a303a22223b693a32323b733a303a22223b693a32333b733a303a22223b693a32343b733a303a22223b693a32353b733a303a22223b693a32363b733a303a22223b693a32373b733a303a22223b693a32383b733a303a22223b693a32393b733a303a22223b7d, 1, 0, '575', '05/23/2012 星期五', '8:00  a.m. - 87 Bowery, New York, NY 10002 (Chinatown (Manhattan)'),
(172, 75, 0x613a33303a7b693a303b733a313a2261223b693a313b733a313a2264223b693a323b733a313a2273223b693a333b733a303a22223b693a343b733a303a22223b693a353b733a303a22223b693a363b733a303a22223b693a373b733a303a22223b693a383b733a303a22223b693a393b733a303a22223b693a31303b733a303a22223b693a31313b733a303a22223b693a31323b733a303a22223b693a31333b733a303a22223b693a31343b733a303a22223b693a31353b733a303a22223b693a31363b733a303a22223b693a31373b733a303a22223b693a31383b733a303a22223b693a31393b733a303a22223b693a32303b733a303a22223b693a32313b733a303a22223b693a32323b733a303a22223b693a32333b733a303a22223b693a32343b733a303a22223b693a32353b733a303a22223b693a32363b733a303a22223b693a32373b733a303a22223b693a32383b733a303a22223b693a32393b733a303a22223b7d, 3, 0, '1117', '05/09/2012 星期六', '8:00  a.m. - 87 Bowery, New York, NY 10002 (Chinatown (Manhattan)'),
(173, 77, 0x613a33303a7b693a303b733a323a226f6f223b693a313b733a303a22223b693a323b733a303a22223b693a333b733a303a22223b693a343b733a303a22223b693a353b733a303a22223b693a363b733a303a22223b693a373b733a303a22223b693a383b733a303a22223b693a393b733a303a22223b693a31303b733a303a22223b693a31313b733a303a22223b693a31323b733a303a22223b693a31333b733a303a22223b693a31343b733a303a22223b693a31353b733a303a22223b693a31363b733a303a22223b693a31373b733a303a22223b693a31383b733a303a22223b693a31393b733a303a22223b693a32303b733a303a22223b693a32313b733a303a22223b693a32323b733a303a22223b693a32333b733a303a22223b693a32343b733a303a22223b693a32353b733a303a22223b693a32363b733a303a22223b693a32373b733a303a22223b693a32383b733a303a22223b693a32393b733a303a22223b7d, 1, 0, '335', '05/28/2012 星期二', '8:00  a.m. - 87 Bowery, New York, NY 10002 (Chinatown (Manhattan)'),
(174, 66, 0x613a33303a7b693a303b733a313a2261223b693a313b733a303a22223b693a323b733a303a22223b693a333b733a303a22223b693a343b733a303a22223b693a353b733a303a22223b693a363b733a303a22223b693a373b733a303a22223b693a383b733a303a22223b693a393b733a303a22223b693a31303b733a303a22223b693a31313b733a303a22223b693a31323b733a303a22223b693a31333b733a303a22223b693a31343b733a303a22223b693a31353b733a303a22223b693a31363b733a303a22223b693a31373b733a303a22223b693a31383b733a303a22223b693a31393b733a303a22223b693a32303b733a303a22223b693a32313b733a303a22223b693a32323b733a303a22223b693a32333b733a303a22223b693a32343b733a303a22223b693a32353b733a303a22223b693a32363b733a303a22223b693a32373b733a303a22223b693a32383b733a303a22223b693a32393b733a303a22223b7d, 1, 0, '315', '05/07/2012 星期日', '8: 50早上- (金門超市)511 Old Past Rd. Edison NJ08817. '),
(175, 72, 0x613a33303a7b693a303b733a313a2261223b693a313b733a303a22223b693a323b733a303a22223b693a333b733a303a22223b693a343b733a303a22223b693a353b733a303a22223b693a363b733a303a22223b693a373b733a303a22223b693a383b733a303a22223b693a393b733a303a22223b693a31303b733a303a22223b693a31313b733a303a22223b693a31323b733a303a22223b693a31333b733a303a22223b693a31343b733a303a22223b693a31353b733a303a22223b693a31363b733a303a22223b693a31373b733a303a22223b693a31383b733a303a22223b693a31393b733a303a22223b693a32303b733a303a22223b693a32313b733a303a22223b693a32323b733a303a22223b693a32333b733a303a22223b693a32343b733a303a22223b693a32353b733a303a22223b693a32363b733a303a22223b693a32373b733a303a22223b693a32383b733a303a22223b693a32393b733a303a22223b7d, 1, 0, '7', '05/04/2012 Sunday', '7:00 a.m.- 135-20 39th Ave, Flushing, NY 11354 (Sheraton Hotel) .');
INSERT INTO `order_journal` (`journal_id`, `product_id`, `Tname`, `Torder_adult`, `Torder_child`, `Order_Total`, `departdate`, `busstation`) VALUES
(176, 72, 0x613a33303a7b693a303b733a313a2268223b693a313b733a303a22223b693a323b733a303a22223b693a333b733a303a22223b693a343b733a303a22223b693a353b733a303a22223b693a363b733a303a22223b693a373b733a303a22223b693a383b733a303a22223b693a393b733a303a22223b693a31303b733a303a22223b693a31313b733a303a22223b693a31323b733a303a22223b693a31333b733a303a22223b693a31343b733a303a22223b693a31353b733a303a22223b693a31363b733a303a22223b693a31373b733a303a22223b693a31383b733a303a22223b693a31393b733a303a22223b693a32303b733a303a22223b693a32313b733a303a22223b693a32323b733a303a22223b693a32333b733a303a22223b693a32343b733a303a22223b693a32353b733a303a22223b693a32363b733a303a22223b693a32373b733a303a22223b693a32383b733a303a22223b693a32393b733a303a22223b7d, 1, 0, '7', '05/04/2012 星期日', '7:00 a.m.- 135-20 39th Ave, Flushing, NY 11354 (喜来登酒店l) .'),
(177, 66, 0x613a33303a7b693a303b733a333a22616263223b693a313b733a303a22223b693a323b733a303a22223b693a333b733a303a22223b693a343b733a303a22223b693a353b733a303a22223b693a363b733a303a22223b693a373b733a303a22223b693a383b733a303a22223b693a393b733a303a22223b693a31303b733a303a22223b693a31313b733a303a22223b693a31323b733a303a22223b693a31333b733a303a22223b693a31343b733a303a22223b693a31353b733a303a22223b693a31363b733a303a22223b693a31373b733a303a22223b693a31383b733a303a22223b693a31393b733a303a22223b693a32303b733a303a22223b693a32313b733a303a22223b693a32323b733a303a22223b693a32333b733a303a22223b693a32343b733a303a22223b693a32353b733a303a22223b693a32363b733a303a22223b693a32373b733a303a22223b693a32383b733a303a22223b693a32393b733a303a22223b7d, 1, 0, '315', '05/07/2012 星期日', '8: 50早上- (金門超市)511 Old Past Rd. Edison NJ08817. '),
(178, 72, 0x613a33303a7b693a303b733a313a2261223b693a313b733a303a22223b693a323b733a303a22223b693a333b733a303a22223b693a343b733a303a22223b693a353b733a303a22223b693a363b733a303a22223b693a373b733a303a22223b693a383b733a303a22223b693a393b733a303a22223b693a31303b733a303a22223b693a31313b733a303a22223b693a31323b733a303a22223b693a31333b733a303a22223b693a31343b733a303a22223b693a31353b733a303a22223b693a31363b733a303a22223b693a31373b733a303a22223b693a31383b733a303a22223b693a31393b733a303a22223b693a32303b733a303a22223b693a32313b733a303a22223b693a32323b733a303a22223b693a32333b733a303a22223b693a32343b733a303a22223b693a32353b733a303a22223b693a32363b733a303a22223b693a32373b733a303a22223b693a32383b733a303a22223b693a32393b733a303a22223b7d, 1, 0, '7', '05/04/2012 星期日', '7:00 a.m.- 135-20 39th Ave, Flushing, NY 11354 (喜来登酒店l) .'),
(179, 66, 0x613a33303a7b693a303b733a313a2261223b693a313b733a303a22223b693a323b733a303a22223b693a333b733a303a22223b693a343b733a303a22223b693a353b733a303a22223b693a363b733a303a22223b693a373b733a303a22223b693a383b733a303a22223b693a393b733a303a22223b693a31303b733a303a22223b693a31313b733a303a22223b693a31323b733a303a22223b693a31333b733a303a22223b693a31343b733a303a22223b693a31353b733a303a22223b693a31363b733a303a22223b693a31373b733a303a22223b693a31383b733a303a22223b693a31393b733a303a22223b693a32303b733a303a22223b693a32313b733a303a22223b693a32323b733a303a22223b693a32333b733a303a22223b693a32343b733a303a22223b693a32353b733a303a22223b693a32363b733a303a22223b693a32373b733a303a22223b693a32383b733a303a22223b693a32393b733a303a22223b7d, 1, 0, '315', '05/07/2012 星期日', '八大道/ 59 街小巴站对面。'),
(180, 72, 0x613a33303a7b693a303b733a313a2261223b693a313b733a303a22223b693a323b733a303a22223b693a333b733a303a22223b693a343b733a303a22223b693a353b733a303a22223b693a363b733a303a22223b693a373b733a303a22223b693a383b733a303a22223b693a393b733a303a22223b693a31303b733a303a22223b693a31313b733a303a22223b693a31323b733a303a22223b693a31333b733a303a22223b693a31343b733a303a22223b693a31353b733a303a22223b693a31363b733a303a22223b693a31373b733a303a22223b693a31383b733a303a22223b693a31393b733a303a22223b693a32303b733a303a22223b693a32313b733a303a22223b693a32323b733a303a22223b693a32333b733a303a22223b693a32343b733a303a22223b693a32353b733a303a22223b693a32363b733a303a22223b693a32373b733a303a22223b693a32383b733a303a22223b693a32393b733a303a22223b7d, 1, 0, '7', '05/04/2012 星期日', '7:00 a.m.- 135-20 39th Ave, Flushing, NY 11354 (喜来登酒店l) .'),
(181, 66, 0x613a33303a7b693a303b733a313a2261223b693a313b733a303a22223b693a323b733a303a22223b693a333b733a303a22223b693a343b733a303a22223b693a353b733a303a22223b693a363b733a303a22223b693a373b733a303a22223b693a383b733a303a22223b693a393b733a303a22223b693a31303b733a303a22223b693a31313b733a303a22223b693a31323b733a303a22223b693a31333b733a303a22223b693a31343b733a303a22223b693a31353b733a303a22223b693a31363b733a303a22223b693a31373b733a303a22223b693a31383b733a303a22223b693a31393b733a303a22223b693a32303b733a303a22223b693a32313b733a303a22223b693a32323b733a303a22223b693a32333b733a303a22223b693a32343b733a303a22223b693a32353b733a303a22223b693a32363b733a303a22223b693a32373b733a303a22223b693a32383b733a303a22223b693a32393b733a303a22223b7d, 1, 0, '315', '05/07/2012 星期日', '8: 50早上- (金門超市)511 Old Past Rd. Edison NJ08817. '),
(182, 72, 0x613a33303a7b693a303b733a313a2262223b693a313b733a303a22223b693a323b733a303a22223b693a333b733a303a22223b693a343b733a303a22223b693a353b733a303a22223b693a363b733a303a22223b693a373b733a303a22223b693a383b733a303a22223b693a393b733a303a22223b693a31303b733a303a22223b693a31313b733a303a22223b693a31323b733a303a22223b693a31333b733a303a22223b693a31343b733a303a22223b693a31353b733a303a22223b693a31363b733a303a22223b693a31373b733a303a22223b693a31383b733a303a22223b693a31393b733a303a22223b693a32303b733a303a22223b693a32313b733a303a22223b693a32323b733a303a22223b693a32333b733a303a22223b693a32343b733a303a22223b693a32353b733a303a22223b693a32363b733a303a22223b693a32373b733a303a22223b693a32383b733a303a22223b693a32393b733a303a22223b7d, 1, 0, '7', '05/04/2012 星期日', '7:00 a.m.- 135-20 39th Ave, Flushing, NY 11354 (喜来登酒店l) .'),
(183, 66, 0x613a33303a7b693a303b733a313a2261223b693a313b733a303a22223b693a323b733a303a22223b693a333b733a303a22223b693a343b733a303a22223b693a353b733a303a22223b693a363b733a303a22223b693a373b733a303a22223b693a383b733a303a22223b693a393b733a303a22223b693a31303b733a303a22223b693a31313b733a303a22223b693a31323b733a303a22223b693a31333b733a303a22223b693a31343b733a303a22223b693a31353b733a303a22223b693a31363b733a303a22223b693a31373b733a303a22223b693a31383b733a303a22223b693a31393b733a303a22223b693a32303b733a303a22223b693a32313b733a303a22223b693a32323b733a303a22223b693a32333b733a303a22223b693a32343b733a303a22223b693a32353b733a303a22223b693a32363b733a303a22223b693a32373b733a303a22223b693a32383b733a303a22223b693a32393b733a303a22223b7d, 1, 0, '315', '05/07/2012 星期日', '7:00 a.m.- 135-20 39th Ave, Flushing, NY 11354 (喜来登酒店l) .'),
(184, 78, 0x613a33303a7b693a303b733a343a226f696f6f223b693a313b733a303a22223b693a323b733a303a22223b693a333b733a303a22223b693a343b733a303a22223b693a353b733a303a22223b693a363b733a303a22223b693a373b733a303a22223b693a383b733a303a22223b693a393b733a303a22223b693a31303b733a303a22223b693a31313b733a303a22223b693a31323b733a303a22223b693a31333b733a303a22223b693a31343b733a303a22223b693a31353b733a303a22223b693a31363b733a303a22223b693a31373b733a303a22223b693a31383b733a303a22223b693a31393b733a303a22223b693a32303b733a303a22223b693a32313b733a303a22223b693a32323b733a303a22223b693a32333b733a303a22223b693a32343b733a303a22223b693a32353b733a303a22223b693a32363b733a303a22223b693a32373b733a303a22223b693a32383b733a303a22223b693a32393b733a303a22223b7d, 1, 0, '630', '05/06/2012 星期五', '檀香山机场(进出）'),
(185, 75, 0x613a33303a7b693a303b733a363a22e7a0b469706d223b693a313b733a303a22223b693a323b733a303a22223b693a333b733a303a22223b693a343b733a303a22223b693a353b733a303a22223b693a363b733a303a22223b693a373b733a303a22223b693a383b733a303a22223b693a393b733a303a22223b693a31303b733a303a22223b693a31313b733a303a22223b693a31323b733a303a22223b693a31333b733a303a22223b693a31343b733a303a22223b693a31353b733a303a22223b693a31363b733a303a22223b693a31373b733a303a22223b693a31383b733a303a22223b693a31393b733a303a22223b693a32303b733a303a22223b693a32313b733a303a22223b693a32323b733a303a22223b693a32333b733a303a22223b693a32343b733a303a22223b693a32353b733a303a22223b693a32363b733a303a22223b693a32373b733a303a22223b693a32383b733a303a22223b693a32393b733a303a22223b7d, 1, 0, '575', '05/09/2012 星期六', '8:00  a.m. - 87 Bowery, New York, NY 10002 (Chinatown (Manhattan)'),
(186, 77, 0x613a33303a7b693a303b733a353a226f70752d69223b693a313b733a363a226f755b706f69223b693a323b733a303a22223b693a333b733a303a22223b693a343b733a303a22223b693a353b733a303a22223b693a363b733a303a22223b693a373b733a303a22223b693a383b733a303a22223b693a393b733a303a22223b693a31303b733a303a22223b693a31313b733a303a22223b693a31323b733a303a22223b693a31333b733a303a22223b693a31343b733a303a22223b693a31353b733a303a22223b693a31363b733a303a22223b693a31373b733a303a22223b693a31383b733a303a22223b693a31393b733a303a22223b693a32303b733a303a22223b693a32313b733a303a22223b693a32323b733a303a22223b693a32333b733a303a22223b693a32343b733a303a22223b693a32353b733a303a22223b693a32363b733a303a22223b693a32373b733a303a22223b693a32383b733a303a22223b693a32393b733a303a22223b7d, 1, 1, '600', '05/28/2012 Tuesday', '8:00  a.m. - 87 Bowery, New York, NY10002(Chinatown).'),
(187, 66, 0x613a33303a7b693a303b733a313a2268223b693a313b733a303a22223b693a323b733a303a22223b693a333b733a303a22223b693a343b733a303a22223b693a353b733a303a22223b693a363b733a303a22223b693a373b733a303a22223b693a383b733a303a22223b693a393b733a303a22223b693a31303b733a303a22223b693a31313b733a303a22223b693a31323b733a303a22223b693a31333b733a303a22223b693a31343b733a303a22223b693a31353b733a303a22223b693a31363b733a303a22223b693a31373b733a303a22223b693a31383b733a303a22223b693a31393b733a303a22223b693a32303b733a303a22223b693a32313b733a303a22223b693a32323b733a303a22223b693a32333b733a303a22223b693a32343b733a303a22223b693a32353b733a303a22223b693a32363b733a303a22223b693a32373b733a303a22223b693a32383b733a303a22223b693a32393b733a303a22223b7d, 1, 0, '315', '05/07/2012 星期日', '8: 50早上- (金門超市)511 Old Past Rd. Edison NJ08817. '),
(188, 78, 0x613a33303a7b693a303b733a353a226979707569223b693a313b733a303a22223b693a323b733a303a22223b693a333b733a303a22223b693a343b733a303a22223b693a353b733a303a22223b693a363b733a303a22223b693a373b733a303a22223b693a383b733a303a22223b693a393b733a303a22223b693a31303b733a303a22223b693a31313b733a303a22223b693a31323b733a303a22223b693a31333b733a303a22223b693a31343b733a303a22223b693a31353b733a303a22223b693a31363b733a303a22223b693a31373b733a303a22223b693a31383b733a303a22223b693a31393b733a303a22223b693a32303b733a303a22223b693a32313b733a303a22223b693a32323b733a303a22223b693a32333b733a303a22223b693a32343b733a303a22223b693a32353b733a303a22223b693a32363b733a303a22223b693a32373b733a303a22223b693a32383b733a303a22223b693a32393b733a303a22223b7d, 1, 0, '630', '05/06/2012 Friday', 'Honolulu Airport Transfer to Hotel'),
(189, 78, 0x613a33303a7b693a303b733a343a2266736466223b693a313b733a303a22223b693a323b733a303a22223b693a333b733a303a22223b693a343b733a303a22223b693a353b733a303a22223b693a363b733a303a22223b693a373b733a303a22223b693a383b733a303a22223b693a393b733a303a22223b693a31303b733a303a22223b693a31313b733a303a22223b693a31323b733a303a22223b693a31333b733a303a22223b693a31343b733a303a22223b693a31353b733a303a22223b693a31363b733a303a22223b693a31373b733a303a22223b693a31383b733a303a22223b693a31393b733a303a22223b693a32303b733a303a22223b693a32313b733a303a22223b693a32323b733a303a22223b693a32333b733a303a22223b693a32343b733a303a22223b693a32353b733a303a22223b693a32363b733a303a22223b693a32373b733a303a22223b693a32383b733a303a22223b693a32393b733a303a22223b7d, 1, 0, '630', '05/06/2012 Friday', 'Honolulu Airport Transfer to Hotel'),
(190, 72, 0x613a33303a7b693a303b733a313a2269223b693a313b733a313a226f223b693a323b733a303a22223b693a333b733a303a22223b693a343b733a303a22223b693a353b733a303a22223b693a363b733a303a22223b693a373b733a303a22223b693a383b733a303a22223b693a393b733a303a22223b693a31303b733a303a22223b693a31313b733a303a22223b693a31323b733a303a22223b693a31333b733a303a22223b693a31343b733a303a22223b693a31353b733a303a22223b693a31363b733a303a22223b693a31373b733a303a22223b693a31383b733a303a22223b693a31393b733a303a22223b693a32303b733a303a22223b693a32313b733a303a22223b693a32323b733a303a22223b693a32333b733a303a22223b693a32343b733a303a22223b693a32353b733a303a22223b693a32363b733a303a22223b693a32373b733a303a22223b693a32383b733a303a22223b693a32393b733a303a22223b7d, 2, 0, '14', '05/05/2012 星期二', '7:00 a.m.- 135-20 39th Ave, Flushing, NY 11354 (喜来登酒店l) .'),
(191, 78, 0x613a33303a7b693a303b733a353a226673646673223b693a313b733a303a22223b693a323b733a303a22223b693a333b733a303a22223b693a343b733a303a22223b693a353b733a303a22223b693a363b733a303a22223b693a373b733a303a22223b693a383b733a303a22223b693a393b733a303a22223b693a31303b733a303a22223b693a31313b733a303a22223b693a31323b733a303a22223b693a31333b733a303a22223b693a31343b733a303a22223b693a31353b733a303a22223b693a31363b733a303a22223b693a31373b733a303a22223b693a31383b733a303a22223b693a31393b733a303a22223b693a32303b733a303a22223b693a32313b733a303a22223b693a32323b733a303a22223b693a32333b733a303a22223b693a32343b733a303a22223b693a32353b733a303a22223b693a32363b733a303a22223b693a32373b733a303a22223b693a32383b733a303a22223b693a32393b733a303a22223b7d, 1, 0, '630', '05/06/2012 Friday', 'Honolulu Airport Transfer to Hotel'),
(192, 66, 0x613a33303a7b693a303b733a313a2261223b693a313b733a303a22223b693a323b733a303a22223b693a333b733a303a22223b693a343b733a303a22223b693a353b733a303a22223b693a363b733a303a22223b693a373b733a303a22223b693a383b733a303a22223b693a393b733a303a22223b693a31303b733a303a22223b693a31313b733a303a22223b693a31323b733a303a22223b693a31333b733a303a22223b693a31343b733a303a22223b693a31353b733a303a22223b693a31363b733a303a22223b693a31373b733a303a22223b693a31383b733a303a22223b693a31393b733a303a22223b693a32303b733a303a22223b693a32313b733a303a22223b693a32323b733a303a22223b693a32333b733a303a22223b693a32343b733a303a22223b693a32353b733a303a22223b693a32363b733a303a22223b693a32373b733a303a22223b693a32383b733a303a22223b693a32393b733a303a22223b7d, 1, 0, '315', '05/07/2012 星期日', '8:00  a.m. - 87 Bowery, New York, NY 10002 (Chinatown (Manhattan)'),
(193, 66, 0x613a33303a7b693a303b733a313a2261223b693a313b733a303a22223b693a323b733a303a22223b693a333b733a303a22223b693a343b733a303a22223b693a353b733a303a22223b693a363b733a303a22223b693a373b733a303a22223b693a383b733a303a22223b693a393b733a303a22223b693a31303b733a303a22223b693a31313b733a303a22223b693a31323b733a303a22223b693a31333b733a303a22223b693a31343b733a303a22223b693a31353b733a303a22223b693a31363b733a303a22223b693a31373b733a303a22223b693a31383b733a303a22223b693a31393b733a303a22223b693a32303b733a303a22223b693a32313b733a303a22223b693a32323b733a303a22223b693a32333b733a303a22223b693a32343b733a303a22223b693a32353b733a303a22223b693a32363b733a303a22223b693a32373b733a303a22223b693a32383b733a303a22223b693a32393b733a303a22223b7d, 1, 0, '315', '05/07/2012 星期日', '8: 50早上- (金門超市)511 Old Past Rd. Edison NJ08817. '),
(194, 72, 0x613a33303a7b693a303b733a313a2273223b693a313b733a303a22223b693a323b733a303a22223b693a333b733a303a22223b693a343b733a303a22223b693a353b733a303a22223b693a363b733a303a22223b693a373b733a303a22223b693a383b733a303a22223b693a393b733a303a22223b693a31303b733a303a22223b693a31313b733a303a22223b693a31323b733a303a22223b693a31333b733a303a22223b693a31343b733a303a22223b693a31353b733a303a22223b693a31363b733a303a22223b693a31373b733a303a22223b693a31383b733a303a22223b693a31393b733a303a22223b693a32303b733a303a22223b693a32313b733a303a22223b693a32323b733a303a22223b693a32333b733a303a22223b693a32343b733a303a22223b693a32353b733a303a22223b693a32363b733a303a22223b693a32373b733a303a22223b693a32383b733a303a22223b693a32393b733a303a22223b7d, 1, 0, '7', '05/05/2012 星期二', '7:00 a.m.- 135-20 39th Ave, Flushing, NY 11354 (喜来登酒店l) .'),
(195, 66, 0x613a33303a7b693a303b733a313a2277223b693a313b733a313a2265223b693a323b733a323a227777223b693a333b733a313a2273223b693a343b733a323a227373223b693a353b733a343a2273737373223b693a363b733a333a22736473223b693a373b733a333a22736467223b693a383b733a303a22223b693a393b733a303a22223b693a31303b733a303a22223b693a31313b733a303a22223b693a31323b733a303a22223b693a31333b733a303a22223b693a31343b733a303a22223b693a31353b733a303a22223b693a31363b733a303a22223b693a31373b733a303a22223b693a31383b733a303a22223b693a31393b733a303a22223b693a32303b733a303a22223b693a32313b733a303a22223b693a32323b733a303a22223b693a32333b733a303a22223b693a32343b733a303a22223b693a32353b733a303a22223b693a32363b733a303a22223b693a32373b733a303a22223b693a32383b733a303a22223b693a32393b733a303a22223b7d, 6, 2, '1690', '06/25/2012 星期四', '8: 50早上- (金門超市)511 Old Past Rd. Edison NJ08817. '),
(196, 77, 0x613a33303a7b693a303b733a313a2261223b693a313b733a313a2264223b693a323b733a313a2267223b693a333b733a313a2261223b693a343b733a313a2264223b693a353b733a313a2261223b693a363b733a313a2265223b693a373b733a313a2273223b693a383b733a313a2261223b693a393b733a313a2265223b693a31303b733a303a22223b693a31313b733a303a22223b693a31323b733a303a22223b693a31333b733a303a22223b693a31343b733a303a22223b693a31353b733a303a22223b693a31363b733a303a22223b693a31373b733a303a22223b693a31383b733a303a22223b693a31393b733a303a22223b693a32303b733a303a22223b693a32313b733a303a22223b693a32323b733a303a22223b693a32333b733a303a22223b693a32343b733a303a22223b693a32353b733a303a22223b693a32363b733a303a22223b693a32373b733a303a22223b693a32383b733a303a22223b693a32393b733a303a22223b7d, 8, 2, '2580', '05/28/2012 星期二', '8:00  a.m. - 87 Bowery, New York, NY 10002 (Chinatown (Manhattan)'),
(197, 65, 0x613a33303a7b693a303b733a313a2273223b693a313b733a313a2261223b693a323b733a303a22223b693a333b733a303a22223b693a343b733a303a22223b693a353b733a303a22223b693a363b733a303a22223b693a373b733a303a22223b693a383b733a303a22223b693a393b733a303a22223b693a31303b733a303a22223b693a31313b733a303a22223b693a31323b733a303a22223b693a31333b733a303a22223b693a31343b733a303a22223b693a31353b733a303a22223b693a31363b733a303a22223b693a31373b733a303a22223b693a31383b733a303a22223b693a31393b733a303a22223b693a32303b733a303a22223b693a32313b733a303a22223b693a32323b733a303a22223b693a32333b733a303a22223b693a32343b733a303a22223b693a32353b733a303a22223b693a32363b733a303a22223b693a32373b733a303a22223b693a32383b733a303a22223b693a32393b733a303a22223b7d, 2, 0, '280', '05/07/2012 星期日', '8:00  a.m. - 87 Bowery, New York, NY 10002 (Chinatown (Manhattan)'),
(198, 77, 0x613a33303a7b693a303b733a383a2277616e6720736875223b693a313b733a31333a226c656520686f6e67207a616e67223b693a323b733a303a22223b693a333b733a303a22223b693a343b733a303a22223b693a353b733a303a22223b693a363b733a303a22223b693a373b733a303a22223b693a383b733a303a22223b693a393b733a303a22223b693a31303b733a303a22223b693a31313b733a303a22223b693a31323b733a303a22223b693a31333b733a303a22223b693a31343b733a303a22223b693a31353b733a303a22223b693a31363b733a303a22223b693a31373b733a303a22223b693a31383b733a303a22223b693a31393b733a303a22223b693a32303b733a303a22223b693a32313b733a303a22223b693a32323b733a303a22223b693a32333b733a303a22223b693a32343b733a303a22223b693a32353b733a303a22223b693a32363b733a303a22223b693a32373b733a303a22223b693a32383b733a303a22223b693a32393b733a303a22223b7d, 2, 0, '600', '05/21/2012 星期日', '8:00  a.m. - 87 Bowery, New York, NY 10002 (Chinatown (Manhattan)'),
(199, 75, 0x613a33303a7b693a303b733a313a2273223b693a313b733a303a22223b693a323b733a303a22223b693a333b733a303a22223b693a343b733a303a22223b693a353b733a303a22223b693a363b733a303a22223b693a373b733a303a22223b693a383b733a303a22223b693a393b733a303a22223b693a31303b733a303a22223b693a31313b733a303a22223b693a31323b733a303a22223b693a31333b733a303a22223b693a31343b733a303a22223b693a31353b733a303a22223b693a31363b733a303a22223b693a31373b733a303a22223b693a31383b733a303a22223b693a31393b733a303a22223b693a32303b733a303a22223b693a32313b733a303a22223b693a32323b733a303a22223b693a32333b733a303a22223b693a32343b733a303a22223b693a32353b733a303a22223b693a32363b733a303a22223b693a32373b733a303a22223b693a32383b733a303a22223b693a32393b733a303a22223b7d, 1, 0, '575', '05/09/2012 星期六', '8:00  a.m. - 87 Bowery, New York, NY 10002 (Chinatown (Manhattan)'),
(200, 66, 0x613a33303a7b693a303b733a313a2273223b693a313b733a313a2261223b693a323b733a313a2264223b693a333b733a303a22223b693a343b733a303a22223b693a353b733a303a22223b693a363b733a303a22223b693a373b733a303a22223b693a383b733a303a22223b693a393b733a303a22223b693a31303b733a303a22223b693a31313b733a303a22223b693a31323b733a303a22223b693a31333b733a303a22223b693a31343b733a303a22223b693a31353b733a303a22223b693a31363b733a303a22223b693a31373b733a303a22223b693a31383b733a303a22223b693a31393b733a303a22223b693a32303b733a303a22223b693a32313b733a303a22223b693a32323b733a303a22223b693a32333b733a303a22223b693a32343b733a303a22223b693a32353b733a303a22223b693a32363b733a303a22223b693a32373b733a303a22223b693a32383b733a303a22223b693a32393b733a303a22223b7d, 3, 0, '675', '05/07/2012 Sunday', '8.50 a.m. -511, Old Post Rd NJ08817  (Kam Mun Super Market)'),
(201, 70, 0x613a33303a7b693a303b733a343a226368656e223b693a313b733a323a227272223b693a323b733a333a22727272223b693a333b733a303a22223b693a343b733a303a22223b693a353b733a303a22223b693a363b733a303a22223b693a373b733a303a22223b693a383b733a303a22223b693a393b733a303a22223b693a31303b733a303a22223b693a31313b733a303a22223b693a31323b733a303a22223b693a31333b733a303a22223b693a31343b733a303a22223b693a31353b733a303a22223b693a31363b733a303a22223b693a31373b733a303a22223b693a31383b733a303a22223b693a31393b733a303a22223b693a32303b733a303a22223b693a32313b733a303a22223b693a32323b733a303a22223b693a32333b733a303a22223b693a32343b733a303a22223b693a32353b733a303a22223b693a32363b733a303a22223b693a32373b733a303a22223b693a32383b733a303a22223b693a32393b733a303a22223b7d, 2, 1, '545', ' 05/31/2012 星期二', '法拉盛-7:00早上135-20 39 Ave, Flushing, NY 11354 (喜徕登酒店).'),
(202, 77, 0x613a33303a7b693a303b733a333a22736664223b693a313b733a303a22223b693a323b733a303a22223b693a333b733a303a22223b693a343b733a303a22223b693a353b733a303a22223b693a363b733a303a22223b693a373b733a303a22223b693a383b733a303a22223b693a393b733a303a22223b693a31303b733a303a22223b693a31313b733a303a22223b693a31323b733a303a22223b693a31333b733a303a22223b693a31343b733a303a22223b693a31353b733a303a22223b693a31363b733a303a22223b693a31373b733a303a22223b693a31383b733a303a22223b693a31393b733a303a22223b693a32303b733a303a22223b693a32313b733a303a22223b693a32323b733a303a22223b693a32333b733a303a22223b693a32343b733a303a22223b693a32353b733a303a22223b693a32363b733a303a22223b693a32373b733a303a22223b693a32383b733a303a22223b693a32393b733a303a22223b7d, 1, 0, '335', '05/28/2012 Tuesday', '8:00  a.m. - 87 Bowery, New York, NY10002(Chinatown).'),
(203, 66, 0x613a33303a7b693a303b733a313a2261223b693a313b733a303a22223b693a323b733a303a22223b693a333b733a303a22223b693a343b733a303a22223b693a353b733a303a22223b693a363b733a303a22223b693a373b733a303a22223b693a383b733a303a22223b693a393b733a303a22223b693a31303b733a303a22223b693a31313b733a303a22223b693a31323b733a303a22223b693a31333b733a303a22223b693a31343b733a303a22223b693a31353b733a303a22223b693a31363b733a303a22223b693a31373b733a303a22223b693a31383b733a303a22223b693a31393b733a303a22223b693a32303b733a303a22223b693a32313b733a303a22223b693a32323b733a303a22223b693a32333b733a303a22223b693a32343b733a303a22223b693a32353b733a303a22223b693a32363b733a303a22223b693a32373b733a303a22223b693a32383b733a303a22223b693a32393b733a303a22223b7d, 1, 0, '315', '05/07/2012 星期日', '8: 50早上- (金門超市)511 Old Past Rd. Edison NJ08817. '),
(204, 75, 0x613a33303a7b693a303b733a313a2264223b693a313b733a313a2273223b693a323b733a303a22223b693a333b733a303a22223b693a343b733a303a22223b693a353b733a303a22223b693a363b733a303a22223b693a373b733a303a22223b693a383b733a303a22223b693a393b733a303a22223b693a31303b733a303a22223b693a31313b733a303a22223b693a31323b733a303a22223b693a31333b733a303a22223b693a31343b733a303a22223b693a31353b733a303a22223b693a31363b733a303a22223b693a31373b733a303a22223b693a31383b733a303a22223b693a31393b733a303a22223b693a32303b733a303a22223b693a32313b733a303a22223b693a32323b733a303a22223b693a32333b733a303a22223b693a32343b733a303a22223b693a32353b733a303a22223b693a32363b733a303a22223b693a32373b733a303a22223b693a32383b733a303a22223b693a32393b733a303a22223b7d, 2, 0, '895', '05/16/2012 星期一', '8:00  a.m. - 87 Bowery, New York, NY 10002 (Chinatown (Manhattan)'),
(205, 77, 0x613a33303a7b693a303b733a313a2277223b693a313b733a303a22223b693a323b733a303a22223b693a333b733a303a22223b693a343b733a303a22223b693a353b733a303a22223b693a363b733a303a22223b693a373b733a303a22223b693a383b733a303a22223b693a393b733a303a22223b693a31303b733a303a22223b693a31313b733a303a22223b693a31323b733a303a22223b693a31333b733a303a22223b693a31343b733a303a22223b693a31353b733a303a22223b693a31363b733a303a22223b693a31373b733a303a22223b693a31383b733a303a22223b693a31393b733a303a22223b693a32303b733a303a22223b693a32313b733a303a22223b693a32323b733a303a22223b693a32333b733a303a22223b693a32343b733a303a22223b693a32353b733a303a22223b693a32363b733a303a22223b693a32373b733a303a22223b693a32383b733a303a22223b693a32393b733a303a22223b7d, 1, 0, '335', ' 05/28/2012 Tuesday', '8:00  a.m. - 87 Bowery, New York, NY10002(Chinatown).'),
(206, 72, 0x613a33303a7b693a303b733a343a2266736466223b693a313b733a333a22736466223b693a323b733a333a22736664223b693a333b733a303a22223b693a343b733a303a22223b693a353b733a303a22223b693a363b733a303a22223b693a373b733a303a22223b693a383b733a303a22223b693a393b733a303a22223b693a31303b733a303a22223b693a31313b733a303a22223b693a31323b733a303a22223b693a31333b733a303a22223b693a31343b733a303a22223b693a31353b733a303a22223b693a31363b733a303a22223b693a31373b733a303a22223b693a31383b733a303a22223b693a31393b733a303a22223b693a32303b733a303a22223b693a32313b733a303a22223b693a32323b733a303a22223b693a32333b733a303a22223b693a32343b733a303a22223b693a32353b733a303a22223b693a32363b733a303a22223b693a32373b733a303a22223b693a32383b733a303a22223b693a32393b733a303a22223b7d, 3, 0, '21', '10/01/2012 Sunday', '7:00 a.m.- 135-20 39th Ave, Flushing, NY 11354 (Sheraton Hotel) .'),
(207, 66, 0x613a33303a7b693a303b733a313a2264223b693a313b733a303a22223b693a323b733a303a22223b693a333b733a303a22223b693a343b733a303a22223b693a353b733a303a22223b693a363b733a303a22223b693a373b733a303a22223b693a383b733a303a22223b693a393b733a303a22223b693a31303b733a303a22223b693a31313b733a303a22223b693a31323b733a303a22223b693a31333b733a303a22223b693a31343b733a303a22223b693a31353b733a303a22223b693a31363b733a303a22223b693a31373b733a303a22223b693a31383b733a303a22223b693a31393b733a303a22223b693a32303b733a303a22223b693a32313b733a303a22223b693a32323b733a303a22223b693a32333b733a303a22223b693a32343b733a303a22223b693a32353b733a303a22223b693a32363b733a303a22223b693a32373b733a303a22223b693a32383b733a303a22223b693a32393b733a303a22223b7d, 1, 0, '315', ' 05/14/2012 星期五', '8: 50早上- (金門超市)511 Old Past Rd. Edison NJ08817. '),
(208, 66, 0x613a33303a7b693a303b733a313a2261223b693a313b733a303a22223b693a323b733a303a22223b693a333b733a303a22223b693a343b733a303a22223b693a353b733a303a22223b693a363b733a303a22223b693a373b733a303a22223b693a383b733a303a22223b693a393b733a303a22223b693a31303b733a303a22223b693a31313b733a303a22223b693a31323b733a303a22223b693a31333b733a303a22223b693a31343b733a303a22223b693a31353b733a303a22223b693a31363b733a303a22223b693a31373b733a303a22223b693a31383b733a303a22223b693a31393b733a303a22223b693a32303b733a303a22223b693a32313b733a303a22223b693a32323b733a303a22223b693a32333b733a303a22223b693a32343b733a303a22223b693a32353b733a303a22223b693a32363b733a303a22223b693a32373b733a303a22223b693a32383b733a303a22223b693a32393b733a303a22223b7d, 1, 0, '315', '05/14/2012 星期五', '8: 50早上- (金門超市)511 Old Past Rd. Edison NJ08817. '),
(209, 72, 0x613a33303a7b693a303b733a313a2264223b693a313b733a303a22223b693a323b733a303a22223b693a333b733a303a22223b693a343b733a303a22223b693a353b733a303a22223b693a363b733a303a22223b693a373b733a303a22223b693a383b733a303a22223b693a393b733a303a22223b693a31303b733a303a22223b693a31313b733a303a22223b693a31323b733a303a22223b693a31333b733a303a22223b693a31343b733a303a22223b693a31353b733a303a22223b693a31363b733a303a22223b693a31373b733a303a22223b693a31383b733a303a22223b693a31393b733a303a22223b693a32303b733a303a22223b693a32313b733a303a22223b693a32323b733a303a22223b693a32333b733a303a22223b693a32343b733a303a22223b693a32353b733a303a22223b693a32363b733a303a22223b693a32373b733a303a22223b693a32383b733a303a22223b693a32393b733a303a22223b7d, 1, 0, '7', '10/01/2012 星期日', '7:00 a.m.- 135-20 39th Ave, Flushing, NY 11354 (喜来登酒店l) .'),
(210, 72, 0x613a33303a7b693a303b733a313a2273223b693a313b733a303a22223b693a323b733a303a22223b693a333b733a303a22223b693a343b733a303a22223b693a353b733a303a22223b693a363b733a303a22223b693a373b733a303a22223b693a383b733a303a22223b693a393b733a303a22223b693a31303b733a303a22223b693a31313b733a303a22223b693a31323b733a303a22223b693a31333b733a303a22223b693a31343b733a303a22223b693a31353b733a303a22223b693a31363b733a303a22223b693a31373b733a303a22223b693a31383b733a303a22223b693a31393b733a303a22223b693a32303b733a303a22223b693a32313b733a303a22223b693a32323b733a303a22223b693a32333b733a303a22223b693a32343b733a303a22223b693a32353b733a303a22223b693a32363b733a303a22223b693a32373b733a303a22223b693a32383b733a303a22223b693a32393b733a303a22223b7d, 1, 0, '7', '10/01/2012 星期日', '7:00 a.m.- 135-20 39th Ave, Flushing, NY 11354 (喜来登酒店l) .'),
(211, 66, 0x613a33303a7b693a303b733a313a2273223b693a313b733a313a2266223b693a323b733a313a2273223b693a333b733a313a2265223b693a343b733a313a2266223b693a353b733a303a22223b693a363b733a303a22223b693a373b733a303a22223b693a383b733a303a22223b693a393b733a303a22223b693a31303b733a303a22223b693a31313b733a303a22223b693a31323b733a303a22223b693a31333b733a303a22223b693a31343b733a303a22223b693a31353b733a303a22223b693a31363b733a303a22223b693a31373b733a303a22223b693a31383b733a303a22223b693a31393b733a303a22223b693a32303b733a303a22223b693a32313b733a303a22223b693a32323b733a303a22223b693a32333b733a303a22223b693a32343b733a303a22223b693a32353b733a303a22223b693a32363b733a303a22223b693a32373b733a303a22223b693a32383b733a303a22223b693a32393b733a303a22223b7d, 5, 0, '1215', '05/14/2012 星期五', '8: 50早上- (金門超市)511 Old Past Rd. Edison NJ08817. '),
(212, 77, 0x613a33303a7b693a303b733a333a22667364223b693a313b733a303a22223b693a323b733a303a22223b693a333b733a303a22223b693a343b733a303a22223b693a353b733a303a22223b693a363b733a303a22223b693a373b733a303a22223b693a383b733a303a22223b693a393b733a303a22223b693a31303b733a303a22223b693a31313b733a303a22223b693a31323b733a303a22223b693a31333b733a303a22223b693a31343b733a303a22223b693a31353b733a303a22223b693a31363b733a303a22223b693a31373b733a303a22223b693a31383b733a303a22223b693a31393b733a303a22223b693a32303b733a303a22223b693a32313b733a303a22223b693a32323b733a303a22223b693a32333b733a303a22223b693a32343b733a303a22223b693a32353b733a303a22223b693a32363b733a303a22223b693a32373b733a303a22223b693a32383b733a303a22223b693a32393b733a303a22223b7d, 1, 0, '335', '05/28/2012 Tuesday', '8:00  a.m. - 87 Bowery, New York, NY10002(Chinatown).'),
(213, 72, 0x613a33303a7b693a303b733a343a2266736466223b693a313b733a303a22223b693a323b733a303a22223b693a333b733a303a22223b693a343b733a303a22223b693a353b733a303a22223b693a363b733a303a22223b693a373b733a303a22223b693a383b733a303a22223b693a393b733a303a22223b693a31303b733a303a22223b693a31313b733a303a22223b693a31323b733a303a22223b693a31333b733a303a22223b693a31343b733a303a22223b693a31353b733a303a22223b693a31363b733a303a22223b693a31373b733a303a22223b693a31383b733a303a22223b693a31393b733a303a22223b693a32303b733a303a22223b693a32313b733a303a22223b693a32323b733a303a22223b693a32333b733a303a22223b693a32343b733a303a22223b693a32353b733a303a22223b693a32363b733a303a22223b693a32373b733a303a22223b693a32383b733a303a22223b693a32393b733a303a22223b7d, 1, 0, '7', '10/01/2012 星期日', '7:00 a.m.- 135-20 39th Ave, Flushing, NY 11354 (喜来登酒店l) .'),
(214, 66, 0x613a33303a7b693a303b733a343a2266736466223b693a313b733a303a22223b693a323b733a303a22223b693a333b733a303a22223b693a343b733a303a22223b693a353b733a303a22223b693a363b733a303a22223b693a373b733a303a22223b693a383b733a303a22223b693a393b733a303a22223b693a31303b733a303a22223b693a31313b733a303a22223b693a31323b733a303a22223b693a31333b733a303a22223b693a31343b733a303a22223b693a31353b733a303a22223b693a31363b733a303a22223b693a31373b733a303a22223b693a31383b733a303a22223b693a31393b733a303a22223b693a32303b733a303a22223b693a32313b733a303a22223b693a32323b733a303a22223b693a32333b733a303a22223b693a32343b733a303a22223b693a32353b733a303a22223b693a32363b733a303a22223b693a32373b733a303a22223b693a32383b733a303a22223b693a32393b733a303a22223b7d, 1, 0, '315', '05/14/2012 Friday', '8.50 a.m. -511, Old Post Rd NJ08817  (Kam Mun Super Market)'),
(215, 65, 0x613a33303a7b693a303b733a313a2267223b693a313b733a303a22223b693a323b733a303a22223b693a333b733a303a22223b693a343b733a303a22223b693a353b733a303a22223b693a363b733a303a22223b693a373b733a303a22223b693a383b733a303a22223b693a393b733a303a22223b693a31303b733a303a22223b693a31313b733a303a22223b693a31323b733a303a22223b693a31333b733a303a22223b693a31343b733a303a22223b693a31353b733a303a22223b693a31363b733a303a22223b693a31373b733a303a22223b693a31383b733a303a22223b693a31393b733a303a22223b693a32303b733a303a22223b693a32313b733a303a22223b693a32323b733a303a22223b693a32333b733a303a22223b693a32343b733a303a22223b693a32353b733a303a22223b693a32363b733a303a22223b693a32373b733a303a22223b693a32383b733a303a22223b693a32393b733a303a22223b7d, 1, 0, '180', '', '8:00  a.m. - 87 Bowery, New York, NY 10002 (Chinatown (Manhattan)'),
(216, 66, 0x613a33303a7b693a303b733a313a2261223b693a313b733a303a22223b693a323b733a303a22223b693a333b733a303a22223b693a343b733a303a22223b693a353b733a303a22223b693a363b733a303a22223b693a373b733a303a22223b693a383b733a303a22223b693a393b733a303a22223b693a31303b733a303a22223b693a31313b733a303a22223b693a31323b733a303a22223b693a31333b733a303a22223b693a31343b733a303a22223b693a31353b733a303a22223b693a31363b733a303a22223b693a31373b733a303a22223b693a31383b733a303a22223b693a31393b733a303a22223b693a32303b733a303a22223b693a32313b733a303a22223b693a32323b733a303a22223b693a32333b733a303a22223b693a32343b733a303a22223b693a32353b733a303a22223b693a32363b733a303a22223b693a32373b733a303a22223b693a32383b733a303a22223b693a32393b733a303a22223b7d, 1, 0, '315', '05/14/2012 星期五', '8: 50早上- (金門超市)511 Old Past Rd. Edison NJ08817. '),
(217, 66, 0x613a33303a7b693a303b733a323a227171223b693a313b733a323a227777223b693a323b733a303a22223b693a333b733a303a22223b693a343b733a303a22223b693a353b733a303a22223b693a363b733a303a22223b693a373b733a303a22223b693a383b733a303a22223b693a393b733a303a22223b693a31303b733a303a22223b693a31313b733a303a22223b693a31323b733a303a22223b693a31333b733a303a22223b693a31343b733a303a22223b693a31353b733a303a22223b693a31363b733a303a22223b693a31373b733a303a22223b693a31383b733a303a22223b693a31393b733a303a22223b693a32303b733a303a22223b693a32313b733a303a22223b693a32323b733a303a22223b693a32333b733a303a22223b693a32343b733a303a22223b693a32353b733a303a22223b693a32363b733a303a22223b693a32373b733a303a22223b693a32383b733a303a22223b693a32393b733a303a22223b7d, 2, 0, '450', '05/14/2012 星期五', '8: 50早上- (金門超市)511 Old Past Rd. Edison NJ08817. '),
(218, 75, 0x613a33303a7b693a303b733a333a22667364223b693a313b733a303a22223b693a323b733a303a22223b693a333b733a303a22223b693a343b733a303a22223b693a353b733a303a22223b693a363b733a303a22223b693a373b733a303a22223b693a383b733a303a22223b693a393b733a303a22223b693a31303b733a303a22223b693a31313b733a303a22223b693a31323b733a303a22223b693a31333b733a303a22223b693a31343b733a303a22223b693a31353b733a303a22223b693a31363b733a303a22223b693a31373b733a303a22223b693a31383b733a303a22223b693a31393b733a303a22223b693a32303b733a303a22223b693a32313b733a303a22223b693a32323b733a303a22223b693a32333b733a303a22223b693a32343b733a303a22223b693a32353b733a303a22223b693a32363b733a303a22223b693a32373b733a303a22223b693a32383b733a303a22223b693a32393b733a303a22223b7d, 1, 0, '575', '05/09/2012 星期六', '8:00  a.m. - 87 Bowery, New York, NY 10002 (Chinatown (Manhattan)'),
(219, 72, 0x613a33303a7b693a303b733a333a22667364223b693a313b733a303a22223b693a323b733a303a22223b693a333b733a303a22223b693a343b733a303a22223b693a353b733a303a22223b693a363b733a303a22223b693a373b733a303a22223b693a383b733a303a22223b693a393b733a303a22223b693a31303b733a303a22223b693a31313b733a303a22223b693a31323b733a303a22223b693a31333b733a303a22223b693a31343b733a303a22223b693a31353b733a303a22223b693a31363b733a303a22223b693a31373b733a303a22223b693a31383b733a303a22223b693a31393b733a303a22223b693a32303b733a303a22223b693a32313b733a303a22223b693a32323b733a303a22223b693a32333b733a303a22223b693a32343b733a303a22223b693a32353b733a303a22223b693a32363b733a303a22223b693a32373b733a303a22223b693a32383b733a303a22223b693a32393b733a303a22223b7d, 1, 0, '7', ' 10/01/2012 星期日', '7:00 a.m.- 135-20 39th Ave, Flushing, NY 11354 (喜来登酒店l) .'),
(220, 66, 0x613a33303a7b693a303b733a313a2261223b693a313b733a303a22223b693a323b733a303a22223b693a333b733a303a22223b693a343b733a303a22223b693a353b733a303a22223b693a363b733a303a22223b693a373b733a303a22223b693a383b733a303a22223b693a393b733a303a22223b693a31303b733a303a22223b693a31313b733a303a22223b693a31323b733a303a22223b693a31333b733a303a22223b693a31343b733a303a22223b693a31353b733a303a22223b693a31363b733a303a22223b693a31373b733a303a22223b693a31383b733a303a22223b693a31393b733a303a22223b693a32303b733a303a22223b693a32313b733a303a22223b693a32323b733a303a22223b693a32333b733a303a22223b693a32343b733a303a22223b693a32353b733a303a22223b693a32363b733a303a22223b693a32373b733a303a22223b693a32383b733a303a22223b693a32393b733a303a22223b7d, 1, 0, '315', ' 05/14/2012 星期五', '8: 50早上- (金門超市)511 Old Past Rd. Edison NJ08817. '),
(221, 78, 0x613a33303a7b693a303b733a333a22667364223b693a313b733a303a22223b693a323b733a303a22223b693a333b733a303a22223b693a343b733a303a22223b693a353b733a303a22223b693a363b733a303a22223b693a373b733a303a22223b693a383b733a303a22223b693a393b733a303a22223b693a31303b733a303a22223b693a31313b733a303a22223b693a31323b733a303a22223b693a31333b733a303a22223b693a31343b733a303a22223b693a31353b733a303a22223b693a31363b733a303a22223b693a31373b733a303a22223b693a31383b733a303a22223b693a31393b733a303a22223b693a32303b733a303a22223b693a32313b733a303a22223b693a32323b733a303a22223b693a32333b733a303a22223b693a32343b733a303a22223b693a32353b733a303a22223b693a32363b733a303a22223b693a32373b733a303a22223b693a32383b733a303a22223b693a32393b733a303a22223b7d, 1, 0, '630', ' 05/13/2012 Tuesday', 'Honolulu Airport Transfer to Hotel'),
(222, 70, 0x613a33303a7b693a303b733a333a22736664223b693a313b733a303a22223b693a323b733a303a22223b693a333b733a303a22223b693a343b733a303a22223b693a353b733a303a22223b693a363b733a303a22223b693a373b733a303a22223b693a383b733a303a22223b693a393b733a303a22223b693a31303b733a303a22223b693a31313b733a303a22223b693a31323b733a303a22223b693a31333b733a303a22223b693a31343b733a303a22223b693a31353b733a303a22223b693a31363b733a303a22223b693a31373b733a303a22223b693a31383b733a303a22223b693a31393b733a303a22223b693a32303b733a303a22223b693a32313b733a303a22223b693a32323b733a303a22223b693a32333b733a303a22223b693a32343b733a303a22223b693a32353b733a303a22223b693a32363b733a303a22223b693a32373b733a303a22223b693a32383b733a303a22223b693a32393b733a303a22223b7d, 1, 0, '295', '05/31/2012 星期二', '8:00  a.m. - 87 Bowery, New York, NY 10002 (Chinatown (Manhattan)'),
(223, 66, 0x613a33303a7b693a303b733a313a2261223b693a313b733a303a22223b693a323b733a303a22223b693a333b733a303a22223b693a343b733a303a22223b693a353b733a303a22223b693a363b733a303a22223b693a373b733a303a22223b693a383b733a303a22223b693a393b733a303a22223b693a31303b733a303a22223b693a31313b733a303a22223b693a31323b733a303a22223b693a31333b733a303a22223b693a31343b733a303a22223b693a31353b733a303a22223b693a31363b733a303a22223b693a31373b733a303a22223b693a31383b733a303a22223b693a31393b733a303a22223b693a32303b733a303a22223b693a32313b733a303a22223b693a32323b733a303a22223b693a32333b733a303a22223b693a32343b733a303a22223b693a32353b733a303a22223b693a32363b733a303a22223b693a32373b733a303a22223b693a32383b733a303a22223b693a32393b733a303a22223b7d, 1, 0, '315', ' 05/14/2012 星期五', '8: 50早上- (金門超市)511 Old Past Rd. Edison NJ08817. '),
(224, 75, 0x613a33303a7b693a303b733a333a22616167223b693a313b733a313a2261223b693a323b733a313a2264223b693a333b733a313a2267223b693a343b733a303a22223b693a353b733a303a22223b693a363b733a303a22223b693a373b733a303a22223b693a383b733a303a22223b693a393b733a303a22223b693a31303b733a303a22223b693a31313b733a303a22223b693a31323b733a303a22223b693a31333b733a303a22223b693a31343b733a303a22223b693a31353b733a303a22223b693a31363b733a303a22223b693a31373b733a303a22223b693a31383b733a303a22223b693a31393b733a303a22223b693a32303b733a303a22223b693a32313b733a303a22223b693a32323b733a303a22223b693a32333b733a303a22223b693a32343b733a303a22223b693a32353b733a303a22223b693a32363b733a303a22223b693a32373b733a303a22223b693a32383b733a303a22223b693a32393b733a303a22223b7d, 4, 0, '1790', '', '8:00  a.m. - 87 Bowery, New York, NY10002(Chinatown).'),
(225, 72, 0x613a33303a7b693a303b733a313a2231223b693a313b733a313a2231223b693a323b733a303a22223b693a333b733a303a22223b693a343b733a303a22223b693a353b733a303a22223b693a363b733a303a22223b693a373b733a303a22223b693a383b733a303a22223b693a393b733a303a22223b693a31303b733a303a22223b693a31313b733a303a22223b693a31323b733a303a22223b693a31333b733a303a22223b693a31343b733a303a22223b693a31353b733a303a22223b693a31363b733a303a22223b693a31373b733a303a22223b693a31383b733a303a22223b693a31393b733a303a22223b693a32303b733a303a22223b693a32313b733a303a22223b693a32323b733a303a22223b693a32333b733a303a22223b693a32343b733a303a22223b693a32353b733a303a22223b693a32363b733a303a22223b693a32373b733a303a22223b693a32383b733a303a22223b693a32393b733a303a22223b7d, 2, 0, '14', '', '7:00 a.m.- 135-20 39th Ave, Flushing, NY 11354 (Sheraton Hotel) .'),
(226, 72, 0x613a33303a7b693a303b733a313a2264223b693a313b733a313a2273223b693a323b733a303a22223b693a333b733a303a22223b693a343b733a303a22223b693a353b733a303a22223b693a363b733a303a22223b693a373b733a303a22223b693a383b733a303a22223b693a393b733a303a22223b693a31303b733a303a22223b693a31313b733a303a22223b693a31323b733a303a22223b693a31333b733a303a22223b693a31343b733a303a22223b693a31353b733a303a22223b693a31363b733a303a22223b693a31373b733a303a22223b693a31383b733a303a22223b693a31393b733a303a22223b693a32303b733a303a22223b693a32313b733a303a22223b693a32323b733a303a22223b693a32333b733a303a22223b693a32343b733a303a22223b693a32353b733a303a22223b693a32363b733a303a22223b693a32373b733a303a22223b693a32383b733a303a22223b693a32393b733a303a22223b7d, 2, 0, '14', '', '7:00 a.m.- 135-20 39th Ave, Flushing, NY 11354 (Sheraton Hotel) .'),
(227, 70, 0x613a33303a7b693a303b733a313a2261223b693a313b733a303a22223b693a323b733a303a22223b693a333b733a303a22223b693a343b733a303a22223b693a353b733a303a22223b693a363b733a303a22223b693a373b733a303a22223b693a383b733a303a22223b693a393b733a303a22223b693a31303b733a303a22223b693a31313b733a303a22223b693a31323b733a303a22223b693a31333b733a303a22223b693a31343b733a303a22223b693a31353b733a303a22223b693a31363b733a303a22223b693a31373b733a303a22223b693a31383b733a303a22223b693a31393b733a303a22223b693a32303b733a303a22223b693a32313b733a303a22223b693a32323b733a303a22223b693a32333b733a303a22223b693a32343b733a303a22223b693a32353b733a303a22223b693a32363b733a303a22223b693a32373b733a303a22223b693a32383b733a303a22223b693a32393b733a303a22223b7d, 1, 0, '295', '05/31/2012 Tuesday', '8:00  a.m. - 87 Bowery, New York, NY10002(Chinatown).'),
(228, 75, 0x613a33303a7b693a303b733a313a2264223b693a313b733a303a22223b693a323b733a303a22223b693a333b733a303a22223b693a343b733a303a22223b693a353b733a303a22223b693a363b733a303a22223b693a373b733a303a22223b693a383b733a303a22223b693a393b733a303a22223b693a31303b733a303a22223b693a31313b733a303a22223b693a31323b733a303a22223b693a31333b733a303a22223b693a31343b733a303a22223b693a31353b733a303a22223b693a31363b733a303a22223b693a31373b733a303a22223b693a31383b733a303a22223b693a31393b733a303a22223b693a32303b733a303a22223b693a32313b733a303a22223b693a32323b733a303a22223b693a32333b733a303a22223b693a32343b733a303a22223b693a32353b733a303a22223b693a32363b733a303a22223b693a32373b733a303a22223b693a32383b733a303a22223b693a32393b733a303a22223b7d, 1, 0, '575', '', '8:00  a.m. - 87 Bowery, New York, NY10002(Chinatown).'),
(229, 73, 0x613a33303a7b693a303b733a313a2231223b693a313b733a313a2273223b693a323b733a303a22223b693a333b733a303a22223b693a343b733a303a22223b693a353b733a303a22223b693a363b733a303a22223b693a373b733a303a22223b693a383b733a303a22223b693a393b733a303a22223b693a31303b733a303a22223b693a31313b733a303a22223b693a31323b733a303a22223b693a31333b733a303a22223b693a31343b733a303a22223b693a31353b733a303a22223b693a31363b733a303a22223b693a31373b733a303a22223b693a31383b733a303a22223b693a31393b733a303a22223b693a32303b733a303a22223b693a32313b733a303a22223b693a32323b733a303a22223b693a32333b733a303a22223b693a32343b733a303a22223b693a32353b733a303a22223b693a32363b733a303a22223b693a32373b733a303a22223b693a32383b733a303a22223b693a32393b733a303a22223b7d, 2, 0, '1864', '', '8:00  a.m. - 87 Bowery, New York, NY10002(Chinatown).'),
(230, 66, 0x613a33303a7b693a303b733a343a2274657374223b693a313b733a303a22223b693a323b733a303a22223b693a333b733a303a22223b693a343b733a303a22223b693a353b733a303a22223b693a363b733a303a22223b693a373b733a303a22223b693a383b733a303a22223b693a393b733a303a22223b693a31303b733a303a22223b693a31313b733a303a22223b693a31323b733a303a22223b693a31333b733a303a22223b693a31343b733a303a22223b693a31353b733a303a22223b693a31363b733a303a22223b693a31373b733a303a22223b693a31383b733a303a22223b693a31393b733a303a22223b693a32303b733a303a22223b693a32313b733a303a22223b693a32323b733a303a22223b693a32333b733a303a22223b693a32343b733a303a22223b693a32353b733a303a22223b693a32363b733a303a22223b693a32373b733a303a22223b693a32383b733a303a22223b693a32393b733a303a22223b7d, 1, 0, '315', '05/14/2012 Friday', '8.50 a.m. -511, Old Post Rd NJ08817  (Kam Mun Super Market)'),
(231, 66, 0x613a33303a7b693a303b733a313a2261223b693a313b733a303a22223b693a323b733a303a22223b693a333b733a303a22223b693a343b733a303a22223b693a353b733a303a22223b693a363b733a303a22223b693a373b733a303a22223b693a383b733a303a22223b693a393b733a303a22223b693a31303b733a303a22223b693a31313b733a303a22223b693a31323b733a303a22223b693a31333b733a303a22223b693a31343b733a303a22223b693a31353b733a303a22223b693a31363b733a303a22223b693a31373b733a303a22223b693a31383b733a303a22223b693a31393b733a303a22223b693a32303b733a303a22223b693a32313b733a303a22223b693a32323b733a303a22223b693a32333b733a303a22223b693a32343b733a303a22223b693a32353b733a303a22223b693a32363b733a303a22223b693a32373b733a303a22223b693a32383b733a303a22223b693a32393b733a303a22223b7d, 1, 0, '315', '05/14/2012 Friday', '8.50 a.m. -511, Old Post Rd NJ08817  (Kam Mun Super Market)'),
(232, 66, 0x613a33303a7b693a303b733a313a2261223b693a313b733a303a22223b693a323b733a303a22223b693a333b733a303a22223b693a343b733a303a22223b693a353b733a303a22223b693a363b733a303a22223b693a373b733a303a22223b693a383b733a303a22223b693a393b733a303a22223b693a31303b733a303a22223b693a31313b733a303a22223b693a31323b733a303a22223b693a31333b733a303a22223b693a31343b733a303a22223b693a31353b733a303a22223b693a31363b733a303a22223b693a31373b733a303a22223b693a31383b733a303a22223b693a31393b733a303a22223b693a32303b733a303a22223b693a32313b733a303a22223b693a32323b733a303a22223b693a32333b733a303a22223b693a32343b733a303a22223b693a32353b733a303a22223b693a32363b733a303a22223b693a32373b733a303a22223b693a32383b733a303a22223b693a32393b733a303a22223b7d, 1, 0, '315', '05/14/2012 Friday', '8.50 a.m. -511, Old Post Rd NJ08817  (Kam Mun Super Market)'),
(233, 66, 0x613a33303a7b693a303b733a313a2261223b693a313b733a303a22223b693a323b733a303a22223b693a333b733a303a22223b693a343b733a303a22223b693a353b733a303a22223b693a363b733a303a22223b693a373b733a303a22223b693a383b733a303a22223b693a393b733a303a22223b693a31303b733a303a22223b693a31313b733a303a22223b693a31323b733a303a22223b693a31333b733a303a22223b693a31343b733a303a22223b693a31353b733a303a22223b693a31363b733a303a22223b693a31373b733a303a22223b693a31383b733a303a22223b693a31393b733a303a22223b693a32303b733a303a22223b693a32313b733a303a22223b693a32323b733a303a22223b693a32333b733a303a22223b693a32343b733a303a22223b693a32353b733a303a22223b693a32363b733a303a22223b693a32373b733a303a22223b693a32383b733a303a22223b693a32393b733a303a22223b7d, 1, 0, '315', '05/14/2012 Friday', '8.50 a.m. -511, Old Post Rd NJ08817  (Kam Mun Super Market)'),
(234, 66, 0x613a33303a7b693a303b733a313a2261223b693a313b733a303a22223b693a323b733a303a22223b693a333b733a303a22223b693a343b733a303a22223b693a353b733a303a22223b693a363b733a303a22223b693a373b733a303a22223b693a383b733a303a22223b693a393b733a303a22223b693a31303b733a303a22223b693a31313b733a303a22223b693a31323b733a303a22223b693a31333b733a303a22223b693a31343b733a303a22223b693a31353b733a303a22223b693a31363b733a303a22223b693a31373b733a303a22223b693a31383b733a303a22223b693a31393b733a303a22223b693a32303b733a303a22223b693a32313b733a303a22223b693a32323b733a303a22223b693a32333b733a303a22223b693a32343b733a303a22223b693a32353b733a303a22223b693a32363b733a303a22223b693a32373b733a303a22223b693a32383b733a303a22223b693a32393b733a303a22223b7d, 1, 0, '315', '05/14/2012 Friday', '8.50 a.m. -511, Old Post Rd NJ08817  (Kam Mun Super Market)'),
(235, 66, 0x613a33303a7b693a303b733a313a2261223b693a313b733a303a22223b693a323b733a303a22223b693a333b733a303a22223b693a343b733a303a22223b693a353b733a303a22223b693a363b733a303a22223b693a373b733a303a22223b693a383b733a303a22223b693a393b733a303a22223b693a31303b733a303a22223b693a31313b733a303a22223b693a31323b733a303a22223b693a31333b733a303a22223b693a31343b733a303a22223b693a31353b733a303a22223b693a31363b733a303a22223b693a31373b733a303a22223b693a31383b733a303a22223b693a31393b733a303a22223b693a32303b733a303a22223b693a32313b733a303a22223b693a32323b733a303a22223b693a32333b733a303a22223b693a32343b733a303a22223b693a32353b733a303a22223b693a32363b733a303a22223b693a32373b733a303a22223b693a32383b733a303a22223b693a32393b733a303a22223b7d, 1, 0, '315', '05/14/2012 Friday', '8.50 a.m. -511, Old Post Rd NJ08817  (Kam Mun Super Market)');
INSERT INTO `order_journal` (`journal_id`, `product_id`, `Tname`, `Torder_adult`, `Torder_child`, `Order_Total`, `departdate`, `busstation`) VALUES
(236, 66, 0x613a33303a7b693a303b733a313a2261223b693a313b733a303a22223b693a323b733a303a22223b693a333b733a303a22223b693a343b733a303a22223b693a353b733a303a22223b693a363b733a303a22223b693a373b733a303a22223b693a383b733a303a22223b693a393b733a303a22223b693a31303b733a303a22223b693a31313b733a303a22223b693a31323b733a303a22223b693a31333b733a303a22223b693a31343b733a303a22223b693a31353b733a303a22223b693a31363b733a303a22223b693a31373b733a303a22223b693a31383b733a303a22223b693a31393b733a303a22223b693a32303b733a303a22223b693a32313b733a303a22223b693a32323b733a303a22223b693a32333b733a303a22223b693a32343b733a303a22223b693a32353b733a303a22223b693a32363b733a303a22223b693a32373b733a303a22223b693a32383b733a303a22223b693a32393b733a303a22223b7d, 1, 0, '315', '05/14/2012 Friday', '8.50 a.m. -511, Old Post Rd NJ08817  (Kam Mun Super Market)'),
(237, 66, 0x613a33303a7b693a303b733a313a2261223b693a313b733a303a22223b693a323b733a303a22223b693a333b733a303a22223b693a343b733a303a22223b693a353b733a303a22223b693a363b733a303a22223b693a373b733a303a22223b693a383b733a303a22223b693a393b733a303a22223b693a31303b733a303a22223b693a31313b733a303a22223b693a31323b733a303a22223b693a31333b733a303a22223b693a31343b733a303a22223b693a31353b733a303a22223b693a31363b733a303a22223b693a31373b733a303a22223b693a31383b733a303a22223b693a31393b733a303a22223b693a32303b733a303a22223b693a32313b733a303a22223b693a32323b733a303a22223b693a32333b733a303a22223b693a32343b733a303a22223b693a32353b733a303a22223b693a32363b733a303a22223b693a32373b733a303a22223b693a32383b733a303a22223b693a32393b733a303a22223b7d, 1, 0, '315', '05/14/2012 Friday', '8.50 a.m. -511, Old Post Rd NJ08817  (Kam Mun Super Market)'),
(238, 66, 0x613a33303a7b693a303b733a313a2261223b693a313b733a303a22223b693a323b733a303a22223b693a333b733a303a22223b693a343b733a303a22223b693a353b733a303a22223b693a363b733a303a22223b693a373b733a303a22223b693a383b733a303a22223b693a393b733a303a22223b693a31303b733a303a22223b693a31313b733a303a22223b693a31323b733a303a22223b693a31333b733a303a22223b693a31343b733a303a22223b693a31353b733a303a22223b693a31363b733a303a22223b693a31373b733a303a22223b693a31383b733a303a22223b693a31393b733a303a22223b693a32303b733a303a22223b693a32313b733a303a22223b693a32323b733a303a22223b693a32333b733a303a22223b693a32343b733a303a22223b693a32353b733a303a22223b693a32363b733a303a22223b693a32373b733a303a22223b693a32383b733a303a22223b693a32393b733a303a22223b7d, 1, 0, '315', '05/14/2012 Friday', '8.50 a.m. -511, Old Post Rd NJ08817  (Kam Mun Super Market)'),
(239, 66, 0x613a33303a7b693a303b733a313a2261223b693a313b733a303a22223b693a323b733a303a22223b693a333b733a303a22223b693a343b733a303a22223b693a353b733a303a22223b693a363b733a303a22223b693a373b733a303a22223b693a383b733a303a22223b693a393b733a303a22223b693a31303b733a303a22223b693a31313b733a303a22223b693a31323b733a303a22223b693a31333b733a303a22223b693a31343b733a303a22223b693a31353b733a303a22223b693a31363b733a303a22223b693a31373b733a303a22223b693a31383b733a303a22223b693a31393b733a303a22223b693a32303b733a303a22223b693a32313b733a303a22223b693a32323b733a303a22223b693a32333b733a303a22223b693a32343b733a303a22223b693a32353b733a303a22223b693a32363b733a303a22223b693a32373b733a303a22223b693a32383b733a303a22223b693a32393b733a303a22223b7d, 1, 0, '315', '05/14/2012 Friday', '8.50 a.m. -511, Old Post Rd NJ08817  (Kam Mun Super Market)'),
(240, 75, 0x613a33303a7b693a303b733a353a226a61736f6e223b693a313b733a303a22223b693a323b733a303a22223b693a333b733a303a22223b693a343b733a303a22223b693a353b733a303a22223b693a363b733a303a22223b693a373b733a303a22223b693a383b733a303a22223b693a393b733a303a22223b693a31303b733a303a22223b693a31313b733a303a22223b693a31323b733a303a22223b693a31333b733a303a22223b693a31343b733a303a22223b693a31353b733a303a22223b693a31363b733a303a22223b693a31373b733a303a22223b693a31383b733a303a22223b693a31393b733a303a22223b693a32303b733a303a22223b693a32313b733a303a22223b693a32323b733a303a22223b693a32333b733a303a22223b693a32343b733a303a22223b693a32353b733a303a22223b693a32363b733a303a22223b693a32373b733a303a22223b693a32383b733a303a22223b693a32393b733a303a22223b7d, 1, 0, '575', '07/18/2012 星期二', '8:00  a.m. - 87 Bowery, New York, NY 10002 (Chinatown (Manhattan)'),
(241, 75, 0x613a33303a7b693a303b733a313a2273223b693a313b733a303a22223b693a323b733a303a22223b693a333b733a303a22223b693a343b733a303a22223b693a353b733a303a22223b693a363b733a303a22223b693a373b733a303a22223b693a383b733a303a22223b693a393b733a303a22223b693a31303b733a303a22223b693a31313b733a303a22223b693a31323b733a303a22223b693a31333b733a303a22223b693a31343b733a303a22223b693a31353b733a303a22223b693a31363b733a303a22223b693a31373b733a303a22223b693a31383b733a303a22223b693a31393b733a303a22223b693a32303b733a303a22223b693a32313b733a303a22223b693a32323b733a303a22223b693a32333b733a303a22223b693a32343b733a303a22223b693a32353b733a303a22223b693a32363b733a303a22223b693a32373b733a303a22223b693a32383b733a303a22223b693a32393b733a303a22223b7d, 1, 0, '575', '05/16/2012 星期一', '8:00  a.m. - 87 Bowery, New York, NY 10002 (Chinatown (Manhattan)'),
(242, 65, 0x613a33303a7b693a303b733a313a2261223b693a313b733a313a2261223b693a323b733a303a22223b693a333b733a303a22223b693a343b733a303a22223b693a353b733a303a22223b693a363b733a303a22223b693a373b733a303a22223b693a383b733a303a22223b693a393b733a303a22223b693a31303b733a303a22223b693a31313b733a303a22223b693a31323b733a303a22223b693a31333b733a303a22223b693a31343b733a303a22223b693a31353b733a303a22223b693a31363b733a303a22223b693a31373b733a303a22223b693a31383b733a303a22223b693a31393b733a303a22223b693a32303b733a303a22223b693a32313b733a303a22223b693a32323b733a303a22223b693a32333b733a303a22223b693a32343b733a303a22223b693a32353b733a303a22223b693a32363b733a303a22223b693a32373b733a303a22223b693a32383b733a303a22223b693a32393b733a303a22223b7d, 2, 0, '280', '05/28/2012 星期二', '8:00  a.m. - 87 Bowery, New York, NY 10002 (Chinatown (Manhattan)'),
(243, 72, 0x613a33303a7b693a303b733a313a2273223b693a313b733a313a2261223b693a323b733a313a2261223b693a333b733a313a2264223b693a343b733a303a22223b693a353b733a303a22223b693a363b733a303a22223b693a373b733a303a22223b693a383b733a303a22223b693a393b733a303a22223b693a31303b733a303a22223b693a31313b733a303a22223b693a31323b733a303a22223b693a31333b733a303a22223b693a31343b733a303a22223b693a31353b733a303a22223b693a31363b733a303a22223b693a31373b733a303a22223b693a31383b733a303a22223b693a31393b733a303a22223b693a32303b733a303a22223b693a32313b733a303a22223b693a32323b733a303a22223b693a32333b733a303a22223b693a32343b733a303a22223b693a32353b733a303a22223b693a32363b733a303a22223b693a32373b733a303a22223b693a32383b733a303a22223b693a32393b733a303a22223b7d, 4, 0, '28', '', '7:00 a.m.- 135-20 39th Ave, Flushing, NY 11354 (喜来登酒店l) .'),
(244, 73, 0x613a33303a7b693a303b733a353a226364736364223b693a313b733a353a226466736173223b693a323b733a343a2264736661223b693a333b733a363a22736466616473223b693a343b733a363a22736166617364223b693a353b733a363a22736466646173223b693a363b733a353a226473666173223b693a373b733a343a2264736661223b693a383b733a303a22223b693a393b733a303a22223b693a31303b733a303a22223b693a31313b733a303a22223b693a31323b733a303a22223b693a31333b733a303a22223b693a31343b733a303a22223b693a31353b733a303a22223b693a31363b733a303a22223b693a31373b733a303a22223b693a31383b733a303a22223b693a31393b733a303a22223b693a32303b733a303a22223b693a32313b733a303a22223b693a32323b733a303a22223b693a32333b733a303a22223b693a32343b733a303a22223b693a32353b733a303a22223b693a32363b733a303a22223b693a32373b733a303a22223b693a32383b733a303a22223b693a32393b733a303a22223b7d, 2, 1, '2164', '05/25/2012 星期三', '8:00  a.m. - 87 Bowery, New York, NY 10002 (Chinatown (Manhattan)'),
(245, 65, 0x613a33303a7b693a303b733a333a22497679223b693a313b733a333a22456c69223b693a323b733a353a224d6f6c6c79223b693a333b733a303a22223b693a343b733a303a22223b693a353b733a303a22223b693a363b733a303a22223b693a373b733a303a22223b693a383b733a303a22223b693a393b733a303a22223b693a31303b733a303a22223b693a31313b733a303a22223b693a31323b733a303a22223b693a31333b733a303a22223b693a31343b733a303a22223b693a31353b733a303a22223b693a31363b733a303a22223b693a31373b733a303a22223b693a31383b733a303a22223b693a31393b733a303a22223b693a32303b733a303a22223b693a32313b733a303a22223b693a32323b733a303a22223b693a32333b733a303a22223b693a32343b733a303a22223b693a32353b733a303a22223b693a32363b733a303a22223b693a32373b733a303a22223b693a32383b733a303a22223b693a32393b733a303a22223b7d, 3, 0, '460', ' 05/28/2012 星期二', '8:00  a.m. - 87 Bowery, New York, NY 10002 (Chinatown (Manhattan)'),
(246, 65, 0x613a33303a7b693a303b733a333a22497679223b693a313b733a333a22456c69223b693a323b733a353a224d6f6c6c79223b693a333b733a303a22223b693a343b733a303a22223b693a353b733a303a22223b693a363b733a303a22223b693a373b733a303a22223b693a383b733a303a22223b693a393b733a303a22223b693a31303b733a303a22223b693a31313b733a303a22223b693a31323b733a303a22223b693a31333b733a303a22223b693a31343b733a303a22223b693a31353b733a303a22223b693a31363b733a303a22223b693a31373b733a303a22223b693a31383b733a303a22223b693a31393b733a303a22223b693a32303b733a303a22223b693a32313b733a303a22223b693a32323b733a303a22223b693a32333b733a303a22223b693a32343b733a303a22223b693a32353b733a303a22223b693a32363b733a303a22223b693a32373b733a303a22223b693a32383b733a303a22223b693a32393b733a303a22223b7d, 3, 0, '460', ' 05/28/2012 星期二', '8:00  a.m. - 87 Bowery, New York, NY 10002 (Chinatown (Manhattan)'),
(247, 65, 0x613a33303a7b693a303b733a333a22497679223b693a313b733a333a22456c69223b693a323b733a353a224d6f6c6c79223b693a333b733a303a22223b693a343b733a303a22223b693a353b733a303a22223b693a363b733a303a22223b693a373b733a303a22223b693a383b733a303a22223b693a393b733a303a22223b693a31303b733a303a22223b693a31313b733a303a22223b693a31323b733a303a22223b693a31333b733a303a22223b693a31343b733a303a22223b693a31353b733a303a22223b693a31363b733a303a22223b693a31373b733a303a22223b693a31383b733a303a22223b693a31393b733a303a22223b693a32303b733a303a22223b693a32313b733a303a22223b693a32323b733a303a22223b693a32333b733a303a22223b693a32343b733a303a22223b693a32353b733a303a22223b693a32363b733a303a22223b693a32373b733a303a22223b693a32383b733a303a22223b693a32393b733a303a22223b7d, 3, 0, '460', ' 05/28/2012 星期二', '8:00  a.m. - 87 Bowery, New York, NY 10002 (Chinatown (Manhattan)'),
(248, 66, 0x613a33303a7b693a303b733a343a2274657374223b693a313b733a303a22223b693a323b733a303a22223b693a333b733a303a22223b693a343b733a303a22223b693a353b733a303a22223b693a363b733a303a22223b693a373b733a303a22223b693a383b733a303a22223b693a393b733a303a22223b693a31303b733a303a22223b693a31313b733a303a22223b693a31323b733a303a22223b693a31333b733a303a22223b693a31343b733a303a22223b693a31353b733a303a22223b693a31363b733a303a22223b693a31373b733a303a22223b693a31383b733a303a22223b693a31393b733a303a22223b693a32303b733a303a22223b693a32313b733a303a22223b693a32323b733a303a22223b693a32333b733a303a22223b693a32343b733a303a22223b693a32353b733a303a22223b693a32363b733a303a22223b693a32373b733a303a22223b693a32383b733a303a22223b693a32393b733a303a22223b7d, 1, 0, '315', '05/28/2012 Tuesday', '8.50 a.m. -511, Old Post Rd NJ08817  (Kam Mun Super Market)'),
(249, 70, 0x613a33303a7b693a303b733a343a2266736466223b693a313b733a303a22223b693a323b733a303a22223b693a333b733a303a22223b693a343b733a303a22223b693a353b733a303a22223b693a363b733a303a22223b693a373b733a303a22223b693a383b733a303a22223b693a393b733a303a22223b693a31303b733a303a22223b693a31313b733a303a22223b693a31323b733a303a22223b693a31333b733a303a22223b693a31343b733a303a22223b693a31353b733a303a22223b693a31363b733a303a22223b693a31373b733a303a22223b693a31383b733a303a22223b693a31393b733a303a22223b693a32303b733a303a22223b693a32313b733a303a22223b693a32323b733a303a22223b693a32333b733a303a22223b693a32343b733a303a22223b693a32353b733a303a22223b693a32363b733a303a22223b693a32373b733a303a22223b693a32383b733a303a22223b693a32393b733a303a22223b7d, 1, 0, '295', '05/31/2012 Tuesday', '8:00  a.m. - 87 Bowery, New York, NY10002(Chinatown).'),
(250, 78, 0x613a33303a7b693a303b733a333a22667364223b693a313b733a303a22223b693a323b733a303a22223b693a333b733a303a22223b693a343b733a303a22223b693a353b733a303a22223b693a363b733a303a22223b693a373b733a303a22223b693a383b733a303a22223b693a393b733a303a22223b693a31303b733a303a22223b693a31313b733a303a22223b693a31323b733a303a22223b693a31333b733a303a22223b693a31343b733a303a22223b693a31353b733a303a22223b693a31363b733a303a22223b693a31373b733a303a22223b693a31383b733a303a22223b693a31393b733a303a22223b693a32303b733a303a22223b693a32313b733a303a22223b693a32323b733a303a22223b693a32333b733a303a22223b693a32343b733a303a22223b693a32353b733a303a22223b693a32363b733a303a22223b693a32373b733a303a22223b693a32383b733a303a22223b693a32393b733a303a22223b7d, 1, 0, '630', '05/27/2012 Saturday', 'Honolulu Airport Transfer to Hotel'),
(251, 65, 0x613a33303a7b693a303b733a313a2273223b693a313b733a303a22223b693a323b733a303a22223b693a333b733a303a22223b693a343b733a303a22223b693a353b733a303a22223b693a363b733a303a22223b693a373b733a303a22223b693a383b733a303a22223b693a393b733a303a22223b693a31303b733a303a22223b693a31313b733a303a22223b693a31323b733a303a22223b693a31333b733a303a22223b693a31343b733a303a22223b693a31353b733a303a22223b693a31363b733a303a22223b693a31373b733a303a22223b693a31383b733a303a22223b693a31393b733a303a22223b693a32303b733a303a22223b693a32313b733a303a22223b693a32323b733a303a22223b693a32333b733a303a22223b693a32343b733a303a22223b693a32353b733a303a22223b693a32363b733a303a22223b693a32373b733a303a22223b693a32383b733a303a22223b693a32393b733a303a22223b7d, 1, 0, '180', '05/28/2012 Tuesday', '8:00  a.m. - 87 Bowery, New York, NY10002(Chinatown).'),
(252, 78, 0x613a33303a7b693a303b733a313a2273223b693a313b733a303a22223b693a323b733a303a22223b693a333b733a303a22223b693a343b733a303a22223b693a353b733a303a22223b693a363b733a303a22223b693a373b733a303a22223b693a383b733a303a22223b693a393b733a303a22223b693a31303b733a303a22223b693a31313b733a303a22223b693a31323b733a303a22223b693a31333b733a303a22223b693a31343b733a303a22223b693a31353b733a303a22223b693a31363b733a303a22223b693a31373b733a303a22223b693a31383b733a303a22223b693a31393b733a303a22223b693a32303b733a303a22223b693a32313b733a303a22223b693a32323b733a303a22223b693a32333b733a303a22223b693a32343b733a303a22223b693a32353b733a303a22223b693a32363b733a303a22223b693a32373b733a303a22223b693a32383b733a303a22223b693a32393b733a303a22223b7d, 1, 0, '630', '05/27/2012 Saturday', 'Honolulu Airport Transfer to Hotel'),
(253, 75, 0x613a33303a7b693a303b733a313a2264223b693a313b733a313a2273223b693a323b733a303a22223b693a333b733a303a22223b693a343b733a303a22223b693a353b733a303a22223b693a363b733a303a22223b693a373b733a303a22223b693a383b733a303a22223b693a393b733a303a22223b693a31303b733a303a22223b693a31313b733a303a22223b693a31323b733a303a22223b693a31333b733a303a22223b693a31343b733a303a22223b693a31353b733a303a22223b693a31363b733a303a22223b693a31373b733a303a22223b693a31383b733a303a22223b693a31393b733a303a22223b693a32303b733a303a22223b693a32313b733a303a22223b693a32323b733a303a22223b693a32333b733a303a22223b693a32343b733a303a22223b693a32353b733a303a22223b693a32363b733a303a22223b693a32373b733a303a22223b693a32383b733a303a22223b693a32393b733a303a22223b7d, 2, 0, '895', '05/30/2012 星期日', '8:00  a.m. - 87 Bowery, New York, NY 10002 (Chinatown (Manhattan)'),
(254, 75, 0x613a33303a7b693a303b733a333a22e698af223b693a313b733a333a22e58f91223b693a323b733a333a22e697a5223b693a333b733a333a22e697a5223b693a343b733a303a22223b693a353b733a303a22223b693a363b733a303a22223b693a373b733a303a22223b693a383b733a303a22223b693a393b733a303a22223b693a31303b733a303a22223b693a31313b733a303a22223b693a31323b733a303a22223b693a31333b733a303a22223b693a31343b733a303a22223b693a31353b733a303a22223b693a31363b733a303a22223b693a31373b733a303a22223b693a31383b733a303a22223b693a31393b733a303a22223b693a32303b733a303a22223b693a32313b733a303a22223b693a32323b733a303a22223b693a32333b733a303a22223b693a32343b733a303a22223b693a32353b733a303a22223b693a32363b733a303a22223b693a32373b733a303a22223b693a32383b733a303a22223b693a32393b733a303a22223b7d, 4, 0, '1790', '05/30/2012 星期日', '8:00  a.m. - 87 Bowery, New York, NY 10002 (Chinatown (Manhattan)'),
(255, 65, 0x613a33303a7b693a303b733a313a2273223b693a313b733a303a22223b693a323b733a303a22223b693a333b733a303a22223b693a343b733a303a22223b693a353b733a303a22223b693a363b733a303a22223b693a373b733a303a22223b693a383b733a303a22223b693a393b733a303a22223b693a31303b733a303a22223b693a31313b733a303a22223b693a31323b733a303a22223b693a31333b733a303a22223b693a31343b733a303a22223b693a31353b733a303a22223b693a31363b733a303a22223b693a31373b733a303a22223b693a31383b733a303a22223b693a31393b733a303a22223b693a32303b733a303a22223b693a32313b733a303a22223b693a32323b733a303a22223b693a32333b733a303a22223b693a32343b733a303a22223b693a32353b733a303a22223b693a32363b733a303a22223b693a32373b733a303a22223b693a32383b733a303a22223b693a32393b733a303a22223b7d, 1, 0, '180', '05/28/2012 Tuesday', '8:00  a.m. - 87 Bowery, New York, NY10002(Chinatown).'),
(256, 70, 0x733a303a22223b, 0, 0, '0', '', ''),
(257, 75, 0x733a303a22223b, 0, 0, '0', '', ''),
(258, 75, 0x613a33303a7b693a303b733a313a2273223b693a313b733a303a22223b693a323b733a303a22223b693a333b733a303a22223b693a343b733a303a22223b693a353b733a303a22223b693a363b733a303a22223b693a373b733a303a22223b693a383b733a303a22223b693a393b733a303a22223b693a31303b733a303a22223b693a31313b733a303a22223b693a31323b733a303a22223b693a31333b733a303a22223b693a31343b733a303a22223b693a31353b733a303a22223b693a31363b733a303a22223b693a31373b733a303a22223b693a31383b733a303a22223b693a31393b733a303a22223b693a32303b733a303a22223b693a32313b733a303a22223b693a32323b733a303a22223b693a32333b733a303a22223b693a32343b733a303a22223b693a32353b733a303a22223b693a32363b733a303a22223b693a32373b733a303a22223b693a32383b733a303a22223b693a32393b733a303a22223b7d, 1, 0, '575', '', '8:00  a.m. - 87 Bowery, New York, NY10002(Chinatown).'),
(259, 66, 0x613a33303a7b693a303b733a313a2261223b693a313b733a303a22223b693a323b733a303a22223b693a333b733a303a22223b693a343b733a303a22223b693a353b733a303a22223b693a363b733a303a22223b693a373b733a303a22223b693a383b733a303a22223b693a393b733a303a22223b693a31303b733a303a22223b693a31313b733a303a22223b693a31323b733a303a22223b693a31333b733a303a22223b693a31343b733a303a22223b693a31353b733a303a22223b693a31363b733a303a22223b693a31373b733a303a22223b693a31383b733a303a22223b693a31393b733a303a22223b693a32303b733a303a22223b693a32313b733a303a22223b693a32323b733a303a22223b693a32333b733a303a22223b693a32343b733a303a22223b693a32353b733a303a22223b693a32363b733a303a22223b693a32373b733a303a22223b693a32383b733a303a22223b693a32393b733a303a22223b7d, 1, 0, '315', '05/28/2012 Tuesday', '8.50 a.m. -511, Old Post Rd NJ08817  (Kam Mun Super Market)'),
(260, 66, 0x613a33303a7b693a303b733a313a2261223b693a313b733a303a22223b693a323b733a303a22223b693a333b733a303a22223b693a343b733a303a22223b693a353b733a303a22223b693a363b733a303a22223b693a373b733a303a22223b693a383b733a303a22223b693a393b733a303a22223b693a31303b733a303a22223b693a31313b733a303a22223b693a31323b733a303a22223b693a31333b733a303a22223b693a31343b733a303a22223b693a31353b733a303a22223b693a31363b733a303a22223b693a31373b733a303a22223b693a31383b733a303a22223b693a31393b733a303a22223b693a32303b733a303a22223b693a32313b733a303a22223b693a32323b733a303a22223b693a32333b733a303a22223b693a32343b733a303a22223b693a32353b733a303a22223b693a32363b733a303a22223b693a32373b733a303a22223b693a32383b733a303a22223b693a32393b733a303a22223b7d, 1, 0, '315', '05/28/2012 Tuesday', '8.50 a.m. -511, Old Post Rd NJ08817  (Kam Mun Super Market)'),
(261, 66, 0x613a33303a7b693a303b733a313a2261223b693a313b733a303a22223b693a323b733a303a22223b693a333b733a303a22223b693a343b733a303a22223b693a353b733a303a22223b693a363b733a303a22223b693a373b733a303a22223b693a383b733a303a22223b693a393b733a303a22223b693a31303b733a303a22223b693a31313b733a303a22223b693a31323b733a303a22223b693a31333b733a303a22223b693a31343b733a303a22223b693a31353b733a303a22223b693a31363b733a303a22223b693a31373b733a303a22223b693a31383b733a303a22223b693a31393b733a303a22223b693a32303b733a303a22223b693a32313b733a303a22223b693a32323b733a303a22223b693a32333b733a303a22223b693a32343b733a303a22223b693a32353b733a303a22223b693a32363b733a303a22223b693a32373b733a303a22223b693a32383b733a303a22223b693a32393b733a303a22223b7d, 1, 0, '315', '05/28/2012 Tuesday', '8.50 a.m. -511, Old Post Rd NJ08817  (Kam Mun Super Market)'),
(262, 66, 0x613a33303a7b693a303b733a313a2261223b693a313b733a303a22223b693a323b733a303a22223b693a333b733a303a22223b693a343b733a303a22223b693a353b733a303a22223b693a363b733a303a22223b693a373b733a303a22223b693a383b733a303a22223b693a393b733a303a22223b693a31303b733a303a22223b693a31313b733a303a22223b693a31323b733a303a22223b693a31333b733a303a22223b693a31343b733a303a22223b693a31353b733a303a22223b693a31363b733a303a22223b693a31373b733a303a22223b693a31383b733a303a22223b693a31393b733a303a22223b693a32303b733a303a22223b693a32313b733a303a22223b693a32323b733a303a22223b693a32333b733a303a22223b693a32343b733a303a22223b693a32353b733a303a22223b693a32363b733a303a22223b693a32373b733a303a22223b693a32383b733a303a22223b693a32393b733a303a22223b7d, 1, 0, '315', '05/28/2012 星期二', '8: 50早上- (金門超市)511 Old Past Rd. Edison NJ08817. '),
(263, 66, 0x613a33303a7b693a303b733a313a2261223b693a313b733a303a22223b693a323b733a303a22223b693a333b733a303a22223b693a343b733a303a22223b693a353b733a303a22223b693a363b733a303a22223b693a373b733a303a22223b693a383b733a303a22223b693a393b733a303a22223b693a31303b733a303a22223b693a31313b733a303a22223b693a31323b733a303a22223b693a31333b733a303a22223b693a31343b733a303a22223b693a31353b733a303a22223b693a31363b733a303a22223b693a31373b733a303a22223b693a31383b733a303a22223b693a31393b733a303a22223b693a32303b733a303a22223b693a32313b733a303a22223b693a32323b733a303a22223b693a32333b733a303a22223b693a32343b733a303a22223b693a32353b733a303a22223b693a32363b733a303a22223b693a32373b733a303a22223b693a32383b733a303a22223b693a32393b733a303a22223b7d, 1, 0, '315', '05/28/2012 星期二', '8: 50早上- (金門超市)511 Old Past Rd. Edison NJ08817. '),
(264, 66, 0x613a33303a7b693a303b733a313a2261223b693a313b733a303a22223b693a323b733a303a22223b693a333b733a303a22223b693a343b733a303a22223b693a353b733a303a22223b693a363b733a303a22223b693a373b733a303a22223b693a383b733a303a22223b693a393b733a303a22223b693a31303b733a303a22223b693a31313b733a303a22223b693a31323b733a303a22223b693a31333b733a303a22223b693a31343b733a303a22223b693a31353b733a303a22223b693a31363b733a303a22223b693a31373b733a303a22223b693a31383b733a303a22223b693a31393b733a303a22223b693a32303b733a303a22223b693a32313b733a303a22223b693a32323b733a303a22223b693a32333b733a303a22223b693a32343b733a303a22223b693a32353b733a303a22223b693a32363b733a303a22223b693a32373b733a303a22223b693a32383b733a303a22223b693a32393b733a303a22223b7d, 1, 0, '315', '05/28/2012 星期二', '8: 50早上- (金門超市)511 Old Past Rd. Edison NJ08817. '),
(265, 72, 0x613a33303a7b693a303b733a343a226368616e223b693a313b733a323a226162223b693a323b733a313a2262223b693a333b733a313a2263223b693a343b733a313a2264223b693a353b733a313a2265223b693a363b733a313a2266223b693a373b733a303a22223b693a383b733a303a22223b693a393b733a303a22223b693a31303b733a303a22223b693a31313b733a303a22223b693a31323b733a303a22223b693a31333b733a303a22223b693a31343b733a303a22223b693a31353b733a303a22223b693a31363b733a303a22223b693a31373b733a303a22223b693a31383b733a303a22223b693a31393b733a303a22223b693a32303b733a303a22223b693a32313b733a303a22223b693a32323b733a303a22223b693a32333b733a303a22223b693a32343b733a303a22223b693a32353b733a303a22223b693a32363b733a303a22223b693a32373b733a303a22223b693a32383b733a303a22223b693a32393b733a303a22223b7d, 5, 2, '45', ' 07/31/2012 星期五', '7:00 a.m.- 135-20 39th Ave, Flushing, NY 11354 (喜来登酒店l) .'),
(266, 66, 0x613a33303a7b693a303b733a313a2261223b693a313b733a303a22223b693a323b733a303a22223b693a333b733a303a22223b693a343b733a303a22223b693a353b733a303a22223b693a363b733a303a22223b693a373b733a303a22223b693a383b733a303a22223b693a393b733a303a22223b693a31303b733a303a22223b693a31313b733a303a22223b693a31323b733a303a22223b693a31333b733a303a22223b693a31343b733a303a22223b693a31353b733a303a22223b693a31363b733a303a22223b693a31373b733a303a22223b693a31383b733a303a22223b693a31393b733a303a22223b693a32303b733a303a22223b693a32313b733a303a22223b693a32323b733a303a22223b693a32333b733a303a22223b693a32343b733a303a22223b693a32353b733a303a22223b693a32363b733a303a22223b693a32373b733a303a22223b693a32383b733a303a22223b693a32393b733a303a22223b7d, 1, 0, '315', '05/28/2012 星期二', '8: 50早上- (金門超市)511 Old Past Rd. Edison NJ08817. '),
(267, 65, 0x613a33303a7b693a303b733a313a2273223b693a313b733a303a22223b693a323b733a303a22223b693a333b733a303a22223b693a343b733a303a22223b693a353b733a303a22223b693a363b733a303a22223b693a373b733a303a22223b693a383b733a303a22223b693a393b733a303a22223b693a31303b733a303a22223b693a31313b733a303a22223b693a31323b733a303a22223b693a31333b733a303a22223b693a31343b733a303a22223b693a31353b733a303a22223b693a31363b733a303a22223b693a31373b733a303a22223b693a31383b733a303a22223b693a31393b733a303a22223b693a32303b733a303a22223b693a32313b733a303a22223b693a32323b733a303a22223b693a32333b733a303a22223b693a32343b733a303a22223b693a32353b733a303a22223b693a32363b733a303a22223b693a32373b733a303a22223b693a32383b733a303a22223b693a32393b733a303a22223b7d, 1, 0, '180', '05/28/2012 星期二', '8:00  a.m. - 87 Bowery, New York, NY 10002 (Chinatown (Manhattan)'),
(268, 65, 0x613a33303a7b693a303b733a313a2264223b693a313b733a303a22223b693a323b733a303a22223b693a333b733a303a22223b693a343b733a303a22223b693a353b733a303a22223b693a363b733a303a22223b693a373b733a303a22223b693a383b733a303a22223b693a393b733a303a22223b693a31303b733a303a22223b693a31313b733a303a22223b693a31323b733a303a22223b693a31333b733a303a22223b693a31343b733a303a22223b693a31353b733a303a22223b693a31363b733a303a22223b693a31373b733a303a22223b693a31383b733a303a22223b693a31393b733a303a22223b693a32303b733a303a22223b693a32313b733a303a22223b693a32323b733a303a22223b693a32333b733a303a22223b693a32343b733a303a22223b693a32353b733a303a22223b693a32363b733a303a22223b693a32373b733a303a22223b693a32383b733a303a22223b693a32393b733a303a22223b7d, 1, 0, '180', '05/28/2012 星期二', '8:00  a.m. - 87 Bowery, New York, NY 10002 (Chinatown (Manhattan)'),
(269, 70, 0x613a33303a7b693a303b733a343a2265727465223b693a313b733a333a22657274223b693a323b733a303a22223b693a333b733a303a22223b693a343b733a303a22223b693a353b733a303a22223b693a363b733a303a22223b693a373b733a303a22223b693a383b733a303a22223b693a393b733a303a22223b693a31303b733a303a22223b693a31313b733a303a22223b693a31323b733a303a22223b693a31333b733a303a22223b693a31343b733a303a22223b693a31353b733a303a22223b693a31363b733a303a22223b693a31373b733a303a22223b693a31383b733a303a22223b693a31393b733a303a22223b693a32303b733a303a22223b693a32313b733a303a22223b693a32323b733a303a22223b693a32333b733a303a22223b693a32343b733a303a22223b693a32353b733a303a22223b693a32363b733a303a22223b693a32373b733a303a22223b693a32383b733a303a22223b693a32393b733a303a22223b7d, 1, 1, '450', '05/31/2012 星期二', '8:00  a.m. - 87 Bowery, New York, NY 10002 (Chinatown (Manhattan)'),
(270, 70, 0x613a33303a7b693a303b733a323a227364223b693a313b733a303a22223b693a323b733a303a22223b693a333b733a303a22223b693a343b733a303a22223b693a353b733a303a22223b693a363b733a303a22223b693a373b733a303a22223b693a383b733a303a22223b693a393b733a303a22223b693a31303b733a303a22223b693a31313b733a303a22223b693a31323b733a303a22223b693a31333b733a303a22223b693a31343b733a303a22223b693a31353b733a303a22223b693a31363b733a303a22223b693a31373b733a303a22223b693a31383b733a303a22223b693a31393b733a303a22223b693a32303b733a303a22223b693a32313b733a303a22223b693a32323b733a303a22223b693a32333b733a303a22223b693a32343b733a303a22223b693a32353b733a303a22223b693a32363b733a303a22223b693a32373b733a303a22223b693a32383b733a303a22223b693a32393b733a303a22223b7d, 1, 0, '295', '05/31/2012 星期二', '8:00  a.m. - 87 Bowery, New York, NY 10002 (Chinatown (Manhattan)'),
(271, 72, 0x613a33303a7b693a303b733a323a223132223b693a313b733a303a22223b693a323b733a303a22223b693a333b733a303a22223b693a343b733a303a22223b693a353b733a303a22223b693a363b733a303a22223b693a373b733a303a22223b693a383b733a303a22223b693a393b733a303a22223b693a31303b733a303a22223b693a31313b733a303a22223b693a31323b733a303a22223b693a31333b733a303a22223b693a31343b733a303a22223b693a31353b733a303a22223b693a31363b733a303a22223b693a31373b733a303a22223b693a31383b733a303a22223b693a31393b733a303a22223b693a32303b733a303a22223b693a32313b733a303a22223b693a32323b733a303a22223b693a32333b733a303a22223b693a32343b733a303a22223b693a32353b733a303a22223b693a32363b733a303a22223b693a32373b733a303a22223b693a32383b733a303a22223b693a32393b733a303a22223b7d, 1, 0, '7', '10/01/2012 星期日', '7:00 a.m.- 135-20 39th Ave, Flushing, NY 11354 (喜来登酒店l) .'),
(272, 70, 0x613a33303a7b693a303b733a333a22333534223b693a313b733a303a22223b693a323b733a303a22223b693a333b733a303a22223b693a343b733a303a22223b693a353b733a303a22223b693a363b733a303a22223b693a373b733a303a22223b693a383b733a303a22223b693a393b733a303a22223b693a31303b733a303a22223b693a31313b733a303a22223b693a31323b733a303a22223b693a31333b733a303a22223b693a31343b733a303a22223b693a31353b733a303a22223b693a31363b733a303a22223b693a31373b733a303a22223b693a31383b733a303a22223b693a31393b733a303a22223b693a32303b733a303a22223b693a32313b733a303a22223b693a32323b733a303a22223b693a32333b733a303a22223b693a32343b733a303a22223b693a32353b733a303a22223b693a32363b733a303a22223b693a32373b733a303a22223b693a32383b733a303a22223b693a32393b733a303a22223b7d, 1, 0, '295', '05/31/2012 Tuesday', '8:00  a.m. - 87 Bowery, New York, NY10002(Chinatown).'),
(273, 66, 0x613a33303a7b693a303b733a31323a22e6849fe588b0e58f8de6849f223b693a313b733a303a22223b693a323b733a303a22223b693a333b733a303a22223b693a343b733a303a22223b693a353b733a303a22223b693a363b733a303a22223b693a373b733a303a22223b693a383b733a303a22223b693a393b733a303a22223b693a31303b733a303a22223b693a31313b733a303a22223b693a31323b733a303a22223b693a31333b733a303a22223b693a31343b733a303a22223b693a31353b733a303a22223b693a31363b733a303a22223b693a31373b733a303a22223b693a31383b733a303a22223b693a31393b733a303a22223b693a32303b733a303a22223b693a32313b733a303a22223b693a32323b733a303a22223b693a32333b733a303a22223b693a32343b733a303a22223b693a32353b733a303a22223b693a32363b733a303a22223b693a32373b733a303a22223b693a32383b733a303a22223b693a32393b733a303a22223b7d, 1, 0, '315', '05/30/2012 星期日', '8: 50早上- (金門超市)511 Old Past Rd. Edison NJ08817. '),
(274, 75, 0x613a33303a7b693a303b733a383a224c616d206368656e223b693a313b733a333a226c6565223b693a323b733a343a226368656e223b693a333b733a303a22223b693a343b733a303a22223b693a353b733a303a22223b693a363b733a303a22223b693a373b733a303a22223b693a383b733a303a22223b693a393b733a303a22223b693a31303b733a303a22223b693a31313b733a303a22223b693a31323b733a303a22223b693a31333b733a303a22223b693a31343b733a303a22223b693a31353b733a303a22223b693a31363b733a303a22223b693a31373b733a303a22223b693a31383b733a303a22223b693a31393b733a303a22223b693a32303b733a303a22223b693a32313b733a303a22223b693a32323b733a303a22223b693a32333b733a303a22223b693a32343b733a303a22223b693a32353b733a303a22223b693a32363b733a303a22223b693a32373b733a303a22223b693a32383b733a303a22223b693a32393b733a303a22223b7d, 2, 1, '1145', '06/30/2012 星期二', '8:00  a.m. - 87 Bowery, New York, NY 10002 (Chinatown (Manhattan)'),
(275, 72, 0x613a33303a7b693a303b733a333a22736466223b693a313b733a303a22223b693a323b733a303a22223b693a333b733a303a22223b693a343b733a303a22223b693a353b733a303a22223b693a363b733a303a22223b693a373b733a303a22223b693a383b733a303a22223b693a393b733a303a22223b693a31303b733a303a22223b693a31313b733a303a22223b693a31323b733a303a22223b693a31333b733a303a22223b693a31343b733a303a22223b693a31353b733a303a22223b693a31363b733a303a22223b693a31373b733a303a22223b693a31383b733a303a22223b693a31393b733a303a22223b693a32303b733a303a22223b693a32313b733a303a22223b693a32323b733a303a22223b693a32333b733a303a22223b693a32343b733a303a22223b693a32353b733a303a22223b693a32363b733a303a22223b693a32373b733a303a22223b693a32383b733a303a22223b693a32393b733a303a22223b7d, 1, 0, '7', '10/01/2012 星期日', '7:00 a.m.- 135-20 39th Ave, Flushing, NY 11354 (喜来登酒店l) .'),
(276, 72, 0x613a33303a7b693a303b733a333a22776572223b693a313b733a303a22223b693a323b733a303a22223b693a333b733a303a22223b693a343b733a303a22223b693a353b733a303a22223b693a363b733a303a22223b693a373b733a303a22223b693a383b733a303a22223b693a393b733a303a22223b693a31303b733a303a22223b693a31313b733a303a22223b693a31323b733a303a22223b693a31333b733a303a22223b693a31343b733a303a22223b693a31353b733a303a22223b693a31363b733a303a22223b693a31373b733a303a22223b693a31383b733a303a22223b693a31393b733a303a22223b693a32303b733a303a22223b693a32313b733a303a22223b693a32323b733a303a22223b693a32333b733a303a22223b693a32343b733a303a22223b693a32353b733a303a22223b693a32363b733a303a22223b693a32373b733a303a22223b693a32383b733a303a22223b693a32393b733a303a22223b7d, 1, 0, '7', '10/01/2012 星期日', '7:00 a.m.- 135-20 39th Ave, Flushing, NY 11354 (喜来登酒店l) .'),
(277, 71, 0x613a33303a7b693a303b733a323a226473223b693a313b733a303a22223b693a323b733a303a22223b693a333b733a303a22223b693a343b733a303a22223b693a353b733a303a22223b693a363b733a303a22223b693a373b733a303a22223b693a383b733a303a22223b693a393b733a303a22223b693a31303b733a303a22223b693a31313b733a303a22223b693a31323b733a303a22223b693a31333b733a303a22223b693a31343b733a303a22223b693a31353b733a303a22223b693a31363b733a303a22223b693a31373b733a303a22223b693a31383b733a303a22223b693a31393b733a303a22223b693a32303b733a303a22223b693a32313b733a303a22223b693a32323b733a303a22223b693a32333b733a303a22223b693a32343b733a303a22223b693a32353b733a303a22223b693a32363b733a303a22223b693a32373b733a303a22223b693a32383b733a303a22223b693a32393b733a303a22223b7d, 1, 0, '880', '06/25/2012 星期四', '接机送到酒店'),
(278, 75, 0x613a33303a7b693a303b733a323a227364223b693a313b733a303a22223b693a323b733a303a22223b693a333b733a303a22223b693a343b733a303a22223b693a353b733a303a22223b693a363b733a303a22223b693a373b733a303a22223b693a383b733a303a22223b693a393b733a303a22223b693a31303b733a303a22223b693a31313b733a303a22223b693a31323b733a303a22223b693a31333b733a303a22223b693a31343b733a303a22223b693a31353b733a303a22223b693a31363b733a303a22223b693a31373b733a303a22223b693a31383b733a303a22223b693a31393b733a303a22223b693a32303b733a303a22223b693a32313b733a303a22223b693a32323b733a303a22223b693a32333b733a303a22223b693a32343b733a303a22223b693a32353b733a303a22223b693a32363b733a303a22223b693a32373b733a303a22223b693a32383b733a303a22223b693a32393b733a303a22223b7d, 1, 0, '575', '06/06/2012 星期六', '8:00  a.m. - 87 Bowery, New York, NY 10002 (Chinatown (Manhattan)'),
(279, 66, 0x613a33303a7b693a303b733a313a2264223b693a313b733a303a22223b693a323b733a303a22223b693a333b733a303a22223b693a343b733a303a22223b693a353b733a303a22223b693a363b733a303a22223b693a373b733a303a22223b693a383b733a303a22223b693a393b733a303a22223b693a31303b733a303a22223b693a31313b733a303a22223b693a31323b733a303a22223b693a31333b733a303a22223b693a31343b733a303a22223b693a31353b733a303a22223b693a31363b733a303a22223b693a31373b733a303a22223b693a31383b733a303a22223b693a31393b733a303a22223b693a32303b733a303a22223b693a32313b733a303a22223b693a32323b733a303a22223b693a32333b733a303a22223b693a32343b733a303a22223b693a32353b733a303a22223b693a32363b733a303a22223b693a32373b733a303a22223b693a32383b733a303a22223b693a32393b733a303a22223b7d, 1, 0, '315', '06/25/2012 Thursday', '8.50 a.m. -511, Old Post Rd NJ08817  (Kam Mun Super Market)'),
(280, 66, 0x613a33303a7b693a303b733a313a2264223b693a313b733a303a22223b693a323b733a303a22223b693a333b733a303a22223b693a343b733a303a22223b693a353b733a303a22223b693a363b733a303a22223b693a373b733a303a22223b693a383b733a303a22223b693a393b733a303a22223b693a31303b733a303a22223b693a31313b733a303a22223b693a31323b733a303a22223b693a31333b733a303a22223b693a31343b733a303a22223b693a31353b733a303a22223b693a31363b733a303a22223b693a31373b733a303a22223b693a31383b733a303a22223b693a31393b733a303a22223b693a32303b733a303a22223b693a32313b733a303a22223b693a32323b733a303a22223b693a32333b733a303a22223b693a32343b733a303a22223b693a32353b733a303a22223b693a32363b733a303a22223b693a32373b733a303a22223b693a32383b733a303a22223b693a32393b733a303a22223b7d, 1, 0, '315', '06/25/2012 Thursday', '8.50 a.m. -511, Old Post Rd NJ08817  (Kam Mun Super Market)'),
(281, 75, 0x613a33303a7b693a303b733a313a2264223b693a313b733a313a2261223b693a323b733a313a2264223b693a333b733a303a22223b693a343b733a303a22223b693a353b733a303a22223b693a363b733a303a22223b693a373b733a303a22223b693a383b733a303a22223b693a393b733a303a22223b693a31303b733a303a22223b693a31313b733a303a22223b693a31323b733a303a22223b693a31333b733a303a22223b693a31343b733a303a22223b693a31353b733a303a22223b693a31363b733a303a22223b693a31373b733a303a22223b693a31383b733a303a22223b693a31393b733a303a22223b693a32303b733a303a22223b693a32313b733a303a22223b693a32323b733a303a22223b693a32333b733a303a22223b693a32343b733a303a22223b693a32353b733a303a22223b693a32363b733a303a22223b693a32373b733a303a22223b693a32383b733a303a22223b693a32393b733a303a22223b7d, 3, 0, '1117', '06/13/2012 星期三', '8:00  a.m. - 87 Bowery, New York, NY 10002 (Chinatown (Manhattan)'),
(282, 75, 0x613a33303a7b693a303b733a313a2264223b693a313b733a313a2261223b693a323b733a303a22223b693a333b733a303a22223b693a343b733a303a22223b693a353b733a303a22223b693a363b733a303a22223b693a373b733a303a22223b693a383b733a303a22223b693a393b733a303a22223b693a31303b733a303a22223b693a31313b733a303a22223b693a31323b733a303a22223b693a31333b733a303a22223b693a31343b733a303a22223b693a31353b733a303a22223b693a31363b733a303a22223b693a31373b733a303a22223b693a31383b733a303a22223b693a31393b733a303a22223b693a32303b733a303a22223b693a32313b733a303a22223b693a32323b733a303a22223b693a32333b733a303a22223b693a32343b733a303a22223b693a32353b733a303a22223b693a32363b733a303a22223b693a32373b733a303a22223b693a32383b733a303a22223b693a32393b733a303a22223b7d, 2, 0, '895', '06/13/2012 星期三', '8:00  a.m. - 87 Bowery, New York, NY 10002 (Chinatown (Manhattan)'),
(283, 72, 0x733a303a22223b, 0, 0, '0', '', ''),
(284, 76, 0x733a303a22223b, 0, 0, '0', '', ''),
(285, 65, 0x613a33303a7b693a303b733a313a2264223b693a313b733a303a22223b693a323b733a303a22223b693a333b733a303a22223b693a343b733a303a22223b693a353b733a303a22223b693a363b733a303a22223b693a373b733a303a22223b693a383b733a303a22223b693a393b733a303a22223b693a31303b733a303a22223b693a31313b733a303a22223b693a31323b733a303a22223b693a31333b733a303a22223b693a31343b733a303a22223b693a31353b733a303a22223b693a31363b733a303a22223b693a31373b733a303a22223b693a31383b733a303a22223b693a31393b733a303a22223b693a32303b733a303a22223b693a32313b733a303a22223b693a32323b733a303a22223b693a32333b733a303a22223b693a32343b733a303a22223b693a32353b733a303a22223b693a32363b733a303a22223b693a32373b733a303a22223b693a32383b733a303a22223b693a32393b733a303a22223b7d, 1, 0, '180', '06/18/2012 星期日', '8:00  a.m. - 87 Bowery, New York, NY 10002 (Chinatown (Manhattan)'),
(286, 65, 0x613a33303a7b693a303b733a313a2264223b693a313b733a303a22223b693a323b733a303a22223b693a333b733a303a22223b693a343b733a303a22223b693a353b733a303a22223b693a363b733a303a22223b693a373b733a303a22223b693a383b733a303a22223b693a393b733a303a22223b693a31303b733a303a22223b693a31313b733a303a22223b693a31323b733a303a22223b693a31333b733a303a22223b693a31343b733a303a22223b693a31353b733a303a22223b693a31363b733a303a22223b693a31373b733a303a22223b693a31383b733a303a22223b693a31393b733a303a22223b693a32303b733a303a22223b693a32313b733a303a22223b693a32323b733a303a22223b693a32333b733a303a22223b693a32343b733a303a22223b693a32353b733a303a22223b693a32363b733a303a22223b693a32373b733a303a22223b693a32383b733a303a22223b693a32393b733a303a22223b7d, 1, 0, '180', '06/18/2012 星期日', '8:00  a.m. - 87 Bowery, New York, NY 10002 (Chinatown (Manhattan)'),
(287, 75, 0x613a33303a7b693a303b733a313a2264223b693a313b733a303a22223b693a323b733a303a22223b693a333b733a303a22223b693a343b733a303a22223b693a353b733a303a22223b693a363b733a303a22223b693a373b733a303a22223b693a383b733a303a22223b693a393b733a303a22223b693a31303b733a303a22223b693a31313b733a303a22223b693a31323b733a303a22223b693a31333b733a303a22223b693a31343b733a303a22223b693a31353b733a303a22223b693a31363b733a303a22223b693a31373b733a303a22223b693a31383b733a303a22223b693a31393b733a303a22223b693a32303b733a303a22223b693a32313b733a303a22223b693a32323b733a303a22223b693a32333b733a303a22223b693a32343b733a303a22223b693a32353b733a303a22223b693a32363b733a303a22223b693a32373b733a303a22223b693a32383b733a303a22223b693a32393b733a303a22223b7d, 1, 0, '575', '06/20/2012 星期五', '8:00  a.m. - 87 Bowery, New York, NY 10002 (Chinatown (Manhattan)'),
(288, 65, 0x613a33303a7b693a303b733a313a2277223b693a313b733a303a22223b693a323b733a303a22223b693a333b733a303a22223b693a343b733a303a22223b693a353b733a303a22223b693a363b733a303a22223b693a373b733a303a22223b693a383b733a303a22223b693a393b733a303a22223b693a31303b733a303a22223b693a31313b733a303a22223b693a31323b733a303a22223b693a31333b733a303a22223b693a31343b733a303a22223b693a31353b733a303a22223b693a31363b733a303a22223b693a31373b733a303a22223b693a31383b733a303a22223b693a31393b733a303a22223b693a32303b733a303a22223b693a32313b733a303a22223b693a32323b733a303a22223b693a32333b733a303a22223b693a32343b733a303a22223b693a32353b733a303a22223b693a32363b733a303a22223b693a32373b733a303a22223b693a32383b733a303a22223b693a32393b733a303a22223b7d, 1, 0, '180', '06/20/2012 星期五', '8:00  a.m. - 87 Bowery, New York, NY 10002 (Chinatown (Manhattan)'),
(289, 65, 0x613a33303a7b693a303b733a313a2277223b693a313b733a303a22223b693a323b733a303a22223b693a333b733a303a22223b693a343b733a303a22223b693a353b733a303a22223b693a363b733a303a22223b693a373b733a303a22223b693a383b733a303a22223b693a393b733a303a22223b693a31303b733a303a22223b693a31313b733a303a22223b693a31323b733a303a22223b693a31333b733a303a22223b693a31343b733a303a22223b693a31353b733a303a22223b693a31363b733a303a22223b693a31373b733a303a22223b693a31383b733a303a22223b693a31393b733a303a22223b693a32303b733a303a22223b693a32313b733a303a22223b693a32323b733a303a22223b693a32333b733a303a22223b693a32343b733a303a22223b693a32353b733a303a22223b693a32363b733a303a22223b693a32373b733a303a22223b693a32383b733a303a22223b693a32393b733a303a22223b7d, 1, 0, '180', '06/20/2012 星期五', '8:00  a.m. - 87 Bowery, New York, NY 10002 (Chinatown (Manhattan)'),
(290, 77, 0x613a33303a7b693a303b733a333a22e79a84223b693a313b733a303a22223b693a323b733a303a22223b693a333b733a303a22223b693a343b733a303a22223b693a353b733a303a22223b693a363b733a303a22223b693a373b733a303a22223b693a383b733a303a22223b693a393b733a303a22223b693a31303b733a303a22223b693a31313b733a303a22223b693a31323b733a303a22223b693a31333b733a303a22223b693a31343b733a303a22223b693a31353b733a303a22223b693a31363b733a303a22223b693a31373b733a303a22223b693a31383b733a303a22223b693a31393b733a303a22223b693a32303b733a303a22223b693a32313b733a303a22223b693a32323b733a303a22223b693a32333b733a303a22223b693a32343b733a303a22223b693a32353b733a303a22223b693a32363b733a303a22223b693a32373b733a303a22223b693a32383b733a303a22223b693a32393b733a303a22223b7d, 1, 0, '335', '06/18/2012 星期日', '8:00  a.m. - 87 Bowery, New York, NY 10002 (Chinatown (Manhattan)'),
(291, 77, 0x613a33303a7b693a303b733a333a22e79a84223b693a313b733a313a2273223b693a323b733a303a22223b693a333b733a303a22223b693a343b733a303a22223b693a353b733a303a22223b693a363b733a303a22223b693a373b733a303a22223b693a383b733a303a22223b693a393b733a303a22223b693a31303b733a303a22223b693a31313b733a303a22223b693a31323b733a303a22223b693a31333b733a303a22223b693a31343b733a303a22223b693a31353b733a303a22223b693a31363b733a303a22223b693a31373b733a303a22223b693a31383b733a303a22223b693a31393b733a303a22223b693a32303b733a303a22223b693a32313b733a303a22223b693a32323b733a303a22223b693a32333b733a303a22223b693a32343b733a303a22223b693a32353b733a303a22223b693a32363b733a303a22223b693a32373b733a303a22223b693a32383b733a303a22223b693a32393b733a303a22223b7d, 2, 0, '600', '06/18/2012 星期日', '8:00  a.m. - 87 Bowery, New York, NY 10002 (Chinatown (Manhattan)'),
(292, 77, 0x613a33303a7b693a303b733a333a22e79a84223b693a313b733a313a2273223b693a323b733a303a22223b693a333b733a303a22223b693a343b733a303a22223b693a353b733a303a22223b693a363b733a303a22223b693a373b733a303a22223b693a383b733a303a22223b693a393b733a303a22223b693a31303b733a303a22223b693a31313b733a303a22223b693a31323b733a303a22223b693a31333b733a303a22223b693a31343b733a303a22223b693a31353b733a303a22223b693a31363b733a303a22223b693a31373b733a303a22223b693a31383b733a303a22223b693a31393b733a303a22223b693a32303b733a303a22223b693a32313b733a303a22223b693a32323b733a303a22223b693a32333b733a303a22223b693a32343b733a303a22223b693a32353b733a303a22223b693a32363b733a303a22223b693a32373b733a303a22223b693a32383b733a303a22223b693a32393b733a303a22223b7d, 2, 0, '600', '06/18/2012 星期日', '8:00  a.m. - 87 Bowery, New York, NY 10002 (Chinatown (Manhattan)'),
(293, 77, 0x613a33303a7b693a303b733a333a22e79a84223b693a313b733a313a2273223b693a323b733a303a22223b693a333b733a303a22223b693a343b733a303a22223b693a353b733a303a22223b693a363b733a303a22223b693a373b733a303a22223b693a383b733a303a22223b693a393b733a303a22223b693a31303b733a303a22223b693a31313b733a303a22223b693a31323b733a303a22223b693a31333b733a303a22223b693a31343b733a303a22223b693a31353b733a303a22223b693a31363b733a303a22223b693a31373b733a303a22223b693a31383b733a303a22223b693a31393b733a303a22223b693a32303b733a303a22223b693a32313b733a303a22223b693a32323b733a303a22223b693a32333b733a303a22223b693a32343b733a303a22223b693a32353b733a303a22223b693a32363b733a303a22223b693a32373b733a303a22223b693a32383b733a303a22223b693a32393b733a303a22223b7d, 2, 0, '600', '06/18/2012 星期日', '8:00  a.m. - 87 Bowery, New York, NY 10002 (Chinatown (Manhattan)'),
(294, 65, 0x613a33303a7b693a303b733a313a2264223b693a313b733a303a22223b693a323b733a303a22223b693a333b733a303a22223b693a343b733a303a22223b693a353b733a303a22223b693a363b733a303a22223b693a373b733a303a22223b693a383b733a303a22223b693a393b733a303a22223b693a31303b733a303a22223b693a31313b733a303a22223b693a31323b733a303a22223b693a31333b733a303a22223b693a31343b733a303a22223b693a31353b733a303a22223b693a31363b733a303a22223b693a31373b733a303a22223b693a31383b733a303a22223b693a31393b733a303a22223b693a32303b733a303a22223b693a32313b733a303a22223b693a32323b733a303a22223b693a32333b733a303a22223b693a32343b733a303a22223b693a32353b733a303a22223b693a32363b733a303a22223b693a32373b733a303a22223b693a32383b733a303a22223b693a32393b733a303a22223b7d, 1, 0, '180', '06/18/2012 星期日', '8:00  a.m. - 87 Bowery, New York, NY 10002 (Chinatown (Manhattan)'),
(295, 71, 0x613a33303a7b693a303b733a313a2264223b693a313b733a303a22223b693a323b733a303a22223b693a333b733a303a22223b693a343b733a303a22223b693a353b733a303a22223b693a363b733a303a22223b693a373b733a303a22223b693a383b733a303a22223b693a393b733a303a22223b693a31303b733a303a22223b693a31313b733a303a22223b693a31323b733a303a22223b693a31333b733a303a22223b693a31343b733a303a22223b693a31353b733a303a22223b693a31363b733a303a22223b693a31373b733a303a22223b693a31383b733a303a22223b693a31393b733a303a22223b693a32303b733a303a22223b693a32313b733a303a22223b693a32323b733a303a22223b693a32333b733a303a22223b693a32343b733a303a22223b693a32353b733a303a22223b693a32363b733a303a22223b693a32373b733a303a22223b693a32383b733a303a22223b693a32393b733a303a22223b7d, 1, 0, '880', '06/25/2012 星期四', '接机送到酒店'),
(296, 71, 0x613a33303a7b693a303b733a313a2264223b693a313b733a303a22223b693a323b733a303a22223b693a333b733a303a22223b693a343b733a303a22223b693a353b733a303a22223b693a363b733a303a22223b693a373b733a303a22223b693a383b733a303a22223b693a393b733a303a22223b693a31303b733a303a22223b693a31313b733a303a22223b693a31323b733a303a22223b693a31333b733a303a22223b693a31343b733a303a22223b693a31353b733a303a22223b693a31363b733a303a22223b693a31373b733a303a22223b693a31383b733a303a22223b693a31393b733a303a22223b693a32303b733a303a22223b693a32313b733a303a22223b693a32323b733a303a22223b693a32333b733a303a22223b693a32343b733a303a22223b693a32353b733a303a22223b693a32363b733a303a22223b693a32373b733a303a22223b693a32383b733a303a22223b693a32393b733a303a22223b7d, 1, 0, '880', '06/25/2012 星期四', '接机送到酒店'),
(297, 75, 0x613a33303a7b693a303b733a313a2264223b693a313b733a303a22223b693a323b733a303a22223b693a333b733a303a22223b693a343b733a303a22223b693a353b733a303a22223b693a363b733a303a22223b693a373b733a303a22223b693a383b733a303a22223b693a393b733a303a22223b693a31303b733a303a22223b693a31313b733a303a22223b693a31323b733a303a22223b693a31333b733a303a22223b693a31343b733a303a22223b693a31353b733a303a22223b693a31363b733a303a22223b693a31373b733a303a22223b693a31383b733a303a22223b693a31393b733a303a22223b693a32303b733a303a22223b693a32313b733a303a22223b693a32323b733a303a22223b693a32333b733a303a22223b693a32343b733a303a22223b693a32353b733a303a22223b693a32363b733a303a22223b693a32373b733a303a22223b693a32383b733a303a22223b693a32393b733a303a22223b7d, 1, 0, '575', '06/20/2012 Friday', '8:00  a.m. - 87 Bowery, New York, NY10002(Chinatown).'),
(298, 66, 0x613a33303a7b693a303b733a313a2264223b693a313b733a303a22223b693a323b733a303a22223b693a333b733a303a22223b693a343b733a303a22223b693a353b733a303a22223b693a363b733a303a22223b693a373b733a303a22223b693a383b733a303a22223b693a393b733a303a22223b693a31303b733a303a22223b693a31313b733a303a22223b693a31323b733a303a22223b693a31333b733a303a22223b693a31343b733a303a22223b693a31353b733a303a22223b693a31363b733a303a22223b693a31373b733a303a22223b693a31383b733a303a22223b693a31393b733a303a22223b693a32303b733a303a22223b693a32313b733a303a22223b693a32323b733a303a22223b693a32333b733a303a22223b693a32343b733a303a22223b693a32353b733a303a22223b693a32363b733a303a22223b693a32373b733a303a22223b693a32383b733a303a22223b693a32393b733a303a22223b7d, 1, 0, '315', '06/25/2012 Thursday', '8.50 a.m. -511, Old Post Rd NJ08817  (Kam Mun Super Market)');
INSERT INTO `order_journal` (`journal_id`, `product_id`, `Tname`, `Torder_adult`, `Torder_child`, `Order_Total`, `departdate`, `busstation`) VALUES
(299, 77, 0x613a33303a7b693a303b733a313a2264223b693a313b733a303a22223b693a323b733a303a22223b693a333b733a303a22223b693a343b733a303a22223b693a353b733a303a22223b693a363b733a303a22223b693a373b733a303a22223b693a383b733a303a22223b693a393b733a303a22223b693a31303b733a303a22223b693a31313b733a303a22223b693a31323b733a303a22223b693a31333b733a303a22223b693a31343b733a303a22223b693a31353b733a303a22223b693a31363b733a303a22223b693a31373b733a303a22223b693a31383b733a303a22223b693a31393b733a303a22223b693a32303b733a303a22223b693a32313b733a303a22223b693a32323b733a303a22223b693a32333b733a303a22223b693a32343b733a303a22223b693a32353b733a303a22223b693a32363b733a303a22223b693a32373b733a303a22223b693a32383b733a303a22223b693a32393b733a303a22223b7d, 1, 0, '335', '06/18/2012 Sunday', '8:00  a.m. - 87 Bowery, New York, NY10002(Chinatown).'),
(300, 78, 0x613a33303a7b693a303b733a343a2264617479223b693a313b733a303a22223b693a323b733a303a22223b693a333b733a303a22223b693a343b733a303a22223b693a353b733a303a22223b693a363b733a303a22223b693a373b733a303a22223b693a383b733a303a22223b693a393b733a303a22223b693a31303b733a303a22223b693a31313b733a303a22223b693a31323b733a303a22223b693a31333b733a303a22223b693a31343b733a303a22223b693a31353b733a303a22223b693a31363b733a303a22223b693a31373b733a303a22223b693a31383b733a303a22223b693a31393b733a303a22223b693a32303b733a303a22223b693a32313b733a303a22223b693a32323b733a303a22223b693a32333b733a303a22223b693a32343b733a303a22223b693a32353b733a303a22223b693a32363b733a303a22223b693a32373b733a303a22223b693a32383b733a303a22223b693a32393b733a303a22223b7d, 1, 0, '630', '06/24/2012 Monday', 'Honolulu Airport Transfer to Hotel'),
(301, 78, 0x613a33303a7b693a303b733a343a2264617479223b693a313b733a303a22223b693a323b733a303a22223b693a333b733a303a22223b693a343b733a303a22223b693a353b733a303a22223b693a363b733a303a22223b693a373b733a303a22223b693a383b733a303a22223b693a393b733a303a22223b693a31303b733a303a22223b693a31313b733a303a22223b693a31323b733a303a22223b693a31333b733a303a22223b693a31343b733a303a22223b693a31353b733a303a22223b693a31363b733a303a22223b693a31373b733a303a22223b693a31383b733a303a22223b693a31393b733a303a22223b693a32303b733a303a22223b693a32313b733a303a22223b693a32323b733a303a22223b693a32333b733a303a22223b693a32343b733a303a22223b693a32353b733a303a22223b693a32363b733a303a22223b693a32373b733a303a22223b693a32383b733a303a22223b693a32393b733a303a22223b7d, 1, 0, '630', '06/24/2012 Monday', 'Honolulu Airport Transfer to Hotel'),
(302, 78, 0x613a33303a7b693a303b733a343a2264617479223b693a313b733a303a22223b693a323b733a303a22223b693a333b733a303a22223b693a343b733a303a22223b693a353b733a303a22223b693a363b733a303a22223b693a373b733a303a22223b693a383b733a303a22223b693a393b733a303a22223b693a31303b733a303a22223b693a31313b733a303a22223b693a31323b733a303a22223b693a31333b733a303a22223b693a31343b733a303a22223b693a31353b733a303a22223b693a31363b733a303a22223b693a31373b733a303a22223b693a31383b733a303a22223b693a31393b733a303a22223b693a32303b733a303a22223b693a32313b733a303a22223b693a32323b733a303a22223b693a32333b733a303a22223b693a32343b733a303a22223b693a32353b733a303a22223b693a32363b733a303a22223b693a32373b733a303a22223b693a32383b733a303a22223b693a32393b733a303a22223b7d, 1, 0, '630', '06/24/2012 Monday', 'Honolulu Airport Transfer to Hotel'),
(303, 80, 0x613a33303a7b693a303b733a313a2273223b693a313b733a303a22223b693a323b733a303a22223b693a333b733a303a22223b693a343b733a303a22223b693a353b733a303a22223b693a363b733a303a22223b693a373b733a303a22223b693a383b733a303a22223b693a393b733a303a22223b693a31303b733a303a22223b693a31313b733a303a22223b693a31323b733a303a22223b693a31333b733a303a22223b693a31343b733a303a22223b693a31353b733a303a22223b693a31363b733a303a22223b693a31373b733a303a22223b693a31383b733a303a22223b693a31393b733a303a22223b693a32303b733a303a22223b693a32313b733a303a22223b693a32323b733a303a22223b693a32333b733a303a22223b693a32343b733a303a22223b693a32353b733a303a22223b693a32363b733a303a22223b693a32373b733a303a22223b693a32383b733a303a22223b693a32393b733a303a22223b7d, 1, 0, '25', '06/19/2012 星期二', '法拉盛: 7:00 早上.- 135-20 39th Ave, Flushing, NY 11354 (Sheraton Hotel) .'),
(304, 71, 0x613a33303a7b693a303b733a313a2273223b693a313b733a303a22223b693a323b733a303a22223b693a333b733a303a22223b693a343b733a303a22223b693a353b733a303a22223b693a363b733a303a22223b693a373b733a303a22223b693a383b733a303a22223b693a393b733a303a22223b693a31303b733a303a22223b693a31313b733a303a22223b693a31323b733a303a22223b693a31333b733a303a22223b693a31343b733a303a22223b693a31353b733a303a22223b693a31363b733a303a22223b693a31373b733a303a22223b693a31383b733a303a22223b693a31393b733a303a22223b693a32303b733a303a22223b693a32313b733a303a22223b693a32323b733a303a22223b693a32333b733a303a22223b693a32343b733a303a22223b693a32353b733a303a22223b693a32363b733a303a22223b693a32373b733a303a22223b693a32383b733a303a22223b693a32393b733a303a22223b7d, 1, 0, '880', '06/25/2012 星期四', '接机送到酒店'),
(305, 65, 0x613a33303a7b693a303b733a313a2264223b693a313b733a313a2267223b693a323b733a313a2265223b693a333b733a313a2279223b693a343b733a313a2236223b693a353b733a303a22223b693a363b733a303a22223b693a373b733a303a22223b693a383b733a303a22223b693a393b733a303a22223b693a31303b733a303a22223b693a31313b733a303a22223b693a31323b733a303a22223b693a31333b733a303a22223b693a31343b733a303a22223b693a31353b733a303a22223b693a31363b733a303a22223b693a31373b733a303a22223b693a31383b733a303a22223b693a31393b733a303a22223b693a32303b733a303a22223b693a32313b733a303a22223b693a32323b733a303a22223b693a32333b733a303a22223b693a32343b733a303a22223b693a32353b733a303a22223b693a32363b733a303a22223b693a32373b733a303a22223b693a32383b733a303a22223b693a32393b733a303a22223b7d, 4, 1, '630', '06/18/2012 星期日', '8:00  a.m. - 87 Bowery, New York, NY 10002 (Chinatown (Manhattan)'),
(306, 73, 0x613a33303a7b693a303b733a313a2264223b693a313b733a303a22223b693a323b733a303a22223b693a333b733a303a22223b693a343b733a303a22223b693a353b733a303a22223b693a363b733a303a22223b693a373b733a303a22223b693a383b733a303a22223b693a393b733a303a22223b693a31303b733a303a22223b693a31313b733a303a22223b693a31323b733a303a22223b693a31333b733a303a22223b693a31343b733a303a22223b693a31353b733a303a22223b693a31363b733a303a22223b693a31373b733a303a22223b693a31383b733a303a22223b693a31393b733a303a22223b693a32303b733a303a22223b693a32313b733a303a22223b693a32323b733a303a22223b693a32333b733a303a22223b693a32343b733a303a22223b693a32353b733a303a22223b693a32363b733a303a22223b693a32373b733a303a22223b693a32383b733a303a22223b693a32393b733a303a22223b7d, 1, 0, '932', '06/29/2012 星期六', '8:00  a.m. - 87 Bowery, New York, NY 10002 (Chinatown (Manhattan)'),
(307, 75, 0x613a33303a7b693a303b733a31323a225875205869616e204c696e67223b693a313b733a303a22223b693a323b733a303a22223b693a333b733a303a22223b693a343b733a303a22223b693a353b733a303a22223b693a363b733a303a22223b693a373b733a303a22223b693a383b733a303a22223b693a393b733a303a22223b693a31303b733a303a22223b693a31313b733a303a22223b693a31323b733a303a22223b693a31333b733a303a22223b693a31343b733a303a22223b693a31353b733a303a22223b693a31363b733a303a22223b693a31373b733a303a22223b693a31383b733a303a22223b693a31393b733a303a22223b693a32303b733a303a22223b693a32313b733a303a22223b693a32323b733a303a22223b693a32333b733a303a22223b693a32343b733a303a22223b693a32353b733a303a22223b693a32363b733a303a22223b693a32373b733a303a22223b693a32383b733a303a22223b693a32393b733a303a22223b7d, 1, 0, '575', '06/20/2012 星期五', '8:00  a.m. - 87 Bowery, New York, NY 10002 (Chinatown (Manhattan)'),
(308, 66, 0x613a33303a7b693a303b733a313a2261223b693a313b733a303a22223b693a323b733a303a22223b693a333b733a303a22223b693a343b733a303a22223b693a353b733a303a22223b693a363b733a303a22223b693a373b733a303a22223b693a383b733a303a22223b693a393b733a303a22223b693a31303b733a303a22223b693a31313b733a303a22223b693a31323b733a303a22223b693a31333b733a303a22223b693a31343b733a303a22223b693a31353b733a303a22223b693a31363b733a303a22223b693a31373b733a303a22223b693a31383b733a303a22223b693a31393b733a303a22223b693a32303b733a303a22223b693a32313b733a303a22223b693a32323b733a303a22223b693a32333b733a303a22223b693a32343b733a303a22223b693a32353b733a303a22223b693a32363b733a303a22223b693a32373b733a303a22223b693a32383b733a303a22223b693a32393b733a303a22223b7d, 1, 0, '315', '06/25/2012 星期四', '8: 50早上- (金門超市)511 Old Past Rd. Edison NJ08817. '),
(309, 72, 0x613a33303a7b693a303b733a333a22736473223b693a313b733a303a22223b693a323b733a303a22223b693a333b733a303a22223b693a343b733a303a22223b693a353b733a303a22223b693a363b733a303a22223b693a373b733a303a22223b693a383b733a303a22223b693a393b733a303a22223b693a31303b733a303a22223b693a31313b733a303a22223b693a31323b733a303a22223b693a31333b733a303a22223b693a31343b733a303a22223b693a31353b733a303a22223b693a31363b733a303a22223b693a31373b733a303a22223b693a31383b733a303a22223b693a31393b733a303a22223b693a32303b733a303a22223b693a32313b733a303a22223b693a32323b733a303a22223b693a32333b733a303a22223b693a32343b733a303a22223b693a32353b733a303a22223b693a32363b733a303a22223b693a32373b733a303a22223b693a32383b733a303a22223b693a32393b733a303a22223b7d, 1, 0, '7', '10/01/2012 星期日', '7:00 a.m.- 135-20 39th Ave, Flushing, NY 11354 (喜来登酒店l) .'),
(310, 66, 0x613a33303a7b693a303b733a313a2261223b693a313b733a303a22223b693a323b733a303a22223b693a333b733a303a22223b693a343b733a303a22223b693a353b733a303a22223b693a363b733a303a22223b693a373b733a303a22223b693a383b733a303a22223b693a393b733a303a22223b693a31303b733a303a22223b693a31313b733a303a22223b693a31323b733a303a22223b693a31333b733a303a22223b693a31343b733a303a22223b693a31353b733a303a22223b693a31363b733a303a22223b693a31373b733a303a22223b693a31383b733a303a22223b693a31393b733a303a22223b693a32303b733a303a22223b693a32313b733a303a22223b693a32323b733a303a22223b693a32333b733a303a22223b693a32343b733a303a22223b693a32353b733a303a22223b693a32363b733a303a22223b693a32373b733a303a22223b693a32383b733a303a22223b693a32393b733a303a22223b7d, 1, 0, '315', '06/25/2012 星期四', '8: 50早上- (金門超市)511 Old Past Rd. Edison NJ08817. '),
(311, 66, 0x613a33303a7b693a303b733a313a2261223b693a313b733a303a22223b693a323b733a303a22223b693a333b733a303a22223b693a343b733a303a22223b693a353b733a303a22223b693a363b733a303a22223b693a373b733a303a22223b693a383b733a303a22223b693a393b733a303a22223b693a31303b733a303a22223b693a31313b733a303a22223b693a31323b733a303a22223b693a31333b733a303a22223b693a31343b733a303a22223b693a31353b733a303a22223b693a31363b733a303a22223b693a31373b733a303a22223b693a31383b733a303a22223b693a31393b733a303a22223b693a32303b733a303a22223b693a32313b733a303a22223b693a32323b733a303a22223b693a32333b733a303a22223b693a32343b733a303a22223b693a32353b733a303a22223b693a32363b733a303a22223b693a32373b733a303a22223b693a32383b733a303a22223b693a32393b733a303a22223b7d, 1, 0, '315', '06/25/2012 星期四', '8: 50早上- (金門超市)511 Old Past Rd. Edison NJ08817. '),
(312, 66, 0x613a33303a7b693a303b733a313a2261223b693a313b733a303a22223b693a323b733a303a22223b693a333b733a303a22223b693a343b733a303a22223b693a353b733a303a22223b693a363b733a303a22223b693a373b733a303a22223b693a383b733a303a22223b693a393b733a303a22223b693a31303b733a303a22223b693a31313b733a303a22223b693a31323b733a303a22223b693a31333b733a303a22223b693a31343b733a303a22223b693a31353b733a303a22223b693a31363b733a303a22223b693a31373b733a303a22223b693a31383b733a303a22223b693a31393b733a303a22223b693a32303b733a303a22223b693a32313b733a303a22223b693a32323b733a303a22223b693a32333b733a303a22223b693a32343b733a303a22223b693a32353b733a303a22223b693a32363b733a303a22223b693a32373b733a303a22223b693a32383b733a303a22223b693a32393b733a303a22223b7d, 1, 0, '315', '06/25/2012 星期四', '8: 50早上- (金門超市)511 Old Past Rd. Edison NJ08817. '),
(313, 66, 0x613a33303a7b693a303b733a333a22736473223b693a313b733a303a22223b693a323b733a303a22223b693a333b733a303a22223b693a343b733a303a22223b693a353b733a303a22223b693a363b733a303a22223b693a373b733a303a22223b693a383b733a303a22223b693a393b733a303a22223b693a31303b733a303a22223b693a31313b733a303a22223b693a31323b733a303a22223b693a31333b733a303a22223b693a31343b733a303a22223b693a31353b733a303a22223b693a31363b733a303a22223b693a31373b733a303a22223b693a31383b733a303a22223b693a31393b733a303a22223b693a32303b733a303a22223b693a32313b733a303a22223b693a32323b733a303a22223b693a32333b733a303a22223b693a32343b733a303a22223b693a32353b733a303a22223b693a32363b733a303a22223b693a32373b733a303a22223b693a32383b733a303a22223b693a32393b733a303a22223b7d, 1, 0, '315', '06/25/2012 星期四', '8: 50早上- (金門超市)511 Old Past Rd. Edison NJ08817. '),
(314, 77, 0x613a33303a7b693a303b733a333a22667364223b693a313b733a303a22223b693a323b733a303a22223b693a333b733a303a22223b693a343b733a303a22223b693a353b733a303a22223b693a363b733a303a22223b693a373b733a303a22223b693a383b733a303a22223b693a393b733a303a22223b693a31303b733a303a22223b693a31313b733a303a22223b693a31323b733a303a22223b693a31333b733a303a22223b693a31343b733a303a22223b693a31353b733a303a22223b693a31363b733a303a22223b693a31373b733a303a22223b693a31383b733a303a22223b693a31393b733a303a22223b693a32303b733a303a22223b693a32313b733a303a22223b693a32323b733a303a22223b693a32333b733a303a22223b693a32343b733a303a22223b693a32353b733a303a22223b693a32363b733a303a22223b693a32373b733a303a22223b693a32383b733a303a22223b693a32393b733a303a22223b7d, 1, 0, '335', '06/25/2012 星期四', '8:00  a.m. - 87 Bowery, New York, NY 10002 (Chinatown (Manhattan)'),
(315, 66, 0x613a33303a7b693a303b733a313a2261223b693a313b733a303a22223b693a323b733a303a22223b693a333b733a303a22223b693a343b733a303a22223b693a353b733a303a22223b693a363b733a303a22223b693a373b733a303a22223b693a383b733a303a22223b693a393b733a303a22223b693a31303b733a303a22223b693a31313b733a303a22223b693a31323b733a303a22223b693a31333b733a303a22223b693a31343b733a303a22223b693a31353b733a303a22223b693a31363b733a303a22223b693a31373b733a303a22223b693a31383b733a303a22223b693a31393b733a303a22223b693a32303b733a303a22223b693a32313b733a303a22223b693a32323b733a303a22223b693a32333b733a303a22223b693a32343b733a303a22223b693a32353b733a303a22223b693a32363b733a303a22223b693a32373b733a303a22223b693a32383b733a303a22223b693a32393b733a303a22223b7d, 1, 0, '315', '06/25/2012 Thursday', '8.50 a.m. -511, Old Post Rd NJ08817  (Kam Mun Super Market)'),
(316, 66, 0x613a33303a7b693a303b733a343a2266736466223b693a313b733a303a22223b693a323b733a303a22223b693a333b733a303a22223b693a343b733a303a22223b693a353b733a303a22223b693a363b733a303a22223b693a373b733a303a22223b693a383b733a303a22223b693a393b733a303a22223b693a31303b733a303a22223b693a31313b733a303a22223b693a31323b733a303a22223b693a31333b733a303a22223b693a31343b733a303a22223b693a31353b733a303a22223b693a31363b733a303a22223b693a31373b733a303a22223b693a31383b733a303a22223b693a31393b733a303a22223b693a32303b733a303a22223b693a32313b733a303a22223b693a32323b733a303a22223b693a32333b733a303a22223b693a32343b733a303a22223b693a32353b733a303a22223b693a32363b733a303a22223b693a32373b733a303a22223b693a32383b733a303a22223b693a32393b733a303a22223b7d, 1, 0, '315', '06/25/2012 Thursday', '8.50 a.m. -511, Old Post Rd NJ08817  (Kam Mun Super Market)'),
(317, 71, 0x613a33303a7b693a303b733a363a22e5ae89e5ae9a223b693a313b733a303a22223b693a323b733a303a22223b693a333b733a303a22223b693a343b733a303a22223b693a353b733a303a22223b693a363b733a303a22223b693a373b733a303a22223b693a383b733a303a22223b693a393b733a303a22223b693a31303b733a303a22223b693a31313b733a303a22223b693a31323b733a303a22223b693a31333b733a303a22223b693a31343b733a303a22223b693a31353b733a303a22223b693a31363b733a303a22223b693a31373b733a303a22223b693a31383b733a303a22223b693a31393b733a303a22223b693a32303b733a303a22223b693a32313b733a303a22223b693a32323b733a303a22223b693a32333b733a303a22223b693a32343b733a303a22223b693a32353b733a303a22223b693a32363b733a303a22223b693a32373b733a303a22223b693a32383b733a303a22223b693a32393b733a303a22223b7d, 1, 0, '880', '', '接机送到酒店'),
(318, 74, 0x733a303a22223b, 0, 0, '0', '', ''),
(319, 72, 0x613a33303a7b693a303b733a343a2265747265223b693a313b733a303a22223b693a323b733a303a22223b693a333b733a303a22223b693a343b733a303a22223b693a353b733a303a22223b693a363b733a303a22223b693a373b733a303a22223b693a383b733a303a22223b693a393b733a303a22223b693a31303b733a303a22223b693a31313b733a303a22223b693a31323b733a303a22223b693a31333b733a303a22223b693a31343b733a303a22223b693a31353b733a303a22223b693a31363b733a303a22223b693a31373b733a303a22223b693a31383b733a303a22223b693a31393b733a303a22223b693a32303b733a303a22223b693a32313b733a303a22223b693a32323b733a303a22223b693a32333b733a303a22223b693a32343b733a303a22223b693a32353b733a303a22223b693a32363b733a303a22223b693a32373b733a303a22223b693a32383b733a303a22223b693a32393b733a303a22223b7d, 1, 0, '7', '10/01/2012 星期日', '7:00 a.m.- 135-20 39th Ave, Flushing, NY 11354 (喜来登酒店l) .'),
(320, 65, 0x613a33303a7b693a303b733a313a2264223b693a313b733a313a2273223b693a323b733a313a2261223b693a333b733a303a22223b693a343b733a303a22223b693a353b733a303a22223b693a363b733a303a22223b693a373b733a303a22223b693a383b733a303a22223b693a393b733a303a22223b693a31303b733a303a22223b693a31313b733a303a22223b693a31323b733a303a22223b693a31333b733a303a22223b693a31343b733a303a22223b693a31353b733a303a22223b693a31363b733a303a22223b693a31373b733a303a22223b693a31383b733a303a22223b693a31393b733a303a22223b693a32303b733a303a22223b693a32313b733a303a22223b693a32323b733a303a22223b693a32333b733a303a22223b693a32343b733a303a22223b693a32353b733a303a22223b693a32363b733a303a22223b693a32373b733a303a22223b693a32383b733a303a22223b693a32393b733a303a22223b7d, 3, 0, '375', '08/27/2012 星期三', '8:00  a.m. - 87 Bowery, New York, NY 10002 (Chinatown (Manhattan)'),
(321, 72, 0x613a33303a7b693a303b733a313a2277223b693a313b733a313a2265223b693a323b733a313a2277223b693a333b733a313a2271223b693a343b733a313a2265223b693a353b733a313a2274223b693a363b733a313a2279223b693a373b733a313a2234223b693a383b733a313a2279223b693a393b733a323a223368223b693a31303b733a303a22223b693a31313b733a303a22223b693a31323b733a303a22223b693a31333b733a303a22223b693a31343b733a303a22223b693a31353b733a303a22223b693a31363b733a303a22223b693a31373b733a303a22223b693a31383b733a303a22223b693a31393b733a303a22223b693a32303b733a303a22223b693a32313b733a303a22223b693a32323b733a303a22223b693a32333b733a303a22223b693a32343b733a303a22223b693a32353b733a303a22223b693a32363b733a303a22223b693a32373b733a303a22223b693a32383b733a303a22223b693a32393b733a303a22223b7d, 10, 0, '70', '10/01/2012 星期日', '7:00 a.m.- 135-20 39th Ave, Flushing, NY 11354 (喜来登酒店l) .'),
(322, 75, 0x613a33303a7b693a303b733a313a2264223b693a313b733a313a2273223b693a323b733a303a22223b693a333b733a303a22223b693a343b733a303a22223b693a353b733a303a22223b693a363b733a303a22223b693a373b733a303a22223b693a383b733a303a22223b693a393b733a303a22223b693a31303b733a303a22223b693a31313b733a303a22223b693a31323b733a303a22223b693a31333b733a303a22223b693a31343b733a303a22223b693a31353b733a303a22223b693a31363b733a303a22223b693a31373b733a303a22223b693a31383b733a303a22223b693a31393b733a303a22223b693a32303b733a303a22223b693a32313b733a303a22223b693a32323b733a303a22223b693a32333b733a303a22223b693a32343b733a303a22223b693a32353b733a303a22223b693a32363b733a303a22223b693a32373b733a303a22223b693a32383b733a303a22223b693a32393b733a303a22223b7d, 2, 0, '895', '08/06/2012 Tuesday', '7:00 a.m.- 135-20 39th Ave, Flushing, NY 11354 (Sheraton Hotel) .'),
(323, 75, 0x733a303a22223b, 0, 0, '0', '', ''),
(324, 75, 0x613a33303a7b693a303b733a313a2273223b693a313b733a323a227373223b693a323b733a313a2264223b693a333b733a313a2263223b693a343b733a313a2268223b693a353b733a313a226a223b693a363b733a313a2279223b693a373b733a313a2267223b693a383b733a303a22223b693a393b733a303a22223b693a31303b733a303a22223b693a31313b733a303a22223b693a31323b733a303a22223b693a31333b733a303a22223b693a31343b733a303a22223b693a31353b733a303a22223b693a31363b733a303a22223b693a31373b733a303a22223b693a31383b733a303a22223b693a31393b733a303a22223b693a32303b733a303a22223b693a32313b733a303a22223b693a32323b733a303a22223b693a32333b733a303a22223b693a32343b733a303a22223b693a32353b733a303a22223b693a32363b733a303a22223b693a32373b733a303a22223b693a32383b733a303a22223b693a32393b733a303a22223b7d, 8, 0, '2656', '08/08/2012 Sunday', '7:00 a.m.- 135-20 39th Ave, Flushing, NY 11354 (Sheraton Hotel) .'),
(325, 70, 0x613a33303a7b693a303b733a313a2264223b693a313b733a303a22223b693a323b733a303a22223b693a333b733a303a22223b693a343b733a303a22223b693a353b733a303a22223b693a363b733a303a22223b693a373b733a303a22223b693a383b733a303a22223b693a393b733a303a22223b693a31303b733a303a22223b693a31313b733a303a22223b693a31323b733a303a22223b693a31333b733a303a22223b693a31343b733a303a22223b693a31353b733a303a22223b693a31363b733a303a22223b693a31373b733a303a22223b693a31383b733a303a22223b693a31393b733a303a22223b693a32303b733a303a22223b693a32313b733a303a22223b693a32323b733a303a22223b693a32333b733a303a22223b693a32343b733a303a22223b693a32353b733a303a22223b693a32363b733a303a22223b693a32373b733a303a22223b693a32383b733a303a22223b693a32393b733a303a22223b7d, 1, 0, '295', '08/14/2012 Tuesday', '8:00  a.m. - 87 Bowery, New York, NY10002(Chinatown).'),
(326, 65, 0x613a33303a7b693a303b733a333a22657765223b693a313b733a303a22223b693a323b733a303a22223b693a333b733a303a22223b693a343b733a303a22223b693a353b733a303a22223b693a363b733a303a22223b693a373b733a303a22223b693a383b733a303a22223b693a393b733a303a22223b693a31303b733a303a22223b693a31313b733a303a22223b693a31323b733a303a22223b693a31333b733a303a22223b693a31343b733a303a22223b693a31353b733a303a22223b693a31363b733a303a22223b693a31373b733a303a22223b693a31383b733a303a22223b693a31393b733a303a22223b693a32303b733a303a22223b693a32313b733a303a22223b693a32323b733a303a22223b693a32333b733a303a22223b693a32343b733a303a22223b693a32353b733a303a22223b693a32363b733a303a22223b693a32373b733a303a22223b693a32383b733a303a22223b693a32393b733a303a22223b7d, 1, 0, '180', '08/27/2012 星期三', '8:00  a.m. - 87 Bowery, New York, NY 10002 (Chinatown (Manhattan)'),
(327, 80, 0x613a33303a7b693a303b733a313a2234223b693a313b733a303a22223b693a323b733a303a22223b693a333b733a303a22223b693a343b733a303a22223b693a353b733a303a22223b693a363b733a303a22223b693a373b733a303a22223b693a383b733a303a22223b693a393b733a303a22223b693a31303b733a303a22223b693a31313b733a303a22223b693a31323b733a303a22223b693a31333b733a303a22223b693a31343b733a303a22223b693a31353b733a303a22223b693a31363b733a303a22223b693a31373b733a303a22223b693a31383b733a303a22223b693a31393b733a303a22223b693a32303b733a303a22223b693a32313b733a303a22223b693a32323b733a303a22223b693a32333b733a303a22223b693a32343b733a303a22223b693a32353b733a303a22223b693a32363b733a303a22223b693a32373b733a303a22223b693a32383b733a303a22223b693a32393b733a303a22223b7d, 1, 0, '25', '09/24/2012 星期五', '法拉盛: 7:00 早上.- 135-20 39th Ave, Flushing, NY 11354 (Sheraton Hotel) .'),
(328, 65, 0x613a33303a7b693a303b733a313a2273223b693a313b733a303a22223b693a323b733a303a22223b693a333b733a303a22223b693a343b733a303a22223b693a353b733a303a22223b693a363b733a303a22223b693a373b733a303a22223b693a383b733a303a22223b693a393b733a303a22223b693a31303b733a303a22223b693a31313b733a303a22223b693a31323b733a303a22223b693a31333b733a303a22223b693a31343b733a303a22223b693a31353b733a303a22223b693a31363b733a303a22223b693a31373b733a303a22223b693a31383b733a303a22223b693a31393b733a303a22223b693a32303b733a303a22223b693a32313b733a303a22223b693a32323b733a303a22223b693a32333b733a303a22223b693a32343b733a303a22223b693a32353b733a303a22223b693a32363b733a303a22223b693a32373b733a303a22223b693a32383b733a303a22223b693a32393b733a303a22223b7d, 1, 0, '180', '08/13/2012 Saturday', '8:00  a.m. - 48 Bowery, New York, NY10013(Chinatown).'),
(329, 65, 0x613a33303a7b693a303b733a313a2266223b693a313b733a303a22223b693a323b733a303a22223b693a333b733a303a22223b693a343b733a303a22223b693a353b733a303a22223b693a363b733a303a22223b693a373b733a303a22223b693a383b733a303a22223b693a393b733a303a22223b693a31303b733a303a22223b693a31313b733a303a22223b693a31323b733a303a22223b693a31333b733a303a22223b693a31343b733a303a22223b693a31353b733a303a22223b693a31363b733a303a22223b693a31373b733a303a22223b693a31383b733a303a22223b693a31393b733a303a22223b693a32303b733a303a22223b693a32313b733a303a22223b693a32323b733a303a22223b693a32333b733a303a22223b693a32343b733a303a22223b693a32353b733a303a22223b693a32363b733a303a22223b693a32373b733a303a22223b693a32383b733a303a22223b693a32393b733a303a22223b7d, 1, 0, '180', '08/27/2012 Wednesday', '8:00  a.m. - 48 Bowery, New York, NY10013(Chinatown).'),
(330, 72, 0x613a33303a7b693a303b733a313a2273223b693a313b733a303a22223b693a323b733a303a22223b693a333b733a303a22223b693a343b733a303a22223b693a353b733a303a22223b693a363b733a303a22223b693a373b733a303a22223b693a383b733a303a22223b693a393b733a303a22223b693a31303b733a303a22223b693a31313b733a303a22223b693a31323b733a303a22223b693a31333b733a303a22223b693a31343b733a303a22223b693a31353b733a303a22223b693a31363b733a303a22223b693a31373b733a303a22223b693a31383b733a303a22223b693a31393b733a303a22223b693a32303b733a303a22223b693a32313b733a303a22223b693a32323b733a303a22223b693a32333b733a303a22223b693a32343b733a303a22223b693a32353b733a303a22223b693a32363b733a303a22223b693a32373b733a303a22223b693a32383b733a303a22223b693a32393b733a303a22223b7d, 1, 0, '7', '10/01/2012 Sunday', '7:00 a.m.- 135-20 39th Ave, Flushing, NY 11354 (Sheraton Hotel) .'),
(331, 80, 0x613a33303a7b693a303b733a313a2261223b693a313b733a303a22223b693a323b733a303a22223b693a333b733a303a22223b693a343b733a303a22223b693a353b733a303a22223b693a363b733a303a22223b693a373b733a303a22223b693a383b733a303a22223b693a393b733a303a22223b693a31303b733a303a22223b693a31313b733a303a22223b693a31323b733a303a22223b693a31333b733a303a22223b693a31343b733a303a22223b693a31353b733a303a22223b693a31363b733a303a22223b693a31373b733a303a22223b693a31383b733a303a22223b693a31393b733a303a22223b693a32303b733a303a22223b693a32313b733a303a22223b693a32323b733a303a22223b693a32333b733a303a22223b693a32343b733a303a22223b693a32353b733a303a22223b693a32363b733a303a22223b693a32373b733a303a22223b693a32383b733a303a22223b693a32393b733a303a22223b7d, 1, 0, '25', '09/24/2012 Friday', 'Flushing : 7:00  a.m.- 135-20 39th Ave, Flushing, NY 11354 (Sheraton Hotel) .'),
(332, 72, 0x613a33303a7b693a303b733a313a2273223b693a313b733a313a2273223b693a323b733a303a22223b693a333b733a303a22223b693a343b733a303a22223b693a353b733a303a22223b693a363b733a303a22223b693a373b733a303a22223b693a383b733a303a22223b693a393b733a303a22223b693a31303b733a303a22223b693a31313b733a303a22223b693a31323b733a303a22223b693a31333b733a303a22223b693a31343b733a303a22223b693a31353b733a303a22223b693a31363b733a303a22223b693a31373b733a303a22223b693a31383b733a303a22223b693a31393b733a303a22223b693a32303b733a303a22223b693a32313b733a303a22223b693a32323b733a303a22223b693a32333b733a303a22223b693a32343b733a303a22223b693a32353b733a303a22223b693a32363b733a303a22223b693a32373b733a303a22223b693a32383b733a303a22223b693a32393b733a303a22223b7d, 2, 0, '110', '10/01/2012 星期日', '7:00 a.m.- 135-20 39th Ave, Flushing, NY 11354 (喜来登酒店l) .'),
(333, 72, 0x613a33303a7b693a303b733a313a2261223b693a313b733a303a22223b693a323b733a303a22223b693a333b733a303a22223b693a343b733a303a22223b693a353b733a303a22223b693a363b733a303a22223b693a373b733a303a22223b693a383b733a303a22223b693a393b733a303a22223b693a31303b733a303a22223b693a31313b733a303a22223b693a31323b733a303a22223b693a31333b733a303a22223b693a31343b733a303a22223b693a31353b733a303a22223b693a31363b733a303a22223b693a31373b733a303a22223b693a31383b733a303a22223b693a31393b733a303a22223b693a32303b733a303a22223b693a32313b733a303a22223b693a32323b733a303a22223b693a32333b733a303a22223b693a32343b733a303a22223b693a32353b733a303a22223b693a32363b733a303a22223b693a32373b733a303a22223b693a32383b733a303a22223b693a32393b733a303a22223b7d, 1, 0, '55', '10/01/2012 Sunday', '7:00 a.m.- 135-20 39th Ave, Flushing, NY 11354 (Sheraton Hotel) .'),
(334, 72, 0x613a33303a7b693a303b733a333a22667364223b693a313b733a303a22223b693a323b733a303a22223b693a333b733a303a22223b693a343b733a303a22223b693a353b733a303a22223b693a363b733a303a22223b693a373b733a303a22223b693a383b733a303a22223b693a393b733a303a22223b693a31303b733a303a22223b693a31313b733a303a22223b693a31323b733a303a22223b693a31333b733a303a22223b693a31343b733a303a22223b693a31353b733a303a22223b693a31363b733a303a22223b693a31373b733a303a22223b693a31383b733a303a22223b693a31393b733a303a22223b693a32303b733a303a22223b693a32313b733a303a22223b693a32323b733a303a22223b693a32333b733a303a22223b693a32343b733a303a22223b693a32353b733a303a22223b693a32363b733a303a22223b693a32373b733a303a22223b693a32383b733a303a22223b693a32393b733a303a22223b7d, 1, 0, '55', '10/01/2012 星期日', '7:00 a.m.- 135-20 39th Ave, Flushing, NY 11354 (喜来登酒店l) .'),
(335, 80, 0x613a33303a7b693a303b733a343a2273646673223b693a313b733a303a22223b693a323b733a303a22223b693a333b733a303a22223b693a343b733a303a22223b693a353b733a303a22223b693a363b733a303a22223b693a373b733a303a22223b693a383b733a303a22223b693a393b733a303a22223b693a31303b733a303a22223b693a31313b733a303a22223b693a31323b733a303a22223b693a31333b733a303a22223b693a31343b733a303a22223b693a31353b733a303a22223b693a31363b733a303a22223b693a31373b733a303a22223b693a31383b733a303a22223b693a31393b733a303a22223b693a32303b733a303a22223b693a32313b733a303a22223b693a32323b733a303a22223b693a32333b733a303a22223b693a32343b733a303a22223b693a32353b733a303a22223b693a32363b733a303a22223b693a32373b733a303a22223b693a32383b733a303a22223b693a32393b733a303a22223b7d, 1, 0, '55', '09/20/2012 星期二', '法拉盛: 7:00 早上.- 135-20 39th Ave, Flushing, NY 11354 (Sheraton Hotel) .'),
(336, 80, 0x613a33303a7b693a303b733a333a22647364223b693a313b733a323a227364223b693a323b733a323a227364223b693a333b733a343a2273647364223b693a343b733a323a227364223b693a353b733a323a227364223b693a363b733a303a22223b693a373b733a303a22223b693a383b733a303a22223b693a393b733a303a22223b693a31303b733a303a22223b693a31313b733a303a22223b693a31323b733a303a22223b693a31333b733a303a22223b693a31343b733a303a22223b693a31353b733a303a22223b693a31363b733a303a22223b693a31373b733a303a22223b693a31383b733a303a22223b693a31393b733a303a22223b693a32303b733a303a22223b693a32313b733a303a22223b693a32323b733a303a22223b693a32333b733a303a22223b693a32343b733a303a22223b693a32353b733a303a22223b693a32363b733a303a22223b693a32373b733a303a22223b693a32383b733a303a22223b693a32393b733a303a22223b7d, 1, 5, '255', '09/12/2012 星期四', '8:00  a.m. - 48 Bowery, New York, NY10013(唐人街).'),
(337, 80, 0x613a33303a7b693a303b733a363a22736466736466223b693a313b733a353a227366647366223b693a323b733a303a22223b693a333b733a303a22223b693a343b733a303a22223b693a353b733a303a22223b693a363b733a303a22223b693a373b733a303a22223b693a383b733a303a22223b693a393b733a303a22223b693a31303b733a303a22223b693a31313b733a303a22223b693a31323b733a303a22223b693a31333b733a303a22223b693a31343b733a303a22223b693a31353b733a303a22223b693a31363b733a303a22223b693a31373b733a303a22223b693a31383b733a303a22223b693a31393b733a303a22223b693a32303b733a303a22223b693a32313b733a303a22223b693a32323b733a303a22223b693a32333b733a303a22223b693a32343b733a303a22223b693a32353b733a303a22223b693a32363b733a303a22223b693a32373b733a303a22223b693a32383b733a303a22223b693a32393b733a303a22223b7d, 1, 1, '95', '10/25/2012 星期二', '法拉盛: 7:00 早上.- 135-20 39th Ave, Flushing, NY 11354 (Sheraton Hotel) .'),
(338, 80, 0x613a33303a7b693a303b733a313a2261223b693a313b733a303a22223b693a323b733a303a22223b693a333b733a303a22223b693a343b733a303a22223b693a353b733a303a22223b693a363b733a303a22223b693a373b733a303a22223b693a383b733a303a22223b693a393b733a303a22223b693a31303b733a303a22223b693a31313b733a303a22223b693a31323b733a303a22223b693a31333b733a303a22223b693a31343b733a303a22223b693a31353b733a303a22223b693a31363b733a303a22223b693a31373b733a303a22223b693a31383b733a303a22223b693a31393b733a303a22223b693a32303b733a303a22223b693a32313b733a303a22223b693a32323b733a303a22223b693a32333b733a303a22223b693a32343b733a303a22223b693a32353b733a303a22223b693a32363b733a303a22223b693a32373b733a303a22223b693a32383b733a303a22223b693a32393b733a303a22223b7d, 1, 0, '55', '10/19/2012 星期日', '法拉盛: 7:00 早上.- 135-20 39th Ave, Flushing, NY 11354 (Sheraton Hotel) .'),
(339, 80, 0x613a33303a7b693a303b733a373a226c692c6368656e223b693a313b733a393a226368656e2c6d696e67223b693a323b733a303a22223b693a333b733a303a22223b693a343b733a303a22223b693a353b733a303a22223b693a363b733a303a22223b693a373b733a303a22223b693a383b733a303a22223b693a393b733a303a22223b693a31303b733a303a22223b693a31313b733a303a22223b693a31323b733a303a22223b693a31333b733a303a22223b693a31343b733a303a22223b693a31353b733a303a22223b693a31363b733a303a22223b693a31373b733a303a22223b693a31383b733a303a22223b693a31393b733a303a22223b693a32303b733a303a22223b693a32313b733a303a22223b693a32323b733a303a22223b693a32333b733a303a22223b693a32343b733a303a22223b693a32353b733a303a22223b693a32363b733a303a22223b693a32373b733a303a22223b693a32383b733a303a22223b693a32393b733a303a22223b7d, 2, 0, '110', '10/28/2012 星期二', '法拉盛: 7:00 早上.- 135-20 39th Ave, Flushing, NY 11354 (Sheraton Hotel) .'),
(340, 75, 0x613a33303a7b693a303b733a343a2277726577223b693a313b733a303a22223b693a323b733a303a22223b693a333b733a303a22223b693a343b733a303a22223b693a353b733a303a22223b693a363b733a303a22223b693a373b733a303a22223b693a383b733a303a22223b693a393b733a303a22223b693a31303b733a303a22223b693a31313b733a303a22223b693a31323b733a303a22223b693a31333b733a303a22223b693a31343b733a303a22223b693a31353b733a303a22223b693a31363b733a303a22223b693a31373b733a303a22223b693a31383b733a303a22223b693a31393b733a303a22223b693a32303b733a303a22223b693a32313b733a303a22223b693a32323b733a303a22223b693a32333b733a303a22223b693a32343b733a303a22223b693a32353b733a303a22223b693a32363b733a303a22223b693a32373b733a303a22223b693a32383b733a303a22223b693a32393b733a303a22223b7d, 1, 0, '575', '11/12/2012 星期六', '7:00 a.m.- 135-20 39th Ave, Flushing, NY 11354 (喜来登酒店l) .'),
(341, 75, 0x613a33303a7b693a303b733a333a22616263223b693a313b733a303a22223b693a323b733a303a22223b693a333b733a303a22223b693a343b733a303a22223b693a353b733a303a22223b693a363b733a303a22223b693a373b733a303a22223b693a383b733a303a22223b693a393b733a303a22223b693a31303b733a303a22223b693a31313b733a303a22223b693a31323b733a303a22223b693a31333b733a303a22223b693a31343b733a303a22223b693a31353b733a303a22223b693a31363b733a303a22223b693a31373b733a303a22223b693a31383b733a303a22223b693a31393b733a303a22223b693a32303b733a303a22223b693a32313b733a303a22223b693a32323b733a303a22223b693a32333b733a303a22223b693a32343b733a303a22223b693a32353b733a303a22223b693a32363b733a303a22223b693a32373b733a303a22223b693a32383b733a303a22223b693a32393b733a303a22223b7d, 1, 0, '575', '11/12/2012 星期六', '7:00 a.m.- 135-20 39th Ave, Flushing, NY 11354 (喜来登酒店l) .'),
(342, 70, 0x613a33303a7b693a303b733a343a2261736465223b693a313b733a333a22617364223b693a323b733a303a22223b693a333b733a303a22223b693a343b733a303a22223b693a353b733a303a22223b693a363b733a303a22223b693a373b733a303a22223b693a383b733a303a22223b693a393b733a303a22223b693a31303b733a303a22223b693a31313b733a303a22223b693a31323b733a303a22223b693a31333b733a303a22223b693a31343b733a303a22223b693a31353b733a303a22223b693a31363b733a303a22223b693a31373b733a303a22223b693a31383b733a303a22223b693a31393b733a303a22223b693a32303b733a303a22223b693a32313b733a303a22223b693a32323b733a303a22223b693a32333b733a303a22223b693a32343b733a303a22223b693a32353b733a303a22223b693a32363b733a303a22223b693a32373b733a303a22223b693a32383b733a303a22223b693a32393b733a303a22223b7d, 2, 0, '590', '11/29/2012 星期五', '法拉盛: 7:00 早上.- 135-20 39th Ave, Flushing, NY 11354 (Sheraton Hotel) .'),
(343, 75, 0x613a33303a7b693a303b733a353a226c6973616e223b693a313b733a343a226c697369223b693a323b733a303a22223b693a333b733a303a22223b693a343b733a303a22223b693a353b733a303a22223b693a363b733a303a22223b693a373b733a303a22223b693a383b733a303a22223b693a393b733a303a22223b693a31303b733a303a22223b693a31313b733a303a22223b693a31323b733a303a22223b693a31333b733a303a22223b693a31343b733a303a22223b693a31353b733a303a22223b693a31363b733a303a22223b693a31373b733a303a22223b693a31383b733a303a22223b693a31393b733a303a22223b693a32303b733a303a22223b693a32313b733a303a22223b693a32323b733a303a22223b693a32333b733a303a22223b693a32343b733a303a22223b693a32353b733a303a22223b693a32363b733a303a22223b693a32373b733a303a22223b693a32383b733a303a22223b693a32393b733a303a22223b7d, 2, 0, '1150', '11/22/2012 星期三', '7:00 a.m.- 135-20 39th Ave, Flushing, NY 11354 (喜来登酒店l) .'),
(344, 65, 0x613a33303a7b693a303b733a313a2264223b693a313b733a313a2266223b693a323b733a313a2273223b693a333b733a313a2261223b693a343b733a303a22223b693a353b733a303a22223b693a363b733a303a22223b693a373b733a303a22223b693a383b733a303a22223b693a393b733a303a22223b693a31303b733a303a22223b693a31313b733a303a22223b693a31323b733a303a22223b693a31333b733a303a22223b693a31343b733a303a22223b693a31353b733a303a22223b693a31363b733a303a22223b693a31373b733a303a22223b693a31383b733a303a22223b693a31393b733a303a22223b693a32303b733a303a22223b693a32313b733a303a22223b693a32323b733a303a22223b693a32333b733a303a22223b693a32343b733a303a22223b693a32353b733a303a22223b693a32363b733a303a22223b693a32373b733a303a22223b693a32383b733a303a22223b693a32393b733a303a22223b7d, 2, 0, '280', '12/31/2012 星期四', '8:00  a.m. - 48 Bowery, New York, NY10013(唐人街).'),
(345, 80, 0x613a33303a7b693a303b733a323a227777223b693a313b733a303a22223b693a323b733a303a22223b693a333b733a303a22223b693a343b733a303a22223b693a353b733a303a22223b693a363b733a303a22223b693a373b733a303a22223b693a383b733a303a22223b693a393b733a303a22223b693a31303b733a303a22223b693a31313b733a303a22223b693a31323b733a303a22223b693a31333b733a303a22223b693a31343b733a303a22223b693a31353b733a303a22223b693a31363b733a303a22223b693a31373b733a303a22223b693a31383b733a303a22223b693a31393b733a303a22223b693a32303b733a303a22223b693a32313b733a303a22223b693a32323b733a303a22223b693a32333b733a303a22223b693a32343b733a303a22223b693a32353b733a303a22223b693a32363b733a303a22223b693a32373b733a303a22223b693a32383b733a303a22223b693a32393b733a303a22223b7d, 1, 0, '10', '12/12/2012 星期一', '法拉盛: 7:00 早上.- 135-20 39th Ave, Flushing, NY 11354 (Sheraton Hotel) .'),
(346, 81, 0x613a33303a7b693a303b733a363a226e6e6e6e6e75223b693a313b733a343a226a6f6975223b693a323b733a303a22223b693a333b733a303a22223b693a343b733a303a22223b693a353b733a303a22223b693a363b733a303a22223b693a373b733a303a22223b693a383b733a303a22223b693a393b733a303a22223b693a31303b733a303a22223b693a31313b733a303a22223b693a31323b733a303a22223b693a31333b733a303a22223b693a31343b733a303a22223b693a31353b733a303a22223b693a31363b733a303a22223b693a31373b733a303a22223b693a31383b733a303a22223b693a31393b733a303a22223b693a32303b733a303a22223b693a32313b733a303a22223b693a32323b733a303a22223b693a32333b733a303a22223b693a32343b733a303a22223b693a32353b733a303a22223b693a32363b733a303a22223b693a32373b733a303a22223b693a32383b733a303a22223b693a32393b733a303a22223b7d, 2, 0, '460', '11/28/2012 星期三', '8:00  a.m. - 48 Bowery, New York, NY10013(唐人街).'),
(347, 80, 0x613a33303a7b693a303b733a313a2264223b693a313b733a303a22223b693a323b733a303a22223b693a333b733a303a22223b693a343b733a303a22223b693a353b733a303a22223b693a363b733a303a22223b693a373b733a303a22223b693a383b733a303a22223b693a393b733a303a22223b693a31303b733a303a22223b693a31313b733a303a22223b693a31323b733a303a22223b693a31333b733a303a22223b693a31343b733a303a22223b693a31353b733a303a22223b693a31363b733a303a22223b693a31373b733a303a22223b693a31383b733a303a22223b693a31393b733a303a22223b693a32303b733a303a22223b693a32313b733a303a22223b693a32323b733a303a22223b693a32333b733a303a22223b693a32343b733a303a22223b693a32353b733a303a22223b693a32363b733a303a22223b693a32373b733a303a22223b693a32383b733a303a22223b693a32393b733a303a22223b7d, 1, 0, '10', '12/12/2012 星期一', '法拉盛: 7:00 早上.- 135-20 39th Ave, Flushing, NY 11354 (Sheraton Hotel) .'),
(348, 71, 0x733a303a22223b, 0, 0, '0', '', ''),
(349, 71, 0x733a303a22223b, 0, 0, '0', '', ''),
(350, 86, 0x613a33303a7b693a303b733a313a2230223b693a313b733a303a22223b693a323b733a303a22223b693a333b733a303a22223b693a343b733a303a22223b693a353b733a303a22223b693a363b733a303a22223b693a373b733a303a22223b693a383b733a303a22223b693a393b733a303a22223b693a31303b733a303a22223b693a31313b733a303a22223b693a31323b733a303a22223b693a31333b733a303a22223b693a31343b733a303a22223b693a31353b733a303a22223b693a31363b733a303a22223b693a31373b733a303a22223b693a31383b733a303a22223b693a31393b733a303a22223b693a32303b733a303a22223b693a32313b733a303a22223b693a32323b733a303a22223b693a32333b733a303a22223b693a32343b733a303a22223b693a32353b733a303a22223b693a32363b733a303a22223b693a32373b733a303a22223b693a32383b733a303a22223b693a32393b733a303a22223b7d, 1, 0, '100', '', '法拉盛: 7:00 早上.- 135-20 39th Ave, Flushing, NY 11354 (Sheraton Hotel) .'),
(351, 78, 0x613a33303a7b693a303b733a313a2261223b693a313b733a303a22223b693a323b733a303a22223b693a333b733a303a22223b693a343b733a303a22223b693a353b733a303a22223b693a363b733a303a22223b693a373b733a303a22223b693a383b733a303a22223b693a393b733a303a22223b693a31303b733a303a22223b693a31313b733a303a22223b693a31323b733a303a22223b693a31333b733a303a22223b693a31343b733a303a22223b693a31353b733a303a22223b693a31363b733a303a22223b693a31373b733a303a22223b693a31383b733a303a22223b693a31393b733a303a22223b693a32303b733a303a22223b693a32313b733a303a22223b693a32323b733a303a22223b693a32333b733a303a22223b693a32343b733a303a22223b693a32353b733a303a22223b693a32363b733a303a22223b693a32373b733a303a22223b693a32383b733a303a22223b693a32393b733a303a22223b7d, 1, 0, '10', '05/01/2013 星期二', '檀香山机场(进出）'),
(352, 86, 0x613a33303a7b693a303b733a313a2261223b693a313b733a303a22223b693a323b733a303a22223b693a333b733a303a22223b693a343b733a303a22223b693a353b733a303a22223b693a363b733a303a22223b693a373b733a303a22223b693a383b733a303a22223b693a393b733a303a22223b693a31303b733a303a22223b693a31313b733a303a22223b693a31323b733a303a22223b693a31333b733a303a22223b693a31343b733a303a22223b693a31353b733a303a22223b693a31363b733a303a22223b693a31373b733a303a22223b693a31383b733a303a22223b693a31393b733a303a22223b693a32303b733a303a22223b693a32313b733a303a22223b693a32323b733a303a22223b693a32333b733a303a22223b693a32343b733a303a22223b693a32353b733a303a22223b693a32363b733a303a22223b693a32373b733a303a22223b693a32383b733a303a22223b693a32393b733a303a22223b7d, 1, 0, '100', '07/01/2013 星期日', '法拉盛: 7:00 早上.- 135-20 39th Ave, Flushing, NY 11354 (Sheraton Hotel) .'),
(353, 72, 0x613a33303a7b693a303b733a323a227a5a223b693a313b733a303a22223b693a323b733a303a22223b693a333b733a303a22223b693a343b733a303a22223b693a353b733a303a22223b693a363b733a303a22223b693a373b733a303a22223b693a383b733a303a22223b693a393b733a303a22223b693a31303b733a303a22223b693a31313b733a303a22223b693a31323b733a303a22223b693a31333b733a303a22223b693a31343b733a303a22223b693a31353b733a303a22223b693a31363b733a303a22223b693a31373b733a303a22223b693a31383b733a303a22223b693a31393b733a303a22223b693a32303b733a303a22223b693a32313b733a303a22223b693a32323b733a303a22223b693a32333b733a303a22223b693a32343b733a303a22223b693a32353b733a303a22223b693a32363b733a303a22223b693a32373b733a303a22223b693a32383b733a303a22223b693a32393b733a303a22223b7d, 1, 0, '55', '05/04/2013 星期一', '8.45 am -828 US 46 Parsippany, New Jersey NJ (鑫鑫超市).');

-- --------------------------------------------------------

--
-- Table structure for table `order_mail`
--

CREATE TABLE IF NOT EXISTS `order_mail` (
  `order_mail_id` int(11) NOT NULL AUTO_INCREMENT,
  `order_id` int(11) DEFAULT NULL,
  `recipient` varchar(100) CHARACTER SET utf8 COLLATE utf8_bin DEFAULT NULL,
  `subject` varchar(200) CHARACTER SET utf8 COLLATE utf8_bin NOT NULL,
  `body` text CHARACTER SET utf8 COLLATE utf8_bin NOT NULL,
  `sent` int(11) NOT NULL,
  PRIMARY KEY (`order_mail_id`)
) ENGINE=MyISAM  DEFAULT CHARSET=utf8 AUTO_INCREMENT=17 ;

--
-- Dumping data for table `order_mail`
--

INSERT INTO `order_mail` (`order_mail_id`, `order_id`, `recipient`, `subject`, `body`, `sent`) VALUES
(4, 105, 'mononedv@gmail.com', '订单已确认 - USA4FUN.com', 0x3c21444f43545950452068746d6c205055424c494320222d2f2f5733432f2f4454442048544d4c20342e30312f2f454e222022687474703a2f2f7777772e77332e6f72672f54522f313939392f5245432d68746d6c3430312d31393939313232342f7374726963742e647464223e0d0a3c68746d6c3e0d0a3c686561643e0d0a3c6d65746120687474702d65717569763d22436f6e74656e742d547970652220636f6e74656e743d22746578742f68746d6c3b20636861727365743d7574662d38223e0d0a3c2f686561643e0d0a3c626f64793e0d0a3c6469762069643d226d61696c626f6479223e0d0a202020203c6831207374796c653d22666f6e742d66616d696c793a417269616c2c2048656c7665746963612c2073616e732d73657269663b20666f6e742d7765696768743a626f6c643b20666f6e742d73697a653a323470783b20636f6c6f723a626c61636b3b206d617267696e3a31357078203570783b2070616464696e673a30223e3c6120687265663d22687474703a2f2f7573613466756e2e636f6d22207374796c653d22746578742d6465636f726174696f6e3a6e6f6e653b20636f6c6f723a626c61636b223e5553413446554e2e636f6d3c2f613e3c2f68313e0d0a202020203c7461626c652063656c6c70616464696e673d2235222063656c6c73706163696e673d223522207374796c653d22666f6e742d73697a653a20313270783b222077696474683d223537307078223e0d0a20202020202020203c74723e0d0a2020202020202020202020203c746820636f6c7370616e3d22332220616c69676e3d226c65667422207374796c653d226261636b67726f756e643a236363633b223ee88194e7b3bbe68891e4bbac3c2f74683e0d0a20202020202020203c2f74723e0d0a20202020202020203c74723e0d0a2020202020202020202020203c746420616c69676e3d226c656674223e3c6c6162656c207374796c653d22666f6e742d7765696768743a626f6c64223ee88194e7b3bbe794b5e8af9defbc9a3c2f6c6162656c3e3c2f74643e0d0a2020202020202020202020203c746420616c69676e3d226c6566742220636f6c7370616e3d2232223e3c6c6162656c207374796c653d22666f6e742d7765696768743a626f6c64223ee88194e7b3bbe4babaefbc9a3c2f6c6162656c3e3c2f74643e0d0a20202020202020203c2f74723e0d0a20202020202020203c74723e0d0a2020202020202020202020203c746820636f6c7370616e3d22332220616c69676e3d226c65667422207374796c653d226261636b67726f756e643a236363633b223ee8aea2e58d95e7a1aee8aea4e4bfa1e681af3c2f74683e0d0a20202020202020203c2f74723e0d0a20202020202020203c74723e0d0a2020202020202020202020203c746420616c69676e3d226c656674223e3c6c6162656c207374796c653d22666f6e742d7765696768743a626f6c64223ee7a1aee8aea4e58fb7efbc9a3c2f6c6162656c3e3c2f74643e0d0a2020202020202020202020203c746420616c69676e3d226c656674223e3c6c6162656c207374796c653d22666f6e742d7765696768743a626f6c64223ee7a1aee8aea4e697a5e69c9fefbc9a3c2f6c6162656c3e3c2f74643e0d0a2020202020202020202020203c746420616c69676e3d226c656674223e3c6c6162656c207374796c653d22666f6e742d7765696768743a626f6c64223ee7a1aee8aea4e697b6e997b4efbc9a3c2f6c6162656c3e3c2f74643e0d0a20202020202020203c2f74723e0d0a20202020202020203c74723e0d0a2020202020202020202020203c746420616c69676e3d226c6566742220636f6c7370616e3d2233223e3c6c6162656c207374796c653d22666f6e742d7765696768743a626f6c64223ee587bae58f91e697b6e997b4efbc9a3c2f6c6162656c3e3c2f74643e0d0a20202020202020203c2f74723e0d0a202020203c2f7461626c653e0d0a202020203c70207374796c653d22666f6e742d73697a653a20313270783b223e266e6273703b3c2f703e0d0a202020203c70207374796c653d2270616464696e672d6c6566743a313070783b20666f6e742d7765696768743a626f6c643b666f6e742d73697a653a20313270783b223ee4bab2e788b1e79a84202c3c2f703e0d0a202020203c70207374796c653d2270616464696e672d6c6566743a313070783b666f6e742d73697a653a20313270783b223ee6849fe8b0a2e682a8e98089e68ba9203c7374726f6e673e5553413446554e2e636f6d3c2f7374726f6e673e3c2f703e0d0a202020203c70207374796c653d2270616464696e672d6c6566743a313070783b666f6e742d73697a653a20313270783b223ee682a8e79a84e8aea2e58d95202320202820202920e5b7b2e5a484e79086e5ae8ce6af95e380823c2f703e0d0a202020203c70207374796c653d2270616464696e672d6c6566743a313070783b666f6e742d73697a653a20313270783b2077696474683a35373070783b223ee682a8e79a84e4bfa1e794a8e58da120787878782020e5b086e4bc9ae8a2ab205553413446554e20496e6320e694b6e58f96e98791e9a29d2020e4bd9ce4b8bae6ada4e8aea2e58d95e79a84e4bb98e6acbee380820d0a20202020e4b88be99da2e698afe682a8e79a84203c7374726f6e673ee794b5e5ad90e799bbe8bda6e8af813c2f7374726f6e673e2020e4bfa1e681afefbc9a3c2f703e202020200d0a202020203c7461626c652063656c6c70616464696e673d2235222063656c6c73706163696e673d22352220626f726465723d223122207374796c653d226d617267696e2d6c6566743a313070783b666f6e742d73697a653a20313270783b222077696474683d223537307078223e0d0a20202020202020203c74723e0d0a2020202020202020202020203c746420616c69676e3d226c6566742220636f6c7370616e3d2232223e3c6c6162656c207374796c653d22666f6e742d7765696768743a626f6c64223ee8b7afe7babfefbc9a3c2f6c6162656c3e3c6272202f3e0d0a202020202020202020202020202020203c2f74643e0d0a2020202020202020202020203c746420616c69676e3d226c656674223e3c6c6162656c207374796c653d22666f6e742d7765696768743a626f6c64223ee8b7afe7babfe7bc96e58fb7efbc9a203c2f6c6162656c3e3c6272202f3e0d0a202020202020202020202020202020203c2f74643e0d0a20202020202020203c2f74723e0d0a20202020202020203c74723e0d0a2020202020202020202020203c746420616c69676e3d226c6566742220636f6c7370616e3d2232223e3c6c6162656c207374796c653d22666f6e742d7765696768743a626f6c64223ee69785e5aea2e5a793e5908defbc9a3c2f6c6162656c3e3c6272202f3e0d0a202020202020202020202020202020203c2f74643e0d0a2020202020202020202020203c746420616c69676e3d226c656674223e283c6c6162656c207374796c653d22666f6e742d7765696768743a626f6c64223ee68890e4babaefbc9a3c2f6c6162656c3e2c203c6c6162656c207374796c653d22666f6e742d7765696768743a626f6c64223ee584bfe7aba5efbc9a3c2f6c6162656c3e293c6272202f3e0d0a202020202020202020202020202020203c6c6162656c207374796c653d22666f6e742d7765696768743a626f6c64223ee4bc98e683a0efbc9a3c2f6c6162656c3e3c2f74643e0d0a20202020202020203c2f74723e0d0a20202020202020203c74723e0d0a2020202020202020202020203c746420616c69676e3d226c656674223e3c6c6162656c207374796c653d22666f6e742d7765696768743a626f6c64223ee682a8e79a84e5baa7e4bd8de58fb7efbc9a3c2f6c6162656c3e3c2f74643e0d0a2020202020202020202020203c746420616c69676e3d226c656674223e3c6c6162656c207374796c653d22666f6e742d7765696768743a626f6c64223ee8bda6e58fb7efbc9a3c2f6c6162656c3e3c2f74643e0d0a2020202020202020202020203c746420616c69676e3d226c656674223e3c6c6162656c207374796c653d22666f6e742d7765696768743a626f6c64223ee98592e5ba97e688bfe997b4efbc9a3c2f6c6162656c3e3c2f74643e0d0a20202020202020203c2f74723e0d0a202020203c2f7461626c653e0d0a202020203c7461626c652063656c6c70616464696e673d2235222063656c6c73706163696e673d223522207374796c653d22666f6e742d73697a653a20313270783b222077696474683d223537307078223e0d0a20202020202020203c74723e0d0a2020202020202020202020203c746420616c69676e3d226c6566742220636f6c7370616e3d2232223e3c6c6162656c207374796c653d22666f6e742d7765696768743a626f6c64223ee587bae58f91e697a5e69c9fefbc9a3c2f6c6162656c3e3c2f74643e0d0a20202020202020203c2f74723e0d0a20202020202020203c74723e0d0a2020202020202020202020203c746420616c69676e3d226c656674223e3c6c6162656c207374796c653d22666f6e742d7765696768743a626f6c64223ee4b88ae8bda6e697b6e997b4efbc9a3c2f6c6162656c3e3c2f74643e0d0a2020202020202020202020203c746420616c69676e3d226c656674223e3c6c6162656c207374796c653d22666f6e742d7765696768743a626f6c64223ee59cb0e782b9efbc9a3c2f6c6162656c3e3c2f74643e0d0a20202020202020203c2f74723e0d0a20202020202020203c74723e0d0a2020202020202020202020203c746420616c69676e3d226c656674223e3c6c6162656c207374796c653d22666f6e742d7765696768743a626f6c64223ee587bae58f91e697b6e997b4efbc9a3c2f6c6162656c3e3c2f74643e0d0a2020202020202020202020203c746420616c69676e3d226c656674223e3c6c6162656c207374796c653d22666f6e742d7765696768743a626f6c64223ee59cb0e782b9efbc9a3c2f6c6162656c3e3c2f74643e0d0a20202020202020203c2f74723e0d0a20202020202020203c74723e0d0a2020202020202020202020203c746420616c69676e3d226c6566742220636f6c7370616e3d2232223e3c6c6162656c207374796c653d22666f6e742d7765696768743a626f6c64223ee789b9e588abe68f90e7a4baefbc9a3c2f6c6162656c3e3c2f74643e0d0a20202020202020203c2f74723e0d0a202020203c2f7461626c653e0d0a202020203c70207374796c653d22666f6e742d73697a653a20313270783b223e266e6273703b3c2f703e0d0a202020203c7461626c652063656c6c70616464696e673d2235222063656c6c73706163696e673d223522207374796c653d22666f6e742d73697a653a20313270783b223e0d0a20202020202020203c74723e0d0a2020202020202020202020203c746420616c69676e3d226c656674223ee69785e5aea2e7adbee5908defbc9a3c2f74643e0d0a2020202020202020202020203c746420616c69676e3d226c65667422207374796c653d22626f726465722d626f74746f6d3a31707820736f6c696420626c61636b3b2077696474683a31383070783b223e266e6273703b3c2f74643e0d0a2020202020202020202020203c746420616c69676e3d226c656674223ee697a5e69c9fefbc9a3c2f74643e0d0a2020202020202020202020203c746420616c69676e3d226c65667422207374796c653d22626f726465722d626f74746f6d3a31707820736f6c696420626c61636b3b2077696474683a31303070783b223e266e6273703b3c2f74643e0d0a20202020202020203c2f74723e0d0a202020203c2f7461626c653e0d0a202020200d0a202020203c70207374796c653d22666f6e742d73697a653a20313270783b223e266e6273703b3c2f703e0d0a202020203c70207374796c653d2270616464696e672d6c6566743a313070783b666f6e742d73697a653a20313270783b223ee5a682e69e9ce683b3e8a681e88eb7e58f96e69bb4e5a49ae4bfa1e681afefbc8ce8afb7e8aebfe997aee4bba5e4b88be993bee68ea5efbc9a3c2f703e0d0a202020203c756c207374796c653d226d617267696e3a303b2070616464696e673a303b2070616464696e672d6c6566743a313070783b206c6973742d7374796c653a696e736964653b206c696e652d6865696768743a323070783b666f6e742d73697a653a20313270783b223e0d0a20202020202020203c6c693ee9a9bee8bda6e8b7afe7babf202d20e69fa5e79c8be6ada4e993bee68ea5203e3e3e282020293c2f6c693e0d0a20202020202020203c6c693ee59cb0e99381e8b7afe7babf202d2020e69fa5e79c8be6ada4e993bee68ea5203e3e203e3e3e282020293c2f6c693e2020200d0a20202020202020203c6c693ee99984e8bf91e6b1bde8bda6e69c8de58aa1202d20e69fa5e79c8be6ada4e993bee68ea5203e3e3e282020293c2f6c693e2020200d0a20202020202020203c6c693ee98592e5ba97202d20e69fa5e79c8be6ada4e993bee68ea5203e3e3e282020293c2f6c693e2020200d0a20202020202020203c6c693ee58f96e6b6882fe98080e6acbee694bfe7ad96202d20e69fa5e79c8be6ada4e993bee68ea5203e3e3e282020293c2f6c693e2020200d0a20202020202020203c6c693ee99a90e7a781e69da1e6acbe202d20e69fa5e79c8be6ada4e993bee68ea5203e3e3e282020293c2f6c693e2020200d0a20202020202020203c6c693ee4bbb7e6a0bce58c85e68bac202d20e69fa5e79c8be6ada4e993bee68ea5203e3e3e282020293c2f6c693e2020200d0a20202020202020203c6c693ee4bbb7e6a0bce4b88de58c85e68bac202d20e69fa5e79c8be6ada4e993bee68ea5203e3e3e282020293c2f6c693e0d0a202020203c2f756c3e2020200d0a3c2f6469763e0d0a3c2f626f64793e0d0a3c2f68746d6c3e, 1336506750),
(3, 109, 'mononedv@gmail.com', '订单已确认 - USA4FUN.com', 0x3c21444f43545950452068746d6c205055424c494320222d2f2f5733432f2f4454442048544d4c20342e30312f2f454e222022687474703a2f2f7777772e77332e6f72672f54522f313939392f5245432d68746d6c3430312d31393939313232342f7374726963742e647464223e0d0a3c68746d6c3e0d0a3c686561643e0d0a3c6d65746120687474702d65717569763d22436f6e74656e742d547970652220636f6e74656e743d22746578742f68746d6c3b20636861727365743d7574662d38223e0d0a3c2f686561643e0d0a3c626f64793e0d0a3c6469762069643d226d61696c626f6479223e0d0a202020203c6831207374796c653d22666f6e742d66616d696c793a417269616c2c2048656c7665746963612c2073616e732d73657269663b20666f6e742d7765696768743a626f6c643b20666f6e742d73697a653a323470783b20636f6c6f723a626c61636b3b206d617267696e3a31357078203570783b2070616464696e673a30223e3c6120687265663d22687474703a2f2f7573613466756e2e636f6d22207374796c653d22746578742d6465636f726174696f6e3a6e6f6e653b20636f6c6f723a626c61636b223e5553413446554e2e636f6d3c2f613e3c2f68313e0d0a202020203c7461626c652063656c6c70616464696e673d2235222063656c6c73706163696e673d223522207374796c653d22666f6e742d73697a653a20313270783b222077696474683d223537307078223e0d0a20202020202020203c74723e0d0a2020202020202020202020203c746820636f6c7370616e3d22332220616c69676e3d226c65667422207374796c653d226261636b67726f756e643a236363633b223ee88194e7b3bbe68891e4bbac3c2f74683e0d0a20202020202020203c2f74723e0d0a20202020202020203c74723e0d0a2020202020202020202020203c746420616c69676e3d226c656674223e3c6c6162656c207374796c653d22666f6e742d7765696768743a626f6c64223ee88194e7b3bbe794b5e8af9defbc9a3c2f6c6162656c3e3c2f74643e0d0a2020202020202020202020203c746420616c69676e3d226c6566742220636f6c7370616e3d2232223e3c6c6162656c207374796c653d22666f6e742d7765696768743a626f6c64223ee88194e7b3bbe4babaefbc9a3c2f6c6162656c3e3c2f74643e0d0a20202020202020203c2f74723e0d0a20202020202020203c74723e0d0a2020202020202020202020203c746820636f6c7370616e3d22332220616c69676e3d226c65667422207374796c653d226261636b67726f756e643a236363633b223ee8aea2e58d95e7a1aee8aea4e4bfa1e681af3c2f74683e0d0a20202020202020203c2f74723e0d0a20202020202020203c74723e0d0a2020202020202020202020203c746420616c69676e3d226c656674223e3c6c6162656c207374796c653d22666f6e742d7765696768743a626f6c64223ee7a1aee8aea4e58fb7efbc9a3c2f6c6162656c3e3c2f74643e0d0a2020202020202020202020203c746420616c69676e3d226c656674223e3c6c6162656c207374796c653d22666f6e742d7765696768743a626f6c64223ee7a1aee8aea4e697a5e69c9fefbc9a3c2f6c6162656c3e3c2f74643e0d0a2020202020202020202020203c746420616c69676e3d226c656674223e3c6c6162656c207374796c653d22666f6e742d7765696768743a626f6c64223ee7a1aee8aea4e697b6e997b4efbc9a3c2f6c6162656c3e3c2f74643e0d0a20202020202020203c2f74723e0d0a20202020202020203c74723e0d0a2020202020202020202020203c746420616c69676e3d226c6566742220636f6c7370616e3d2233223e3c6c6162656c207374796c653d22666f6e742d7765696768743a626f6c64223ee587bae58f91e697b6e997b4efbc9a3c2f6c6162656c3e3c2f74643e0d0a20202020202020203c2f74723e0d0a202020203c2f7461626c653e0d0a202020203c70207374796c653d22666f6e742d73697a653a20313270783b223e266e6273703b3c2f703e0d0a202020203c70207374796c653d2270616464696e672d6c6566743a313070783b20666f6e742d7765696768743a626f6c643b666f6e742d73697a653a20313270783b223ee4bab2e788b1e79a84202c3c2f703e0d0a202020203c70207374796c653d2270616464696e672d6c6566743a313070783b666f6e742d73697a653a20313270783b223ee6849fe8b0a2e682a8e98089e68ba9203c7374726f6e673e5553413446554e2e636f6d3c2f7374726f6e673e3c2f703e0d0a202020203c70207374796c653d2270616464696e672d6c6566743a313070783b666f6e742d73697a653a20313270783b223ee682a8e79a84e8aea2e58d95202320202820202920e5b7b2e5a484e79086e5ae8ce6af95e380823c2f703e0d0a202020203c70207374796c653d2270616464696e672d6c6566743a313070783b666f6e742d73697a653a20313270783b2077696474683a35373070783b223ee682a8e79a84e4bfa1e794a8e58da120787878782020e5b086e4bc9ae8a2ab205553413446554e20496e6320e694b6e58f96e98791e9a29d2020e4bd9ce4b8bae6ada4e8aea2e58d95e79a84e4bb98e6acbee380820d0a20202020e4b88be99da2e698afe682a8e79a84203c7374726f6e673ee794b5e5ad90e799bbe8bda6e8af813c2f7374726f6e673e2020e4bfa1e681afefbc9a3c2f703e202020200d0a202020203c7461626c652063656c6c70616464696e673d2235222063656c6c73706163696e673d22352220626f726465723d223122207374796c653d226d617267696e2d6c6566743a313070783b666f6e742d73697a653a20313270783b222077696474683d223537307078223e0d0a20202020202020203c74723e0d0a2020202020202020202020203c746420616c69676e3d226c6566742220636f6c7370616e3d2232223e3c6c6162656c207374796c653d22666f6e742d7765696768743a626f6c64223ee8b7afe7babfefbc9a3c2f6c6162656c3e3c6272202f3e0d0a202020202020202020202020202020203c2f74643e0d0a2020202020202020202020203c746420616c69676e3d226c656674223e3c6c6162656c207374796c653d22666f6e742d7765696768743a626f6c64223ee8b7afe7babfe7bc96e58fb7efbc9a203c2f6c6162656c3e3c6272202f3e0d0a202020202020202020202020202020203c2f74643e0d0a20202020202020203c2f74723e0d0a20202020202020203c74723e0d0a2020202020202020202020203c746420616c69676e3d226c6566742220636f6c7370616e3d2232223e3c6c6162656c207374796c653d22666f6e742d7765696768743a626f6c64223ee69785e5aea2e5a793e5908defbc9a3c2f6c6162656c3e3c6272202f3e0d0a202020202020202020202020202020203c2f74643e0d0a2020202020202020202020203c746420616c69676e3d226c656674223e283c6c6162656c207374796c653d22666f6e742d7765696768743a626f6c64223ee68890e4babaefbc9a3c2f6c6162656c3e2c203c6c6162656c207374796c653d22666f6e742d7765696768743a626f6c64223ee584bfe7aba5efbc9a3c2f6c6162656c3e293c6272202f3e0d0a202020202020202020202020202020203c6c6162656c207374796c653d22666f6e742d7765696768743a626f6c64223ee4bc98e683a0efbc9a3c2f6c6162656c3e3c2f74643e0d0a20202020202020203c2f74723e0d0a20202020202020203c74723e0d0a2020202020202020202020203c746420616c69676e3d226c656674223e3c6c6162656c207374796c653d22666f6e742d7765696768743a626f6c64223ee682a8e79a84e5baa7e4bd8de58fb7efbc9a3c2f6c6162656c3e3c2f74643e0d0a2020202020202020202020203c746420616c69676e3d226c656674223e3c6c6162656c207374796c653d22666f6e742d7765696768743a626f6c64223ee8bda6e58fb7efbc9a3c2f6c6162656c3e3c2f74643e0d0a2020202020202020202020203c746420616c69676e3d226c656674223e3c6c6162656c207374796c653d22666f6e742d7765696768743a626f6c64223ee98592e5ba97e688bfe997b4efbc9a3c2f6c6162656c3e3c2f74643e0d0a20202020202020203c2f74723e0d0a202020203c2f7461626c653e0d0a202020203c7461626c652063656c6c70616464696e673d2235222063656c6c73706163696e673d223522207374796c653d22666f6e742d73697a653a20313270783b222077696474683d223537307078223e0d0a20202020202020203c74723e0d0a2020202020202020202020203c746420616c69676e3d226c6566742220636f6c7370616e3d2232223e3c6c6162656c207374796c653d22666f6e742d7765696768743a626f6c64223ee587bae58f91e697a5e69c9fefbc9a3c2f6c6162656c3e3c2f74643e0d0a20202020202020203c2f74723e0d0a20202020202020203c74723e0d0a2020202020202020202020203c746420616c69676e3d226c656674223e3c6c6162656c207374796c653d22666f6e742d7765696768743a626f6c64223ee4b88ae8bda6e697b6e997b4efbc9a3c2f6c6162656c3e3c2f74643e0d0a2020202020202020202020203c746420616c69676e3d226c656674223e3c6c6162656c207374796c653d22666f6e742d7765696768743a626f6c64223ee59cb0e782b9efbc9a3c2f6c6162656c3e3c2f74643e0d0a20202020202020203c2f74723e0d0a20202020202020203c74723e0d0a2020202020202020202020203c746420616c69676e3d226c656674223e3c6c6162656c207374796c653d22666f6e742d7765696768743a626f6c64223ee587bae58f91e697b6e997b4efbc9a3c2f6c6162656c3e3c2f74643e0d0a2020202020202020202020203c746420616c69676e3d226c656674223e3c6c6162656c207374796c653d22666f6e742d7765696768743a626f6c64223ee59cb0e782b9efbc9a3c2f6c6162656c3e3c2f74643e0d0a20202020202020203c2f74723e0d0a20202020202020203c74723e0d0a2020202020202020202020203c746420616c69676e3d226c6566742220636f6c7370616e3d2232223e3c6c6162656c207374796c653d22666f6e742d7765696768743a626f6c64223ee789b9e588abe68f90e7a4baefbc9a3c2f6c6162656c3e3c2f74643e0d0a20202020202020203c2f74723e0d0a202020203c2f7461626c653e0d0a202020203c70207374796c653d22666f6e742d73697a653a20313270783b223e266e6273703b3c2f703e0d0a202020203c7461626c652063656c6c70616464696e673d2235222063656c6c73706163696e673d223522207374796c653d22666f6e742d73697a653a20313270783b223e0d0a20202020202020203c74723e0d0a2020202020202020202020203c746420616c69676e3d226c656674223ee69785e5aea2e7adbee5908defbc9a3c2f74643e0d0a2020202020202020202020203c746420616c69676e3d226c65667422207374796c653d22626f726465722d626f74746f6d3a31707820736f6c696420626c61636b3b2077696474683a31383070783b223e266e6273703b3c2f74643e0d0a2020202020202020202020203c746420616c69676e3d226c656674223ee697a5e69c9fefbc9a3c2f74643e0d0a2020202020202020202020203c746420616c69676e3d226c65667422207374796c653d22626f726465722d626f74746f6d3a31707820736f6c696420626c61636b3b2077696474683a31303070783b223e266e6273703b3c2f74643e0d0a20202020202020203c2f74723e0d0a202020203c2f7461626c653e0d0a202020200d0a202020203c70207374796c653d22666f6e742d73697a653a20313270783b223e266e6273703b3c2f703e0d0a202020203c70207374796c653d2270616464696e672d6c6566743a313070783b666f6e742d73697a653a20313270783b223ee5a682e69e9ce683b3e8a681e88eb7e58f96e69bb4e5a49ae4bfa1e681afefbc8ce8afb7e8aebfe997aee4bba5e4b88be993bee68ea5efbc9a3c2f703e0d0a202020203c756c207374796c653d226d617267696e3a303b2070616464696e673a303b2070616464696e672d6c6566743a313070783b206c6973742d7374796c653a696e736964653b206c696e652d6865696768743a323070783b666f6e742d73697a653a20313270783b223e0d0a20202020202020203c6c693ee9a9bee8bda6e8b7afe7babf202d20e69fa5e79c8be6ada4e993bee68ea5203e3e3e282020293c2f6c693e0d0a20202020202020203c6c693ee59cb0e99381e8b7afe7babf202d2020e69fa5e79c8be6ada4e993bee68ea5203e3e203e3e3e282020293c2f6c693e2020200d0a20202020202020203c6c693ee99984e8bf91e6b1bde8bda6e69c8de58aa1202d20e69fa5e79c8be6ada4e993bee68ea5203e3e3e282020293c2f6c693e2020200d0a20202020202020203c6c693ee98592e5ba97202d20e69fa5e79c8be6ada4e993bee68ea5203e3e3e282020293c2f6c693e2020200d0a20202020202020203c6c693ee58f96e6b6882fe98080e6acbee694bfe7ad96202d20e69fa5e79c8be6ada4e993bee68ea5203e3e3e282020293c2f6c693e2020200d0a20202020202020203c6c693ee99a90e7a781e69da1e6acbe202d20e69fa5e79c8be6ada4e993bee68ea5203e3e3e282020293c2f6c693e2020200d0a20202020202020203c6c693ee4bbb7e6a0bce58c85e68bac202d20e69fa5e79c8be6ada4e993bee68ea5203e3e3e282020293c2f6c693e2020200d0a20202020202020203c6c693ee4bbb7e6a0bce4b88de58c85e68bac202d20e69fa5e79c8be6ada4e993bee68ea5203e3e3e282020293c2f6c693e0d0a202020203c2f756c3e2020200d0a3c2f6469763e0d0a3c2f626f64793e0d0a3c2f68746d6c3e, 1336506461),
(5, 100, 'mononedv@gmail.com', 'Order Confirmation - USA4FUN.com', 0x3c21444f43545950452068746d6c205055424c494320222d2f2f5733432f2f4454442048544d4c20342e30312f2f454e222022687474703a2f2f7777772e77332e6f72672f54522f313939392f5245432d68746d6c3430312d31393939313232342f7374726963742e647464223e0d0a3c68746d6c3e0d0a3c686561643e0d0a3c6d65746120687474702d65717569763d22436f6e74656e742d547970652220636f6e74656e743d22746578742f68746d6c3b20636861727365743d7574662d38223e0d0a3c2f686561643e0d0a3c626f64793e0d0a3c6469762069643d226d61696c626f6479223e0d0a202020203c6831207374796c653d22666f6e742d66616d696c793a417269616c2c2048656c7665746963612c2073616e732d73657269663b20666f6e742d7765696768743a626f6c643b20666f6e742d73697a653a323470783b20636f6c6f723a626c61636b3b206d617267696e3a31357078203570783b2070616464696e673a30223e3c6120687265663d22687474703a2f2f7573613466756e2e636f6d22207374796c653d22746578742d6465636f726174696f6e3a6e6f6e653b20636f6c6f723a626c61636b223e5553413446554e2e636f6d3c2f613e3c2f68313e0d0a202020203c7461626c652063656c6c70616464696e673d2235222063656c6c73706163696e673d223522207374796c653d22666f6e742d73697a653a20313270783b222077696474683d223537307078223e0d0a20202020202020203c74723e0d0a2020202020202020202020203c746820636f6c7370616e3d22332220616c69676e3d226c65667422207374796c653d226261636b67726f756e643a236363633b223e436f6e7461637420496e666f2e3c2f74683e0d0a20202020202020203c2f74723e0d0a20202020202020203c74723e0d0a2020202020202020202020203c746420616c69676e3d226c656674223e3c6c6162656c207374796c653d22666f6e742d7765696768743a626f6c64223e436f6e746163742054656c3a203c2f6c6162656c3e3c2f74643e0d0a2020202020202020202020203c746420616c69676e3d226c6566742220636f6c7370616e3d2232223e3c6c6162656c207374796c653d22666f6e742d7765696768743a626f6c64223e436f6e7461637420506572736f6e3a203c2f6c6162656c3e3c2f74643e0d0a20202020202020203c2f74723e0d0a20202020202020203c74723e0d0a2020202020202020202020203c746820636f6c7370616e3d22332220616c69676e3d226c65667422207374796c653d226261636b67726f756e643a236363633b223e4f7264657220436f6e6669726d6174696f6e3c2f74683e0d0a20202020202020203c2f74723e0d0a20202020202020203c74723e0d0a2020202020202020202020203c746420616c69676e3d226c656674223e3c6c6162656c207374796c653d22666f6e742d7765696768743a626f6c64223e436f6e6669726d6174696f6e204e6f2e3a203c2f6c6162656c3e3c2f74643e0d0a2020202020202020202020203c746420616c69676e3d226c656674223e3c6c6162656c207374796c653d22666f6e742d7765696768743a626f6c64223e446174653a203c2f6c6162656c3e3c2f74643e0d0a2020202020202020202020203c746420616c69676e3d226c656674223e3c6c6162656c207374796c653d22666f6e742d7765696768743a626f6c64223e54696d653a203c2f6c6162656c3e3c2f74643e0d0a20202020202020203c2f74723e0d0a20202020202020203c74723e0d0a2020202020202020202020203c746420616c69676e3d226c6566742220636f6c7370616e3d2233223e3c6c6162656c207374796c653d22666f6e742d7765696768743a626f6c64223e44657061727475726520446174653a203c2f6c6162656c3e3c2f74643e0d0a20202020202020203c2f74723e0d0a202020203c2f7461626c653e0d0a202020203c70207374796c653d22666f6e742d73697a653a20313270783b223e266e6273703b3c2f703e0d0a202020203c70207374796c653d2270616464696e672d6c6566743a313070783b20666f6e742d7765696768743a626f6c643b666f6e742d73697a653a20313270783b223e44656172202c3c2f703e0d0a202020203c70207374796c653d2270616464696e672d6c6566743a313070783b666f6e742d73697a653a20313270783b223e5468616e6b7320796f7520666f722063686f6f73696e67203c7374726f6e673e5553413446554e2e636f6d3c2f7374726f6e673e3c2f703e0d0a202020203c70207374796c653d2270616464696e672d6c6566743a313070783b666f6e742d73697a653a20313270783b223e596f7572206f72646572202320202820202920686173206265656e2070726f63657373656420636f6d706c6574656c792e3c2f703e0d0a202020203c70207374796c653d2270616464696e672d6c6566743a313070783b666f6e742d73697a653a20313270783b2077696474683a35373070783b223e596f7572206372656469742063617264207769746820207878787820202077696c6c206265206368617267656420627920205553413446554e20496e6320666f7220796f7572206f726465722074686520616d6f756e7420697320202020204865726520697320796f757220746f7572203c7374726f6e673e426f617264696e6720452d5469636b65743c2f7374726f6e673e2020696e666f726d6174696f6e3a3c2f703e202020200d0a202020203c7461626c652063656c6c70616464696e673d2235222063656c6c73706163696e673d22352220626f726465723d223122207374796c653d226d617267696e2d6c6566743a313070783b666f6e742d73697a653a20313270783b222077696474683d223537307078223e0d0a20202020202020203c74723e0d0a2020202020202020202020203c746420616c69676e3d226c6566742220636f6c7370616e3d2232223e3c6c6162656c207374796c653d22666f6e742d7765696768743a626f6c64223e546f7572205061636b6167653a203c2f6c6162656c3e3c6272202f3e0d0a202020202020202020202020202020203c2f74643e0d0a2020202020202020202020203c746420616c69676e3d226c656674223e3c6c6162656c207374796c653d22666f6e742d7765696768743a626f6c64223e546f757220436f64653a203c2f6c6162656c3e3c6272202f3e0d0a202020202020202020202020202020203c2f74643e0d0a20202020202020203c2f74723e0d0a20202020202020203c74723e0d0a2020202020202020202020203c746420616c69676e3d226c6566742220636f6c7370616e3d2232223e3c6c6162656c207374796c653d22666f6e742d7765696768743a626f6c64223e47756573743a203c2f6c6162656c3e3c6272202f3e0d0a202020202020202020202020202020203c2f74643e0d0a2020202020202020202020203c746420616c69676e3d226c656674223e283c6c6162656c207374796c653d22666f6e742d7765696768743a626f6c64223e4164756c743a203c2f6c6162656c3e2c203c6c6162656c207374796c653d22666f6e742d7765696768743a626f6c64223e4368696c6472656e3a203c2f6c6162656c3e293c6272202f3e0d0a202020202020202020202020202020203c6c6162656c207374796c653d22666f6e742d7765696768743a626f6c64223e4f666665723a203c2f6c6162656c3e3c2f74643e0d0a20202020202020203c2f74723e0d0a20202020202020203c74723e0d0a2020202020202020202020203c746420616c69676e3d226c656674223e3c6c6162656c207374796c653d22666f6e742d7765696768743a626f6c64223e596f7572205365617473204e6f2e3a203c2f6c6162656c3e3c2f74643e0d0a2020202020202020202020203c746420616c69676e3d226c656674223e3c6c6162656c207374796c653d22666f6e742d7765696768743a626f6c64223e42757320233a203c2f6c6162656c3e3c2f74643e0d0a2020202020202020202020203c746420616c69676e3d226c656674223e3c6c6162656c207374796c653d22666f6e742d7765696768743a626f6c64223e486f74656c20526f6f6d3a203c2f6c6162656c3e3c2f74643e0d0a20202020202020203c2f74723e0d0a202020203c2f7461626c653e0d0a202020203c7461626c652063656c6c70616464696e673d2235222063656c6c73706163696e673d223522207374796c653d22666f6e742d73697a653a20313270783b222077696474683d223537307078223e0d0a20202020202020203c74723e0d0a2020202020202020202020203c746420616c69676e3d226c6566742220636f6c7370616e3d2232223e3c6c6162656c207374796c653d22666f6e742d7765696768743a626f6c64223e44657061727475726520446174653a203c2f6c6162656c3e3c2f74643e0d0a20202020202020203c2f74723e0d0a20202020202020203c74723e0d0a2020202020202020202020203c746420616c69676e3d226c656674223e3c6c6162656c207374796c653d22666f6e742d7765696768743a626f6c64223e5069636b75702054696d653a203c2f6c6162656c3e3c2f74643e0d0a2020202020202020202020203c746420616c69676e3d226c656674223e3c6c6162656c207374796c653d22666f6e742d7765696768743a626f6c64223e4c6f636174696f6e3a203c2f6c6162656c3e3c2f74643e0d0a20202020202020203c2f74723e0d0a20202020202020203c74723e0d0a2020202020202020202020203c746420616c69676e3d226c656674223e3c6c6162656c207374796c653d22666f6e742d7765696768743a626f6c64223e4465706172747572652054696d653a203c2f6c6162656c3e3c2f74643e0d0a2020202020202020202020203c746420616c69676e3d226c656674223e3c6c6162656c207374796c653d22666f6e742d7765696768743a626f6c64223e4c6f636174696f6e3a203c2f6c6162656c3e3c2f74643e0d0a20202020202020203c2f74723e0d0a20202020202020203c74723e0d0a2020202020202020202020203c746420616c69676e3d226c6566742220636f6c7370616e3d2232223e3c6c6162656c207374796c653d22666f6e742d7765696768743a626f6c64223e5370656369616c204e6f74653a203c2f6c6162656c3e3c2f74643e0d0a20202020202020203c2f74723e0d0a202020203c2f7461626c653e0d0a202020203c70207374796c653d22666f6e742d73697a653a20313270783b223e266e6273703b3c2f703e0d0a202020203c7461626c652063656c6c70616464696e673d2235222063656c6c73706163696e673d223522207374796c653d22666f6e742d73697a653a20313270783b223e0d0a20202020202020203c74723e0d0a2020202020202020202020203c746420616c69676e3d226c656674223e437573746f6d6572205369676e61747572653a3c2f74643e0d0a2020202020202020202020203c746420616c69676e3d226c65667422207374796c653d22626f726465722d626f74746f6d3a31707820736f6c696420626c61636b3b2077696474683a31383070783b223e266e6273703b3c2f74643e0d0a2020202020202020202020203c746420616c69676e3d226c656674223e446174653a3c2f74643e0d0a2020202020202020202020203c746420616c69676e3d226c65667422207374796c653d22626f726465722d626f74746f6d3a31707820736f6c696420626c61636b3b2077696474683a31303070783b223e266e6273703b3c2f74643e0d0a20202020202020203c2f74723e0d0a202020203c2f7461626c653e0d0a202020200d0a202020203c70207374796c653d22666f6e742d73697a653a20313270783b223e266e6273703b3c2f703e0d0a202020203c70207374796c653d2270616464696e672d6c6566743a313070783b666f6e742d73697a653a20313270783b223e496620796f75206e65656420746f2066696e64206f7574206d6f726520696e666f726d6174696f6e2061626f75743a3c2f703e0d0a202020203c756c207374796c653d226d617267696e3a303b2070616464696e673a303b2070616464696e672d6c6566743a313070783b206c6973742d7374796c653a696e736964653b206c696e652d6865696768743a323070783b666f6e742d73697a653a20313270783b223e0d0a20202020202020203c6c693e54686520646972656374696f6e202d20736565206d6170204c696e6b20746f203e3e3e282020293c2f6c693e0d0a20202020202020203c6c693e5375627761792d20207365652020746f2053756277617920206d6170204c696e6b20746f203e3e203e3e3e282020293c2f6c693e2020200d0a20202020202020203c6c693e4361722053657276696365206e65617262792c2d20736565204c696e6b20746f203e3e3e282020293c2f6c693e2020200d0a20202020202020203c6c693e486f74656c7320202020202d736565204c696e6b20746f203e3e3e282020293c2f6c693e2020200d0a20202020202020203c6c693e43616e63656c6c6174696f6e2f526566756e6420506f6c69637920202d676f20746f20204c696e6b20203e3e3e282020293c2f6c693e2020200d0a20202020202020203c6c693e5072697661637920506f6c696379202d676f20746f20204c696e6b203e3e3e282020293c2f6c693e2020200d0a20202020202020203c6c693e46656520496e636c756465202d20676f20746f20204c696e6b203e3e3e282020293c2f6c693e2020200d0a20202020202020203c6c693e466565204e6f7420696e636c756465202d20676f20746f20204c696e6b203e3e3e282020293c2f6c693e0d0a202020203c2f756c3e2020200d0a3c2f6469763e0d0a3c2f626f64793e0d0a3c2f68746d6c3e, 1336506772),
(6, 101, 'mononedv@gmail.com', '订单已确认 - USA4FUN.com', 0x3c21444f43545950452068746d6c205055424c494320222d2f2f5733432f2f4454442048544d4c20342e30312f2f454e222022687474703a2f2f7777772e77332e6f72672f54522f313939392f5245432d68746d6c3430312d31393939313232342f7374726963742e647464223e0d0a3c68746d6c3e0d0a3c686561643e0d0a3c6d65746120687474702d65717569763d22436f6e74656e742d547970652220636f6e74656e743d22746578742f68746d6c3b20636861727365743d7574662d38223e0d0a3c2f686561643e0d0a3c626f64793e0d0a3c6469762069643d226d61696c626f6479223e0d0a202020203c6831207374796c653d22666f6e742d66616d696c793a417269616c2c2048656c7665746963612c2073616e732d73657269663b20666f6e742d7765696768743a626f6c643b20666f6e742d73697a653a323470783b20636f6c6f723a626c61636b3b206d617267696e3a31357078203570783b2070616464696e673a30223e3c6120687265663d22687474703a2f2f7573613466756e2e636f6d22207374796c653d22746578742d6465636f726174696f6e3a6e6f6e653b20636f6c6f723a626c61636b223e5553413446554e2e636f6d3c2f613e3c2f68313e0d0a202020203c7461626c652063656c6c70616464696e673d2235222063656c6c73706163696e673d223522207374796c653d22666f6e742d73697a653a20313270783b222077696474683d223537307078223e0d0a20202020202020203c74723e0d0a2020202020202020202020203c746820636f6c7370616e3d22332220616c69676e3d226c65667422207374796c653d226261636b67726f756e643a236363633b223ee88194e7b3bbe68891e4bbac3c2f74683e0d0a20202020202020203c2f74723e0d0a20202020202020203c74723e0d0a2020202020202020202020203c746420616c69676e3d226c656674223e3c6c6162656c207374796c653d22666f6e742d7765696768743a626f6c64223ee88194e7b3bbe794b5e8af9defbc9a3c2f6c6162656c3e3c2f74643e0d0a2020202020202020202020203c746420616c69676e3d226c6566742220636f6c7370616e3d2232223e3c6c6162656c207374796c653d22666f6e742d7765696768743a626f6c64223ee88194e7b3bbe4babaefbc9a3c2f6c6162656c3e3c2f74643e0d0a20202020202020203c2f74723e0d0a20202020202020203c74723e0d0a2020202020202020202020203c746820636f6c7370616e3d22332220616c69676e3d226c65667422207374796c653d226261636b67726f756e643a236363633b223ee8aea2e58d95e7a1aee8aea4e4bfa1e681af3c2f74683e0d0a20202020202020203c2f74723e0d0a20202020202020203c74723e0d0a2020202020202020202020203c746420616c69676e3d226c656674223e3c6c6162656c207374796c653d22666f6e742d7765696768743a626f6c64223ee7a1aee8aea4e58fb7efbc9a3c2f6c6162656c3e3c2f74643e0d0a2020202020202020202020203c746420616c69676e3d226c656674223e3c6c6162656c207374796c653d22666f6e742d7765696768743a626f6c64223ee7a1aee8aea4e697a5e69c9fefbc9a3c2f6c6162656c3e3c2f74643e0d0a2020202020202020202020203c746420616c69676e3d226c656674223e3c6c6162656c207374796c653d22666f6e742d7765696768743a626f6c64223ee7a1aee8aea4e697b6e997b4efbc9a3c2f6c6162656c3e3c2f74643e0d0a20202020202020203c2f74723e0d0a20202020202020203c74723e0d0a2020202020202020202020203c746420616c69676e3d226c6566742220636f6c7370616e3d2233223e3c6c6162656c207374796c653d22666f6e742d7765696768743a626f6c64223ee587bae58f91e697b6e997b4efbc9a3c2f6c6162656c3e3c2f74643e0d0a20202020202020203c2f74723e0d0a202020203c2f7461626c653e0d0a202020203c70207374796c653d22666f6e742d73697a653a20313270783b223e266e6273703b3c2f703e0d0a202020203c70207374796c653d2270616464696e672d6c6566743a313070783b20666f6e742d7765696768743a626f6c643b666f6e742d73697a653a20313270783b223ee4bab2e788b1e79a84202c3c2f703e0d0a202020203c70207374796c653d2270616464696e672d6c6566743a313070783b666f6e742d73697a653a20313270783b223ee6849fe8b0a2e682a8e98089e68ba9203c7374726f6e673e5553413446554e2e636f6d3c2f7374726f6e673e3c2f703e0d0a202020203c70207374796c653d2270616464696e672d6c6566743a313070783b666f6e742d73697a653a20313270783b223ee682a8e79a84e8aea2e58d95202320202820202920e5b7b2e5a484e79086e5ae8ce6af95e380823c2f703e0d0a202020203c70207374796c653d2270616464696e672d6c6566743a313070783b666f6e742d73697a653a20313270783b2077696474683a35373070783b223ee682a8e79a84e4bfa1e794a8e58da120787878782020e5b086e4bc9ae8a2ab205553413446554e20496e6320e694b6e58f96e98791e9a29d2020e4bd9ce4b8bae6ada4e8aea2e58d95e79a84e4bb98e6acbee380820d0a20202020e4b88be99da2e698afe682a8e79a84203c7374726f6e673ee794b5e5ad90e799bbe8bda6e8af813c2f7374726f6e673e2020e4bfa1e681afefbc9a3c2f703e202020200d0a202020203c7461626c652063656c6c70616464696e673d2235222063656c6c73706163696e673d22352220626f726465723d223122207374796c653d226d617267696e2d6c6566743a313070783b666f6e742d73697a653a20313270783b222077696474683d223537307078223e0d0a20202020202020203c74723e0d0a2020202020202020202020203c746420616c69676e3d226c6566742220636f6c7370616e3d2232223e3c6c6162656c207374796c653d22666f6e742d7765696768743a626f6c64223ee8b7afe7babfefbc9a3c2f6c6162656c3e3c6272202f3e0d0a202020202020202020202020202020203c2f74643e0d0a2020202020202020202020203c746420616c69676e3d226c656674223e3c6c6162656c207374796c653d22666f6e742d7765696768743a626f6c64223ee8b7afe7babfe7bc96e58fb7efbc9a203c2f6c6162656c3e3c6272202f3e0d0a202020202020202020202020202020203c2f74643e0d0a20202020202020203c2f74723e0d0a20202020202020203c74723e0d0a2020202020202020202020203c746420616c69676e3d226c6566742220636f6c7370616e3d2232223e3c6c6162656c207374796c653d22666f6e742d7765696768743a626f6c64223ee69785e5aea2e5a793e5908defbc9a3c2f6c6162656c3e3c6272202f3e0d0a202020202020202020202020202020203c2f74643e0d0a2020202020202020202020203c746420616c69676e3d226c656674223e283c6c6162656c207374796c653d22666f6e742d7765696768743a626f6c64223ee68890e4babaefbc9a3c2f6c6162656c3e2c203c6c6162656c207374796c653d22666f6e742d7765696768743a626f6c64223ee584bfe7aba5efbc9a3c2f6c6162656c3e293c6272202f3e0d0a202020202020202020202020202020203c6c6162656c207374796c653d22666f6e742d7765696768743a626f6c64223ee4bc98e683a0efbc9a3c2f6c6162656c3e3c2f74643e0d0a20202020202020203c2f74723e0d0a20202020202020203c74723e0d0a2020202020202020202020203c746420616c69676e3d226c656674223e3c6c6162656c207374796c653d22666f6e742d7765696768743a626f6c64223ee682a8e79a84e5baa7e4bd8de58fb7efbc9a3c2f6c6162656c3e3c2f74643e0d0a2020202020202020202020203c746420616c69676e3d226c656674223e3c6c6162656c207374796c653d22666f6e742d7765696768743a626f6c64223ee8bda6e58fb7efbc9a3c2f6c6162656c3e3c2f74643e0d0a2020202020202020202020203c746420616c69676e3d226c656674223e3c6c6162656c207374796c653d22666f6e742d7765696768743a626f6c64223ee98592e5ba97e688bfe997b4efbc9a3c2f6c6162656c3e3c2f74643e0d0a20202020202020203c2f74723e0d0a202020203c2f7461626c653e0d0a202020203c7461626c652063656c6c70616464696e673d2235222063656c6c73706163696e673d223522207374796c653d22666f6e742d73697a653a20313270783b222077696474683d223537307078223e0d0a20202020202020203c74723e0d0a2020202020202020202020203c746420616c69676e3d226c6566742220636f6c7370616e3d2232223e3c6c6162656c207374796c653d22666f6e742d7765696768743a626f6c64223ee587bae58f91e697a5e69c9fefbc9a3c2f6c6162656c3e3c2f74643e0d0a20202020202020203c2f74723e0d0a20202020202020203c74723e0d0a2020202020202020202020203c746420616c69676e3d226c656674223e3c6c6162656c207374796c653d22666f6e742d7765696768743a626f6c64223ee4b88ae8bda6e697b6e997b4efbc9a3c2f6c6162656c3e3c2f74643e0d0a2020202020202020202020203c746420616c69676e3d226c656674223e3c6c6162656c207374796c653d22666f6e742d7765696768743a626f6c64223ee59cb0e782b9efbc9a3c2f6c6162656c3e3c2f74643e0d0a20202020202020203c2f74723e0d0a20202020202020203c74723e0d0a2020202020202020202020203c746420616c69676e3d226c656674223e3c6c6162656c207374796c653d22666f6e742d7765696768743a626f6c64223ee587bae58f91e697b6e997b4efbc9a3c2f6c6162656c3e3c2f74643e0d0a2020202020202020202020203c746420616c69676e3d226c656674223e3c6c6162656c207374796c653d22666f6e742d7765696768743a626f6c64223ee59cb0e782b9efbc9a3c2f6c6162656c3e3c2f74643e0d0a20202020202020203c2f74723e0d0a20202020202020203c74723e0d0a2020202020202020202020203c746420616c69676e3d226c6566742220636f6c7370616e3d2232223e3c6c6162656c207374796c653d22666f6e742d7765696768743a626f6c64223ee789b9e588abe68f90e7a4baefbc9a3c2f6c6162656c3e3c2f74643e0d0a20202020202020203c2f74723e0d0a202020203c2f7461626c653e0d0a202020203c70207374796c653d22666f6e742d73697a653a20313270783b223e266e6273703b3c2f703e0d0a202020203c7461626c652063656c6c70616464696e673d2235222063656c6c73706163696e673d223522207374796c653d22666f6e742d73697a653a20313270783b223e0d0a20202020202020203c74723e0d0a2020202020202020202020203c746420616c69676e3d226c656674223ee69785e5aea2e7adbee5908defbc9a3c2f74643e0d0a2020202020202020202020203c746420616c69676e3d226c65667422207374796c653d22626f726465722d626f74746f6d3a31707820736f6c696420626c61636b3b2077696474683a31383070783b223e266e6273703b3c2f74643e0d0a2020202020202020202020203c746420616c69676e3d226c656674223ee697a5e69c9fefbc9a3c2f74643e0d0a2020202020202020202020203c746420616c69676e3d226c65667422207374796c653d22626f726465722d626f74746f6d3a31707820736f6c696420626c61636b3b2077696474683a31303070783b223e266e6273703b3c2f74643e0d0a20202020202020203c2f74723e0d0a202020203c2f7461626c653e0d0a202020200d0a202020203c70207374796c653d22666f6e742d73697a653a20313270783b223e266e6273703b3c2f703e0d0a202020203c70207374796c653d2270616464696e672d6c6566743a313070783b666f6e742d73697a653a20313270783b223ee5a682e69e9ce683b3e8a681e88eb7e58f96e69bb4e5a49ae4bfa1e681afefbc8ce8afb7e8aebfe997aee4bba5e4b88be993bee68ea5efbc9a3c2f703e0d0a202020203c756c207374796c653d226d617267696e3a303b2070616464696e673a303b2070616464696e672d6c6566743a313070783b206c6973742d7374796c653a696e736964653b206c696e652d6865696768743a323070783b666f6e742d73697a653a20313270783b223e0d0a20202020202020203c6c693ee9a9bee8bda6e8b7afe7babf202d20e69fa5e79c8be6ada4e993bee68ea5203e3e3e282020293c2f6c693e0d0a20202020202020203c6c693ee59cb0e99381e8b7afe7babf202d2020e69fa5e79c8be6ada4e993bee68ea5203e3e203e3e3e282020293c2f6c693e2020200d0a20202020202020203c6c693ee99984e8bf91e6b1bde8bda6e69c8de58aa1202d20e69fa5e79c8be6ada4e993bee68ea5203e3e3e282020293c2f6c693e2020200d0a20202020202020203c6c693ee98592e5ba97202d20e69fa5e79c8be6ada4e993bee68ea5203e3e3e282020293c2f6c693e2020200d0a20202020202020203c6c693ee58f96e6b6882fe98080e6acbee694bfe7ad96202d20e69fa5e79c8be6ada4e993bee68ea5203e3e3e282020293c2f6c693e2020200d0a20202020202020203c6c693ee99a90e7a781e69da1e6acbe202d20e69fa5e79c8be6ada4e993bee68ea5203e3e3e282020293c2f6c693e2020200d0a20202020202020203c6c693ee4bbb7e6a0bce58c85e68bac202d20e69fa5e79c8be6ada4e993bee68ea5203e3e3e282020293c2f6c693e2020200d0a20202020202020203c6c693ee4bbb7e6a0bce4b88de58c85e68bac202d20e69fa5e79c8be6ada4e993bee68ea5203e3e3e282020293c2f6c693e0d0a202020203c2f756c3e2020200d0a3c2f6469763e0d0a3c2f626f64793e0d0a3c2f68746d6c3e, 1336507258);
INSERT INTO `order_mail` (`order_mail_id`, `order_id`, `recipient`, `subject`, `body`, `sent`) VALUES
(7, 98, 'mononedv@gmail.com', 'Order Confirmation - USA4FUN.com', 0x3c21444f43545950452068746d6c205055424c494320222d2f2f5733432f2f4454442048544d4c20342e30312f2f454e222022687474703a2f2f7777772e77332e6f72672f54522f313939392f5245432d68746d6c3430312d31393939313232342f7374726963742e647464223e0d0a3c68746d6c3e0d0a3c686561643e0d0a3c6d65746120687474702d65717569763d22436f6e74656e742d547970652220636f6e74656e743d22746578742f68746d6c3b20636861727365743d7574662d38223e0d0a3c2f686561643e0d0a3c626f64793e0d0a3c6469762069643d226d61696c626f6479223e0d0a202020203c6831207374796c653d22666f6e742d66616d696c793a417269616c2c2048656c7665746963612c2073616e732d73657269663b20666f6e742d7765696768743a626f6c643b20666f6e742d73697a653a323470783b20636f6c6f723a626c61636b3b206d617267696e3a31357078203570783b2070616464696e673a30223e3c6120687265663d22687474703a2f2f7573613466756e2e636f6d22207374796c653d22746578742d6465636f726174696f6e3a6e6f6e653b20636f6c6f723a626c61636b223e5553413446554e2e636f6d3c2f613e3c2f68313e0d0a202020203c7461626c652063656c6c70616464696e673d2235222063656c6c73706163696e673d223522207374796c653d22666f6e742d73697a653a20313270783b222077696474683d223537307078223e0d0a20202020202020203c74723e0d0a2020202020202020202020203c746820636f6c7370616e3d22332220616c69676e3d226c65667422207374796c653d226261636b67726f756e643a236363633b223e436f6e7461637420496e666f2e3c2f74683e0d0a20202020202020203c2f74723e0d0a20202020202020203c74723e0d0a2020202020202020202020203c746420616c69676e3d226c656674223e3c6c6162656c207374796c653d22666f6e742d7765696768743a626f6c64223e436f6e746163742054656c3a203c2f6c6162656c3e3231322d3338352d31363838203c2f74643e0d0a2020202020202020202020203c746420616c69676e3d226c6566742220636f6c7370616e3d2232223e3c6c6162656c207374796c653d22666f6e742d7765696768743a626f6c64223e436f6e7461637420506572736f6e3a203c2f6c6162656c3e313c2f74643e0d0a20202020202020203c2f74723e0d0a20202020202020203c74723e0d0a2020202020202020202020203c746820636f6c7370616e3d22332220616c69676e3d226c65667422207374796c653d226261636b67726f756e643a236363633b223e4f7264657220436f6e6669726d6174696f6e3c2f74683e0d0a20202020202020203c2f74723e0d0a20202020202020203c74723e0d0a2020202020202020202020203c746420616c69676e3d226c656674223e3c6c6162656c207374796c653d22666f6e742d7765696768743a626f6c64223e436f6e6669726d6174696f6e204e6f2e3a203c2f6c6162656c3e3c2f74643e0d0a2020202020202020202020203c746420616c69676e3d226c656674223e3c6c6162656c207374796c653d22666f6e742d7765696768743a626f6c64223e446174653a203c2f6c6162656c3e3c2f74643e0d0a2020202020202020202020203c746420616c69676e3d226c656674223e3c6c6162656c207374796c653d22666f6e742d7765696768743a626f6c64223e54696d653a203c2f6c6162656c3e3c2f74643e0d0a20202020202020203c2f74723e0d0a20202020202020203c74723e0d0a2020202020202020202020203c746420616c69676e3d226c6566742220636f6c7370616e3d2233223e3c6c6162656c207374796c653d22666f6e742d7765696768743a626f6c64223e44657061727475726520446174653a203c2f6c6162656c3e3c2f74643e0d0a20202020202020203c2f74723e0d0a202020203c2f7461626c653e0d0a202020203c70207374796c653d22666f6e742d73697a653a20313270783b223e266e6273703b3c2f703e0d0a202020203c70207374796c653d2270616464696e672d6c6566743a313070783b20666f6e742d7765696768743a626f6c643b666f6e742d73697a653a20313270783b223e44656172202c3c2f703e0d0a202020203c70207374796c653d2270616464696e672d6c6566743a313070783b666f6e742d73697a653a20313270783b223e5468616e6b7320796f7520666f722063686f6f73696e67203c7374726f6e673e5553413446554e2e636f6d3c2f7374726f6e673e3c2f703e0d0a202020203c70207374796c653d2270616464696e672d6c6566743a313070783b666f6e742d73697a653a20313270783b223e596f7572206f72646572202320202820202920686173206265656e2070726f63657373656420636f6d706c6574656c792e3c2f703e0d0a202020203c70207374796c653d2270616464696e672d6c6566743a313070783b666f6e742d73697a653a20313270783b2077696474683a35373070783b223e596f7572206372656469742063617264207769746820207878787820202077696c6c206265206368617267656420627920205553413446554e20496e6320666f7220796f7572206f726465722074686520616d6f756e7420697320202020204865726520697320796f757220746f7572203c7374726f6e673e426f617264696e6720452d5469636b65743c2f7374726f6e673e2020696e666f726d6174696f6e3a3c2f703e202020200d0a202020203c7461626c652063656c6c70616464696e673d2235222063656c6c73706163696e673d22352220626f726465723d223122207374796c653d226d617267696e2d6c6566743a313070783b666f6e742d73697a653a20313270783b222077696474683d223537307078223e0d0a20202020202020203c74723e0d0a2020202020202020202020203c746420616c69676e3d226c6566742220636f6c7370616e3d2232223e3c6c6162656c207374796c653d22666f6e742d7765696768743a626f6c64223e546f7572205061636b6167653a203c2f6c6162656c3e3c6272202f3e0d0a202020202020202020202020202020203c2f74643e0d0a2020202020202020202020203c746420616c69676e3d226c656674223e3c6c6162656c207374796c653d22666f6e742d7765696768743a626f6c64223e546f757220436f64653a203c2f6c6162656c3e3c6272202f3e0d0a202020202020202020202020202020203c2f74643e0d0a20202020202020203c2f74723e0d0a20202020202020203c74723e0d0a2020202020202020202020203c746420616c69676e3d226c6566742220636f6c7370616e3d2232223e3c6c6162656c207374796c653d22666f6e742d7765696768743a626f6c64223e47756573743a203c2f6c6162656c3e3c6272202f3e0d0a202020202020202020202020202020203c2f74643e0d0a2020202020202020202020203c746420616c69676e3d226c656674223e283c6c6162656c207374796c653d22666f6e742d7765696768743a626f6c64223e4164756c743a203c2f6c6162656c3e2c203c6c6162656c207374796c653d22666f6e742d7765696768743a626f6c64223e4368696c6472656e3a203c2f6c6162656c3e293c6272202f3e0d0a202020202020202020202020202020203c6c6162656c207374796c653d22666f6e742d7765696768743a626f6c64223e4f666665723a203c2f6c6162656c3e3c2f74643e0d0a20202020202020203c2f74723e0d0a20202020202020203c74723e0d0a2020202020202020202020203c746420616c69676e3d226c656674223e3c6c6162656c207374796c653d22666f6e742d7765696768743a626f6c64223e596f7572205365617473204e6f2e3a203c2f6c6162656c3e3c2f74643e0d0a2020202020202020202020203c746420616c69676e3d226c656674223e3c6c6162656c207374796c653d22666f6e742d7765696768743a626f6c64223e42757320233a203c2f6c6162656c3e3c2f74643e0d0a2020202020202020202020203c746420616c69676e3d226c656674223e3c6c6162656c207374796c653d22666f6e742d7765696768743a626f6c64223e486f74656c20526f6f6d3a203c2f6c6162656c3e3c2f74643e0d0a20202020202020203c2f74723e0d0a202020203c2f7461626c653e0d0a202020203c7461626c652063656c6c70616464696e673d2235222063656c6c73706163696e673d223522207374796c653d22666f6e742d73697a653a20313270783b222077696474683d223537307078223e0d0a20202020202020203c74723e0d0a2020202020202020202020203c746420616c69676e3d226c6566742220636f6c7370616e3d2232223e3c6c6162656c207374796c653d22666f6e742d7765696768743a626f6c64223e44657061727475726520446174653a203c2f6c6162656c3e3c2f74643e0d0a20202020202020203c2f74723e0d0a20202020202020203c74723e0d0a2020202020202020202020203c746420616c69676e3d226c656674223e3c6c6162656c207374796c653d22666f6e742d7765696768743a626f6c64223e5069636b75702054696d653a203c2f6c6162656c3e3c2f74643e0d0a2020202020202020202020203c746420616c69676e3d226c656674223e3c6c6162656c207374796c653d22666f6e742d7765696768743a626f6c64223e4c6f636174696f6e3a203c2f6c6162656c3e3c2f74643e0d0a20202020202020203c2f74723e0d0a20202020202020203c74723e0d0a2020202020202020202020203c746420616c69676e3d226c656674223e3c6c6162656c207374796c653d22666f6e742d7765696768743a626f6c64223e4465706172747572652054696d653a203c2f6c6162656c3e3c2f74643e0d0a2020202020202020202020203c746420616c69676e3d226c656674223e3c6c6162656c207374796c653d22666f6e742d7765696768743a626f6c64223e4c6f636174696f6e3a203c2f6c6162656c3e3c2f74643e0d0a20202020202020203c2f74723e0d0a20202020202020203c74723e0d0a2020202020202020202020203c746420616c69676e3d226c6566742220636f6c7370616e3d2232223e3c6c6162656c207374796c653d22666f6e742d7765696768743a626f6c64223e5370656369616c204e6f74653a203c2f6c6162656c3e3c2f74643e0d0a20202020202020203c2f74723e0d0a202020203c2f7461626c653e0d0a202020203c70207374796c653d22666f6e742d73697a653a20313270783b223e266e6273703b3c2f703e0d0a202020203c7461626c652063656c6c70616464696e673d2235222063656c6c73706163696e673d223522207374796c653d22666f6e742d73697a653a20313270783b223e0d0a20202020202020203c74723e0d0a2020202020202020202020203c746420616c69676e3d226c656674223e437573746f6d6572205369676e61747572653a3c2f74643e0d0a2020202020202020202020203c746420616c69676e3d226c65667422207374796c653d22626f726465722d626f74746f6d3a31707820736f6c696420626c61636b3b2077696474683a31383070783b223e266e6273703b3c2f74643e0d0a2020202020202020202020203c746420616c69676e3d226c656674223e446174653a3c2f74643e0d0a2020202020202020202020203c746420616c69676e3d226c65667422207374796c653d22626f726465722d626f74746f6d3a31707820736f6c696420626c61636b3b2077696474683a31303070783b223e266e6273703b3c2f74643e0d0a20202020202020203c2f74723e0d0a202020203c2f7461626c653e0d0a202020200d0a202020203c70207374796c653d22666f6e742d73697a653a20313270783b223e266e6273703b3c2f703e0d0a202020203c70207374796c653d2270616464696e672d6c6566743a313070783b666f6e742d73697a653a20313270783b223e496620796f75206e65656420746f2066696e64206f7574206d6f726520696e666f726d6174696f6e2061626f75743a3c2f703e0d0a202020203c756c207374796c653d226d617267696e3a303b2070616464696e673a303b2070616464696e672d6c6566743a313070783b206c6973742d7374796c653a696e736964653b206c696e652d6865696768743a323070783b666f6e742d73697a653a20313270783b223e0d0a20202020202020203c6c693e54686520646972656374696f6e202d20736565206d6170204c696e6b20746f203e3e3e282020293c2f6c693e0d0a20202020202020203c6c693e5375627761792d20207365652020746f2053756277617920206d6170204c696e6b20746f203e3e203e3e3e282020293c2f6c693e2020200d0a20202020202020203c6c693e4361722053657276696365206e65617262792c2d20736565204c696e6b20746f203e3e3e282020293c2f6c693e2020200d0a20202020202020203c6c693e486f74656c7320202020202d736565204c696e6b20746f203e3e3e282020293c2f6c693e2020200d0a20202020202020203c6c693e43616e63656c6c6174696f6e2f526566756e6420506f6c69637920202d676f20746f20204c696e6b20203e3e3e282020293c2f6c693e2020200d0a20202020202020203c6c693e5072697661637920506f6c696379202d676f20746f20204c696e6b203e3e3e282020293c2f6c693e2020200d0a20202020202020203c6c693e46656520496e636c756465202d20676f20746f20204c696e6b203e3e3e282020293c2f6c693e2020200d0a20202020202020203c6c693e466565204e6f7420696e636c756465202d20676f20746f20204c696e6b203e3e3e282020293c2f6c693e0d0a202020203c2f756c3e2020200d0a3c2f6469763e0d0a3c2f626f64793e0d0a3c2f68746d6c3e, 1336509133),
(8, 113, 'admer999@yahoo.com', '订单已确认 - USA4FUN.com', 0x3c21444f43545950452068746d6c205055424c494320222d2f2f5733432f2f4454442048544d4c20342e30312f2f454e222022687474703a2f2f7777772e77332e6f72672f54522f313939392f5245432d68746d6c3430312d31393939313232342f7374726963742e647464223e0d0a3c68746d6c3e0d0a3c686561643e0d0a3c6d65746120687474702d65717569763d22436f6e74656e742d547970652220636f6e74656e743d22746578742f68746d6c3b20636861727365743d7574662d38223e0d0a3c2f686561643e0d0a3c626f64793e0d0a3c6469762069643d226d61696c626f6479223e0d0a202020203c6831207374796c653d22666f6e742d66616d696c793a417269616c2c2048656c7665746963612c2073616e732d73657269663b20666f6e742d7765696768743a626f6c643b20666f6e742d73697a653a323470783b20636f6c6f723a626c61636b3b206d617267696e3a31357078203570783b2070616464696e673a30223e3c6120687265663d22687474703a2f2f7573613466756e2e636f6d22207374796c653d22746578742d6465636f726174696f6e3a6e6f6e653b20636f6c6f723a626c61636b223e5553413446554e2e636f6d3c2f613e3c2f68313e0d0a202020203c7461626c652063656c6c70616464696e673d2235222063656c6c73706163696e673d223522207374796c653d22666f6e742d73697a653a20313270783b222077696474683d223537307078223e0d0a20202020202020203c74723e0d0a2020202020202020202020203c746820636f6c7370616e3d22332220616c69676e3d226c65667422207374796c653d226261636b67726f756e643a236363633b223ee88194e7b3bbe68891e4bbac3c2f74683e0d0a20202020202020203c2f74723e0d0a20202020202020203c74723e0d0a2020202020202020202020203c746420616c69676e3d226c656674223e3c6c6162656c207374796c653d22666f6e742d7765696768743a626f6c64223ee88194e7b3bbe794b5e8af9defbc9a3c2f6c6162656c3e38383837373737373c2f74643e0d0a2020202020202020202020203c746420616c69676e3d226c6566742220636f6c7370616e3d2232223e3c6c6162656c207374796c653d22666f6e742d7765696768743a626f6c64223ee88194e7b3bbe4babaefbc9a3c2f6c6162656c3e796573206d616e3c2f74643e0d0a20202020202020203c2f74723e0d0a20202020202020203c74723e0d0a2020202020202020202020203c746820636f6c7370616e3d22332220616c69676e3d226c65667422207374796c653d226261636b67726f756e643a236363633b223ee8aea2e58d95e7a1aee8aea4e4bfa1e681af3c2f74683e0d0a20202020202020203c2f74723e0d0a20202020202020203c74723e0d0a2020202020202020202020203c746420616c69676e3d226c656674223e3c6c6162656c207374796c653d22666f6e742d7765696768743a626f6c64223ee7a1aee8aea4e58fb7efbc9a3c2f6c6162656c3e75733230303839313c2f74643e0d0a2020202020202020202020203c746420616c69676e3d226c656674223e3c6c6162656c207374796c653d22666f6e742d7765696768743a626f6c64223ee7a1aee8aea4e697a5e69c9fefbc9a3c2f6c6162656c3e352d38e69c882d2d3132e5b9b43c2f74643e0d0a2020202020202020202020203c746420616c69676e3d226c656674223e3c6c6162656c207374796c653d22666f6e742d7765696768743a626f6c64223ee7a1aee8aea4e697b6e997b4efbc9a3c2f6c6162656c3e382e3030616d3c2f74643e0d0a20202020202020203c2f74723e0d0a20202020202020203c74723e0d0a2020202020202020202020203c746420616c69676e3d226c6566742220636f6c7370616e3d2233223e3c6c6162656c207374796c653d22666f6e742d7765696768743a626f6c64223ee587bae58f91e697b6e997b4efbc9a3c2f6c6162656c3e35e697a52d34e69c882d32303131323c2f74643e0d0a20202020202020203c2f74723e0d0a202020203c2f7461626c653e0d0a202020203c70207374796c653d22666f6e742d73697a653a20313270783b223e266e6273703b3c2f703e0d0a202020203c70207374796c653d2270616464696e672d6c6566743a313070783b20666f6e742d7765696768743a626f6c643b666f6e742d73697a653a20313270783b223ee4bab2e788b1e79a8420e9b281e78cae2c3c2f703e0d0a202020203c70207374796c653d2270616464696e672d6c6566743a313070783b666f6e742d73697a653a20313270783b223ee6849fe8b0a2e682a8e98089e68ba9203c7374726f6e673e5553413446554e2e636f6d3c2f7374726f6e673e3c2f703e0d0a202020203c70207374796c653d2270616464696e672d6c6566743a313070783b666f6e742d73697a653a20313270783b223ee682a8e79a84e8aea2e58d95202320202820303333303838202920e5b7b2e5a484e79086e5ae8ce6af95e380823c2f703e0d0a202020203c70207374796c653d2270616464696e672d6c6566743a313070783b666f6e742d73697a653a20313270783b2077696474683a35373070783b223ee682a8e79a84e4bfa1e794a8e58da12078787878203038383120e5b086e4bc9ae8a2ab205553413446554e20496e6320e694b6e58f96e98791e9a29d20243231302e20e4bd9ce4b8bae6ada4e8aea2e58d95e79a84e4bb98e6acbee380820d0a20202020e4b88be99da2e698afe682a8e79a84203c7374726f6e673ee794b5e5ad90e799bbe8bda6e8af813c2f7374726f6e673e2020e4bfa1e681afefbc9a3c2f703e202020200d0a202020203c7461626c652063656c6c70616464696e673d2235222063656c6c73706163696e673d22352220626f726465723d223122207374796c653d226d617267696e2d6c6566743a313070783b666f6e742d73697a653a20313270783b222077696474683d223537307078223e0d0a20202020202020203c74723e0d0a2020202020202020202020203c746420616c69676e3d226c6566742220636f6c7370616e3d2232223e3c6c6162656c207374796c653d22666f6e742d7765696768743a626f6c64223ee8b7afe7babfefbc9a3c2f6c6162656c3e3c6272202f3e0d0a20202020202020202020202020202020e59bbde4bc9ae5b1b13c2f74643e0d0a2020202020202020202020203c746420616c69676e3d226c656674223e3c6c6162656c207374796c653d22666f6e742d7765696768743a626f6c64223ee8b7afe7babfe7bc96e58fb7efbc9a203c2f6c6162656c3e3c6272202f3e0d0a2020202020202020202020202020202035444355533c2f74643e0d0a20202020202020203c2f74723e0d0a20202020202020203c74723e0d0a2020202020202020202020203c746420616c69676e3d226c6566742220636f6c7370616e3d2232223e3c6c6162656c207374796c653d22666f6e742d7765696768743a626f6c64223ee69785e5aea2e5a793e5908defbc9a3c2f6c6162656c3e3c6272202f3e0d0a20202020202020202020202020202020e9b281e78caee9b281e78caee9b281e78caee9b281e78caee9b281e78caee9b281e78caee9b281e78caee9b281e78cae3c2f74643e0d0a2020202020202020202020203c746420616c69676e3d226c656674223e283c6c6162656c207374796c653d22666f6e742d7765696768743a626f6c64223ee68890e4babaefbc9a3c2f6c6162656c3e322c203c6c6162656c207374796c653d22666f6e742d7765696768743a626f6c64223ee584bfe7aba5efbc9a3c2f6c6162656c3e31293c6272202f3e0d0a202020202020202020202020202020203c6c6162656c207374796c653d22666f6e742d7765696768743a626f6c64223ee4bc98e683a0efbc9a3c2f6c6162656c3ee4b9b032e98081323c2f74643e0d0a20202020202020203c2f74723e0d0a20202020202020203c74723e0d0a2020202020202020202020203c746420616c69676e3d226c656674223e3c6c6162656c207374796c653d22666f6e742d7765696768743a626f6c64223ee682a8e79a84e5baa7e4bd8de58fb7efbc9a3c2f6c6162656c3e3c2f74643e0d0a2020202020202020202020203c746420616c69676e3d226c656674223e3c6c6162656c207374796c653d22666f6e742d7765696768743a626f6c64223ee8bda6e58fb7efbc9a3c2f6c6162656c3e3c2f74643e0d0a2020202020202020202020203c746420616c69676e3d226c656674223e3c6c6162656c207374796c653d22666f6e742d7765696768743a626f6c64223ee98592e5ba97e688bfe997b4efbc9a3c2f6c6162656c3e313c2f74643e0d0a20202020202020203c2f74723e0d0a202020203c2f7461626c653e0d0a202020203c7461626c652063656c6c70616464696e673d2235222063656c6c73706163696e673d223522207374796c653d22666f6e742d73697a653a20313270783b222077696474683d223537307078223e0d0a20202020202020203c74723e0d0a2020202020202020202020203c746420616c69676e3d226c6566742220636f6c7370616e3d2232223e3c6c6162656c207374796c653d22666f6e742d7765696768743a626f6c64223ee587bae58f91e697a5e69c9fefbc9a3c2f6c6162656c3e35e697a52d34e69c882d32303131323c2f74643e0d0a20202020202020203c2f74723e0d0a20202020202020203c74723e0d0a2020202020202020202020203c746420616c69676e3d226c656674223e3c6c6162656c207374796c653d22666f6e742d7765696768743a626f6c64223ee4b88ae8bda6e697b6e997b4efbc9a3c2f6c6162656c3e372e3030616d3c2f74643e0d0a2020202020202020202020203c746420616c69676e3d226c656674223e3c6c6162656c207374796c653d22666f6e742d7765696768743a626f6c64223ee59cb0e782b9efbc9a3c2f6c6162656c3e31313220e6a389e8a1973c2f74643e0d0a20202020202020203c2f74723e0d0a20202020202020203c74723e0d0a2020202020202020202020203c746420616c69676e3d226c656674223e3c6c6162656c207374796c653d22666f6e742d7765696768743a626f6c64223ee587bae58f91e697b6e997b4efbc9a3c2f6c6162656c3e382e3030616d3c2f74643e0d0a2020202020202020202020203c746420616c69676e3d226c656674223e3c6c6162656c207374796c653d22666f6e742d7765696768743a626f6c64223ee59cb0e782b9efbc9a3c2f6c6162656c3e31313220e6a389e8a1973c2f74643e0d0a20202020202020203c2f74723e0d0a20202020202020203c74723e0d0a2020202020202020202020203c746420616c69676e3d226c6566742220636f6c7370616e3d2232223e3c6c6162656c207374796c653d22666f6e742d7765696768743a626f6c64223ee789b9e588abe68f90e7a4baefbc9a3c2f6c6162656c3e74697a616f203135206d696e733c2f74643e0d0a20202020202020203c2f74723e0d0a202020203c2f7461626c653e0d0a202020203c70207374796c653d22666f6e742d73697a653a20313270783b223e266e6273703b3c2f703e0d0a202020203c7461626c652063656c6c70616464696e673d2235222063656c6c73706163696e673d223522207374796c653d22666f6e742d73697a653a20313270783b223e0d0a20202020202020203c74723e0d0a2020202020202020202020203c746420616c69676e3d226c656674223ee69785e5aea2e7adbee5908defbc9a3c2f74643e0d0a2020202020202020202020203c746420616c69676e3d226c65667422207374796c653d22626f726465722d626f74746f6d3a31707820736f6c696420626c61636b3b2077696474683a31383070783b223e266e6273703b3c2f74643e0d0a2020202020202020202020203c746420616c69676e3d226c656674223ee697a5e69c9fefbc9a3c2f74643e0d0a2020202020202020202020203c746420616c69676e3d226c65667422207374796c653d22626f726465722d626f74746f6d3a31707820736f6c696420626c61636b3b2077696474683a31303070783b223e266e6273703b3c2f74643e0d0a20202020202020203c2f74723e0d0a202020203c2f7461626c653e0d0a202020200d0a202020203c70207374796c653d22666f6e742d73697a653a20313270783b223e266e6273703b3c2f703e0d0a202020203c70207374796c653d2270616464696e672d6c6566743a313070783b666f6e742d73697a653a20313270783b223ee5a682e69e9ce683b3e8a681e88eb7e58f96e69bb4e5a49ae4bfa1e681afefbc8ce8afb7e8aebfe997aee4bba5e4b88be993bee68ea5efbc9a3c2f703e0d0a202020203c756c207374796c653d226d617267696e3a303b2070616464696e673a303b2070616464696e672d6c6566743a313070783b206c6973742d7374796c653a696e736964653b206c696e652d6865696768743a323070783b666f6e742d73697a653a20313270783b223e0d0a20202020202020203c6c693ee9a9bee8bda6e8b7afe7babf202d20e69fa5e79c8be6ada4e993bee68ea5203e3e3e282020293c2f6c693e0d0a20202020202020203c6c693ee59cb0e99381e8b7afe7babf202d2020e69fa5e79c8be6ada4e993bee68ea5203e3e203e3e3e282020293c2f6c693e2020200d0a20202020202020203c6c693ee99984e8bf91e6b1bde8bda6e69c8de58aa1202d20e69fa5e79c8be6ada4e993bee68ea5203e3e3e282020293c2f6c693e2020200d0a20202020202020203c6c693ee98592e5ba97202d20e69fa5e79c8be6ada4e993bee68ea5203e3e3e282020293c2f6c693e2020200d0a20202020202020203c6c693ee58f96e6b6882fe98080e6acbee694bfe7ad96202d20e69fa5e79c8be6ada4e993bee68ea5203e3e3e282020293c2f6c693e2020200d0a20202020202020203c6c693ee99a90e7a781e69da1e6acbe202d20e69fa5e79c8be6ada4e993bee68ea5203e3e3e282020293c2f6c693e2020200d0a20202020202020203c6c693ee4bbb7e6a0bce58c85e68bac202d20e69fa5e79c8be6ada4e993bee68ea5203e3e3e282020293c2f6c693e2020200d0a20202020202020203c6c693ee4bbb7e6a0bce4b88de58c85e68bac202d20e69fa5e79c8be6ada4e993bee68ea5203e3e3e282020293c2f6c693e0d0a202020203c2f756c3e2020200d0a3c2f6469763e0d0a3c2f626f64793e0d0a3c2f68746d6c3e, 1336530536),
(9, 138, 'mononedv@gmail.com', 'Order Confirmation - USA4FUN.com', 0x3c21444f43545950452068746d6c205055424c494320222d2f2f5733432f2f4454442048544d4c20342e30312f2f454e222022687474703a2f2f7777772e77332e6f72672f54522f313939392f5245432d68746d6c3430312d31393939313232342f7374726963742e647464223e0d0a3c68746d6c3e0d0a3c686561643e0d0a3c6d65746120687474702d65717569763d22436f6e74656e742d547970652220636f6e74656e743d22746578742f68746d6c3b20636861727365743d7574662d38223e0d0a3c2f686561643e0d0a3c626f64793e0d0a3c6469762069643d226d61696c626f6479223e0d0a202020203c6831207374796c653d22666f6e742d66616d696c793a417269616c2c2048656c7665746963612c2073616e732d73657269663b20666f6e742d7765696768743a626f6c643b20666f6e742d73697a653a323470783b20636f6c6f723a626c61636b3b206d617267696e3a31357078203570783b2070616464696e673a30223e3c6120687265663d22687474703a2f2f7573613466756e2e636f6d22207374796c653d22746578742d6465636f726174696f6e3a6e6f6e653b20636f6c6f723a626c61636b223e5553413446554e2e636f6d3c2f613e3c2f68313e0d0a202020203c7461626c652063656c6c70616464696e673d2235222063656c6c73706163696e673d223522207374796c653d22666f6e742d73697a653a20313270783b222077696474683d223537307078223e0d0a20202020202020203c74723e0d0a2020202020202020202020203c746820636f6c7370616e3d22332220616c69676e3d226c65667422207374796c653d226261636b67726f756e643a236363633b223e436f6e7461637420496e666f2e3c2f74683e0d0a20202020202020203c2f74723e0d0a20202020202020203c74723e0d0a2020202020202020202020203c746420616c69676e3d226c656674223e3c6c6162656c207374796c653d22666f6e742d7765696768743a626f6c64223e436f6e746163742054656c3a203c2f6c6162656c3e3c2f74643e0d0a2020202020202020202020203c746420616c69676e3d226c6566742220636f6c7370616e3d2232223e3c6c6162656c207374796c653d22666f6e742d7765696768743a626f6c64223e436f6e7461637420506572736f6e3a203c2f6c6162656c3e3c2f74643e0d0a20202020202020203c2f74723e0d0a20202020202020203c74723e0d0a2020202020202020202020203c746820636f6c7370616e3d22332220616c69676e3d226c65667422207374796c653d226261636b67726f756e643a236363633b223e4f7264657220436f6e6669726d6174696f6e3c2f74683e0d0a20202020202020203c2f74723e0d0a20202020202020203c74723e0d0a2020202020202020202020203c746420616c69676e3d226c656674223e3c6c6162656c207374796c653d22666f6e742d7765696768743a626f6c64223e436f6e6669726d6174696f6e204e6f2e3a203c2f6c6162656c3e3c2f74643e0d0a2020202020202020202020203c746420616c69676e3d226c656674223e3c6c6162656c207374796c653d22666f6e742d7765696768743a626f6c64223e446174653a203c2f6c6162656c3e3c2f74643e0d0a2020202020202020202020203c746420616c69676e3d226c656674223e3c6c6162656c207374796c653d22666f6e742d7765696768743a626f6c64223e54696d653a203c2f6c6162656c3e3c2f74643e0d0a20202020202020203c2f74723e0d0a20202020202020203c74723e0d0a2020202020202020202020203c746420616c69676e3d226c6566742220636f6c7370616e3d2233223e3c6c6162656c207374796c653d22666f6e742d7765696768743a626f6c64223e44657061727475726520446174653a203c2f6c6162656c3e3c2f74643e0d0a20202020202020203c2f74723e0d0a202020203c2f7461626c653e0d0a202020203c70207374796c653d22666f6e742d73697a653a20313270783b223e266e6273703b3c2f703e0d0a202020203c70207374796c653d2270616464696e672d6c6566743a313070783b20666f6e742d7765696768743a626f6c643b666f6e742d73697a653a20313270783b223e44656172202c3c2f703e0d0a202020203c70207374796c653d2270616464696e672d6c6566743a313070783b666f6e742d73697a653a20313270783b223e5468616e6b7320796f7520666f722063686f6f73696e67203c7374726f6e673e5553413446554e2e636f6d3c2f7374726f6e673e3c2f703e0d0a202020203c70207374796c653d2270616464696e672d6c6566743a313070783b666f6e742d73697a653a20313270783b223e596f7572206f72646572202320202820202920686173206265656e2070726f63657373656420636f6d706c6574656c792e3c2f703e0d0a202020203c70207374796c653d2270616464696e672d6c6566743a313070783b666f6e742d73697a653a20313270783b2077696474683a35373070783b223e596f7572206372656469742063617264207769746820207878787820202077696c6c206265206368617267656420627920205553413446554e20496e6320666f7220796f7572206f726465722074686520616d6f756e7420697320202020204865726520697320796f757220746f7572203c7374726f6e673e426f617264696e6720452d5469636b65743c2f7374726f6e673e2020696e666f726d6174696f6e3a3c2f703e202020200d0a202020203c7461626c652063656c6c70616464696e673d2235222063656c6c73706163696e673d22352220626f726465723d223122207374796c653d226d617267696e2d6c6566743a313070783b666f6e742d73697a653a20313270783b222077696474683d223537307078223e0d0a20202020202020203c74723e0d0a2020202020202020202020203c746420616c69676e3d226c6566742220636f6c7370616e3d2232223e3c6c6162656c207374796c653d22666f6e742d7765696768743a626f6c64223e546f7572205061636b6167653a203c2f6c6162656c3e3c6272202f3e0d0a202020202020202020202020202020203c2f74643e0d0a2020202020202020202020203c746420616c69676e3d226c656674223e3c6c6162656c207374796c653d22666f6e742d7765696768743a626f6c64223e546f757220436f64653a203c2f6c6162656c3e3c6272202f3e0d0a202020202020202020202020202020203c2f74643e0d0a20202020202020203c2f74723e0d0a20202020202020203c74723e0d0a2020202020202020202020203c746420616c69676e3d226c6566742220636f6c7370616e3d2232223e3c6c6162656c207374796c653d22666f6e742d7765696768743a626f6c64223e47756573743a203c2f6c6162656c3e3c6272202f3e0d0a202020202020202020202020202020203c2f74643e0d0a2020202020202020202020203c746420616c69676e3d226c656674223e283c6c6162656c207374796c653d22666f6e742d7765696768743a626f6c64223e4164756c743a203c2f6c6162656c3e2c203c6c6162656c207374796c653d22666f6e742d7765696768743a626f6c64223e4368696c6472656e3a203c2f6c6162656c3e293c6272202f3e0d0a202020202020202020202020202020203c6c6162656c207374796c653d22666f6e742d7765696768743a626f6c64223e4f666665723a203c2f6c6162656c3e3c2f74643e0d0a20202020202020203c2f74723e0d0a20202020202020203c74723e0d0a2020202020202020202020203c746420616c69676e3d226c656674223e3c6c6162656c207374796c653d22666f6e742d7765696768743a626f6c64223e596f7572205365617473204e6f2e3a203c2f6c6162656c3e3c2f74643e0d0a2020202020202020202020203c746420616c69676e3d226c656674223e3c6c6162656c207374796c653d22666f6e742d7765696768743a626f6c64223e42757320233a203c2f6c6162656c3e3c2f74643e0d0a2020202020202020202020203c746420616c69676e3d226c656674223e3c6c6162656c207374796c653d22666f6e742d7765696768743a626f6c64223e486f74656c20526f6f6d3a203c2f6c6162656c3e3c2f74643e0d0a20202020202020203c2f74723e0d0a202020203c2f7461626c653e0d0a202020203c7461626c652063656c6c70616464696e673d2235222063656c6c73706163696e673d223522207374796c653d22666f6e742d73697a653a20313270783b222077696474683d223537307078223e0d0a20202020202020203c74723e0d0a2020202020202020202020203c746420616c69676e3d226c6566742220636f6c7370616e3d2232223e3c6c6162656c207374796c653d22666f6e742d7765696768743a626f6c64223e44657061727475726520446174653a203c2f6c6162656c3e3c2f74643e0d0a20202020202020203c2f74723e0d0a20202020202020203c74723e0d0a2020202020202020202020203c746420616c69676e3d226c656674223e3c6c6162656c207374796c653d22666f6e742d7765696768743a626f6c64223e5069636b75702054696d653a203c2f6c6162656c3e3c2f74643e0d0a2020202020202020202020203c746420616c69676e3d226c656674223e3c6c6162656c207374796c653d22666f6e742d7765696768743a626f6c64223e4c6f636174696f6e3a203c2f6c6162656c3e3c2f74643e0d0a20202020202020203c2f74723e0d0a20202020202020203c74723e0d0a2020202020202020202020203c746420616c69676e3d226c656674223e3c6c6162656c207374796c653d22666f6e742d7765696768743a626f6c64223e4465706172747572652054696d653a203c2f6c6162656c3e3c2f74643e0d0a2020202020202020202020203c746420616c69676e3d226c656674223e3c6c6162656c207374796c653d22666f6e742d7765696768743a626f6c64223e4c6f636174696f6e3a203c2f6c6162656c3e3c2f74643e0d0a20202020202020203c2f74723e0d0a20202020202020203c74723e0d0a2020202020202020202020203c746420616c69676e3d226c6566742220636f6c7370616e3d2232223e3c6c6162656c207374796c653d22666f6e742d7765696768743a626f6c64223e5370656369616c204e6f74653a203c2f6c6162656c3e3c2f74643e0d0a20202020202020203c2f74723e0d0a202020203c2f7461626c653e0d0a202020203c70207374796c653d22666f6e742d73697a653a20313270783b223e266e6273703b3c2f703e0d0a202020203c7461626c652063656c6c70616464696e673d2235222063656c6c73706163696e673d223522207374796c653d22666f6e742d73697a653a20313270783b223e0d0a20202020202020203c74723e0d0a2020202020202020202020203c746420616c69676e3d226c656674223e437573746f6d6572205369676e61747572653a3c2f74643e0d0a2020202020202020202020203c746420616c69676e3d226c65667422207374796c653d22626f726465722d626f74746f6d3a31707820736f6c696420626c61636b3b2077696474683a31383070783b223e266e6273703b3c2f74643e0d0a2020202020202020202020203c746420616c69676e3d226c656674223e446174653a3c2f74643e0d0a2020202020202020202020203c746420616c69676e3d226c65667422207374796c653d22626f726465722d626f74746f6d3a31707820736f6c696420626c61636b3b2077696474683a31303070783b223e266e6273703b3c2f74643e0d0a20202020202020203c2f74723e0d0a202020203c2f7461626c653e0d0a202020200d0a202020203c70207374796c653d22666f6e742d73697a653a20313270783b223e266e6273703b3c2f703e0d0a202020203c70207374796c653d2270616464696e672d6c6566743a313070783b666f6e742d73697a653a20313270783b223e496620796f75206e65656420746f2066696e64206f7574206d6f726520696e666f726d6174696f6e2061626f75743a3c2f703e0d0a202020203c756c207374796c653d226d617267696e3a303b2070616464696e673a303b2070616464696e672d6c6566743a313070783b206c6973742d7374796c653a696e736964653b206c696e652d6865696768743a323070783b666f6e742d73697a653a20313270783b223e0d0a20202020202020203c6c693e54686520646972656374696f6e202d20736565206d6170204c696e6b20746f203e3e3e282020293c2f6c693e0d0a20202020202020203c6c693e5375627761792d20207365652020746f2053756277617920206d6170204c696e6b20746f203e3e203e3e3e282020293c2f6c693e2020200d0a20202020202020203c6c693e4361722053657276696365206e65617262792c2d20736565204c696e6b20746f203e3e3e282020293c2f6c693e2020200d0a20202020202020203c6c693e486f74656c7320202020202d736565204c696e6b20746f203e3e3e282020293c2f6c693e2020200d0a20202020202020203c6c693e43616e63656c6c6174696f6e2f526566756e6420506f6c69637920202d676f20746f20204c696e6b20203e3e3e282020293c2f6c693e2020200d0a20202020202020203c6c693e5072697661637920506f6c696379202d676f20746f20204c696e6b203e3e3e282020293c2f6c693e2020200d0a20202020202020203c6c693e46656520496e636c756465202d20676f20746f20204c696e6b203e3e3e282020293c2f6c693e2020200d0a20202020202020203c6c693e466565204e6f7420696e636c756465202d20676f20746f20204c696e6b203e3e3e282020293c2f6c693e0d0a202020203c2f756c3e2020200d0a3c2f6469763e0d0a3c2f626f64793e0d0a3c2f68746d6c3e, 1336581438),
(10, 139, 'mononedv@gmail.com', 'Order Confirmation - USA4FUN.com', 0x3c21444f43545950452068746d6c205055424c494320222d2f2f5733432f2f4454442048544d4c20342e30312f2f454e222022687474703a2f2f7777772e77332e6f72672f54522f313939392f5245432d68746d6c3430312d31393939313232342f7374726963742e647464223e0d0a3c68746d6c3e0d0a3c686561643e0d0a3c6d65746120687474702d65717569763d22436f6e74656e742d547970652220636f6e74656e743d22746578742f68746d6c3b20636861727365743d7574662d38223e0d0a3c2f686561643e0d0a3c626f64793e0d0a3c6469762069643d226d61696c626f6479223e0d0a202020203c6831207374796c653d22666f6e742d66616d696c793a417269616c2c2048656c7665746963612c2073616e732d73657269663b20666f6e742d7765696768743a626f6c643b20666f6e742d73697a653a323470783b20636f6c6f723a626c61636b3b206d617267696e3a31357078203570783b2070616464696e673a30223e3c6120687265663d22687474703a2f2f7573613466756e2e636f6d22207374796c653d22746578742d6465636f726174696f6e3a6e6f6e653b20636f6c6f723a626c61636b223e5553413446554e2e636f6d3c2f613e3c2f68313e0d0a202020203c7461626c652063656c6c70616464696e673d2235222063656c6c73706163696e673d223522207374796c653d22666f6e742d73697a653a20313270783b222077696474683d223537307078223e0d0a20202020202020203c74723e0d0a2020202020202020202020203c746820636f6c7370616e3d22332220616c69676e3d226c65667422207374796c653d226261636b67726f756e643a236363633b223e436f6e7461637420496e666f2e3c2f74683e0d0a20202020202020203c2f74723e0d0a20202020202020203c74723e0d0a2020202020202020202020203c746420616c69676e3d226c656674223e3c6c6162656c207374796c653d22666f6e742d7765696768743a626f6c64223e436f6e746163742054656c3a203c2f6c6162656c3e3c2f74643e0d0a2020202020202020202020203c746420616c69676e3d226c6566742220636f6c7370616e3d2232223e3c6c6162656c207374796c653d22666f6e742d7765696768743a626f6c64223e436f6e7461637420506572736f6e3a203c2f6c6162656c3e3c2f74643e0d0a20202020202020203c2f74723e0d0a20202020202020203c74723e0d0a2020202020202020202020203c746820636f6c7370616e3d22332220616c69676e3d226c65667422207374796c653d226261636b67726f756e643a236363633b223e4f7264657220436f6e6669726d6174696f6e3c2f74683e0d0a20202020202020203c2f74723e0d0a20202020202020203c74723e0d0a2020202020202020202020203c746420616c69676e3d226c656674223e3c6c6162656c207374796c653d22666f6e742d7765696768743a626f6c64223e436f6e6669726d6174696f6e204e6f2e3a203c2f6c6162656c3e3c2f74643e0d0a2020202020202020202020203c746420616c69676e3d226c656674223e3c6c6162656c207374796c653d22666f6e742d7765696768743a626f6c64223e446174653a203c2f6c6162656c3e3c2f74643e0d0a2020202020202020202020203c746420616c69676e3d226c656674223e3c6c6162656c207374796c653d22666f6e742d7765696768743a626f6c64223e54696d653a203c2f6c6162656c3e3c2f74643e0d0a20202020202020203c2f74723e0d0a20202020202020203c74723e0d0a2020202020202020202020203c746420616c69676e3d226c6566742220636f6c7370616e3d2233223e3c6c6162656c207374796c653d22666f6e742d7765696768743a626f6c64223e44657061727475726520446174653a203c2f6c6162656c3e3c2f74643e0d0a20202020202020203c2f74723e0d0a202020203c2f7461626c653e0d0a202020203c70207374796c653d22666f6e742d73697a653a20313270783b223e266e6273703b3c2f703e0d0a202020203c70207374796c653d2270616464696e672d6c6566743a313070783b20666f6e742d7765696768743a626f6c643b666f6e742d73697a653a20313270783b223e44656172202c3c2f703e0d0a202020203c70207374796c653d2270616464696e672d6c6566743a313070783b666f6e742d73697a653a20313270783b223e5468616e6b7320796f7520666f722063686f6f73696e67203c7374726f6e673e5553413446554e2e636f6d3c2f7374726f6e673e3c2f703e0d0a202020203c70207374796c653d2270616464696e672d6c6566743a313070783b666f6e742d73697a653a20313270783b223e596f7572206f72646572202320202820202920686173206265656e2070726f63657373656420636f6d706c6574656c792e3c2f703e0d0a202020203c70207374796c653d2270616464696e672d6c6566743a313070783b666f6e742d73697a653a20313270783b2077696474683a35373070783b223e596f7572206372656469742063617264207769746820207878787820202077696c6c206265206368617267656420627920205553413446554e20496e6320666f7220796f7572206f726465722074686520616d6f756e7420697320202020204865726520697320796f757220746f7572203c7374726f6e673e426f617264696e6720452d5469636b65743c2f7374726f6e673e2020696e666f726d6174696f6e3a3c2f703e202020200d0a202020203c7461626c652063656c6c70616464696e673d2235222063656c6c73706163696e673d22352220626f726465723d223122207374796c653d226d617267696e2d6c6566743a313070783b666f6e742d73697a653a20313270783b222077696474683d223537307078223e0d0a20202020202020203c74723e0d0a2020202020202020202020203c746420616c69676e3d226c6566742220636f6c7370616e3d2232223e3c6c6162656c207374796c653d22666f6e742d7765696768743a626f6c64223e546f7572205061636b6167653a203c2f6c6162656c3e3c6272202f3e0d0a202020202020202020202020202020203c2f74643e0d0a2020202020202020202020203c746420616c69676e3d226c656674223e3c6c6162656c207374796c653d22666f6e742d7765696768743a626f6c64223e546f757220436f64653a203c2f6c6162656c3e3c6272202f3e0d0a202020202020202020202020202020203c2f74643e0d0a20202020202020203c2f74723e0d0a20202020202020203c74723e0d0a2020202020202020202020203c746420616c69676e3d226c6566742220636f6c7370616e3d2232223e3c6c6162656c207374796c653d22666f6e742d7765696768743a626f6c64223e47756573743a203c2f6c6162656c3e3c6272202f3e0d0a202020202020202020202020202020203c2f74643e0d0a2020202020202020202020203c746420616c69676e3d226c656674223e283c6c6162656c207374796c653d22666f6e742d7765696768743a626f6c64223e4164756c743a203c2f6c6162656c3e2c203c6c6162656c207374796c653d22666f6e742d7765696768743a626f6c64223e4368696c6472656e3a203c2f6c6162656c3e293c6272202f3e0d0a202020202020202020202020202020203c6c6162656c207374796c653d22666f6e742d7765696768743a626f6c64223e4f666665723a203c2f6c6162656c3e3c2f74643e0d0a20202020202020203c2f74723e0d0a20202020202020203c74723e0d0a2020202020202020202020203c746420616c69676e3d226c656674223e3c6c6162656c207374796c653d22666f6e742d7765696768743a626f6c64223e596f7572205365617473204e6f2e3a203c2f6c6162656c3e3c2f74643e0d0a2020202020202020202020203c746420616c69676e3d226c656674223e3c6c6162656c207374796c653d22666f6e742d7765696768743a626f6c64223e42757320233a203c2f6c6162656c3e3c2f74643e0d0a2020202020202020202020203c746420616c69676e3d226c656674223e3c6c6162656c207374796c653d22666f6e742d7765696768743a626f6c64223e486f74656c20526f6f6d3a203c2f6c6162656c3e3c2f74643e0d0a20202020202020203c2f74723e0d0a202020203c2f7461626c653e0d0a202020203c7461626c652063656c6c70616464696e673d2235222063656c6c73706163696e673d223522207374796c653d22666f6e742d73697a653a20313270783b222077696474683d223537307078223e0d0a20202020202020203c74723e0d0a2020202020202020202020203c746420616c69676e3d226c6566742220636f6c7370616e3d2232223e3c6c6162656c207374796c653d22666f6e742d7765696768743a626f6c64223e44657061727475726520446174653a203c2f6c6162656c3e3c2f74643e0d0a20202020202020203c2f74723e0d0a20202020202020203c74723e0d0a2020202020202020202020203c746420616c69676e3d226c656674223e3c6c6162656c207374796c653d22666f6e742d7765696768743a626f6c64223e5069636b75702054696d653a203c2f6c6162656c3e3c2f74643e0d0a2020202020202020202020203c746420616c69676e3d226c656674223e3c6c6162656c207374796c653d22666f6e742d7765696768743a626f6c64223e4c6f636174696f6e3a203c2f6c6162656c3e3c2f74643e0d0a20202020202020203c2f74723e0d0a20202020202020203c74723e0d0a2020202020202020202020203c746420616c69676e3d226c656674223e3c6c6162656c207374796c653d22666f6e742d7765696768743a626f6c64223e4465706172747572652054696d653a203c2f6c6162656c3e3c2f74643e0d0a2020202020202020202020203c746420616c69676e3d226c656674223e3c6c6162656c207374796c653d22666f6e742d7765696768743a626f6c64223e4c6f636174696f6e3a203c2f6c6162656c3e3c2f74643e0d0a20202020202020203c2f74723e0d0a20202020202020203c74723e0d0a2020202020202020202020203c746420616c69676e3d226c6566742220636f6c7370616e3d2232223e3c6c6162656c207374796c653d22666f6e742d7765696768743a626f6c64223e5370656369616c204e6f74653a203c2f6c6162656c3e3c2f74643e0d0a20202020202020203c2f74723e0d0a202020203c2f7461626c653e0d0a202020203c70207374796c653d22666f6e742d73697a653a20313270783b223e266e6273703b3c2f703e0d0a202020203c7461626c652063656c6c70616464696e673d2235222063656c6c73706163696e673d223522207374796c653d22666f6e742d73697a653a20313270783b223e0d0a20202020202020203c74723e0d0a2020202020202020202020203c746420616c69676e3d226c656674223e437573746f6d6572205369676e61747572653a3c2f74643e0d0a2020202020202020202020203c746420616c69676e3d226c65667422207374796c653d22626f726465722d626f74746f6d3a31707820736f6c696420626c61636b3b2077696474683a31383070783b223e266e6273703b3c2f74643e0d0a2020202020202020202020203c746420616c69676e3d226c656674223e446174653a3c2f74643e0d0a2020202020202020202020203c746420616c69676e3d226c65667422207374796c653d22626f726465722d626f74746f6d3a31707820736f6c696420626c61636b3b2077696474683a31303070783b223e266e6273703b3c2f74643e0d0a20202020202020203c2f74723e0d0a202020203c2f7461626c653e0d0a202020200d0a202020203c70207374796c653d22666f6e742d73697a653a20313270783b223e266e6273703b3c2f703e0d0a202020203c70207374796c653d2270616464696e672d6c6566743a313070783b666f6e742d73697a653a20313270783b223e496620796f75206e65656420746f2066696e64206f7574206d6f726520696e666f726d6174696f6e2061626f75743a3c2f703e0d0a202020203c756c207374796c653d226d617267696e3a303b2070616464696e673a303b2070616464696e672d6c6566743a313070783b206c6973742d7374796c653a696e736964653b206c696e652d6865696768743a323070783b666f6e742d73697a653a20313270783b223e0d0a20202020202020203c6c693e54686520646972656374696f6e202d20736565206d6170204c696e6b20746f203e3e3e282020293c2f6c693e0d0a20202020202020203c6c693e5375627761792d20207365652020746f2053756277617920206d6170204c696e6b20746f203e3e203e3e3e282020293c2f6c693e2020200d0a20202020202020203c6c693e4361722053657276696365206e65617262792c2d20736565204c696e6b20746f203e3e3e282020293c2f6c693e2020200d0a20202020202020203c6c693e486f74656c7320202020202d736565204c696e6b20746f203e3e3e282020293c2f6c693e2020200d0a20202020202020203c6c693e43616e63656c6c6174696f6e2f526566756e6420506f6c69637920202d676f20746f20204c696e6b20203e3e3e282020293c2f6c693e2020200d0a20202020202020203c6c693e5072697661637920506f6c696379202d676f20746f20204c696e6b203e3e3e282020293c2f6c693e2020200d0a20202020202020203c6c693e46656520496e636c756465202d20676f20746f20204c696e6b203e3e3e282020293c2f6c693e2020200d0a20202020202020203c6c693e466565204e6f7420696e636c756465202d20676f20746f20204c696e6b203e3e3e282020293c2f6c693e0d0a202020203c2f756c3e2020200d0a3c2f6469763e0d0a3c2f626f64793e0d0a3c2f68746d6c3e, 1336581470);
INSERT INTO `order_mail` (`order_mail_id`, `order_id`, `recipient`, `subject`, `body`, `sent`) VALUES
(11, 151, 'mononedv@gmail.com', 'Order Confirmation - USA4FUN.com', 0x3c21444f43545950452068746d6c205055424c494320222d2f2f5733432f2f4454442048544d4c20342e30312f2f454e222022687474703a2f2f7777772e77332e6f72672f54522f313939392f5245432d68746d6c3430312d31393939313232342f7374726963742e647464223e0d0a3c68746d6c3e0d0a3c686561643e0d0a3c6d65746120687474702d65717569763d22436f6e74656e742d547970652220636f6e74656e743d22746578742f68746d6c3b20636861727365743d7574662d38223e0d0a3c2f686561643e0d0a3c626f64793e0d0a3c6469762069643d226d61696c626f6479223e0d0a202020203c6831207374796c653d22666f6e742d66616d696c793a417269616c2c2048656c7665746963612c2073616e732d73657269663b20666f6e742d7765696768743a626f6c643b20666f6e742d73697a653a323470783b20636f6c6f723a626c61636b3b206d617267696e3a31357078203570783b2070616464696e673a30223e3c6120687265663d22687474703a2f2f7573613466756e2e636f6d22207374796c653d22746578742d6465636f726174696f6e3a6e6f6e653b20636f6c6f723a626c61636b223e5553413446554e2e636f6d3c2f613e3c2f68313e0d0a202020203c7461626c652063656c6c70616464696e673d2235222063656c6c73706163696e673d223522207374796c653d22666f6e742d73697a653a20313270783b222077696474683d223537307078223e0d0a20202020202020203c74723e0d0a2020202020202020202020203c746820636f6c7370616e3d22332220616c69676e3d226c65667422207374796c653d226261636b67726f756e643a236363633b223e436f6e7461637420496e666f2e3c2f74683e0d0a20202020202020203c2f74723e0d0a20202020202020203c74723e0d0a2020202020202020202020203c746420616c69676e3d226c656674223e3c6c6162656c207374796c653d22666f6e742d7765696768743a626f6c64223e436f6e746163742054656c3a203c2f6c6162656c3e3c2f74643e0d0a2020202020202020202020203c746420616c69676e3d226c6566742220636f6c7370616e3d2232223e3c6c6162656c207374796c653d22666f6e742d7765696768743a626f6c64223e436f6e7461637420506572736f6e3a203c2f6c6162656c3e3c2f74643e0d0a20202020202020203c2f74723e0d0a20202020202020203c74723e0d0a2020202020202020202020203c746820636f6c7370616e3d22332220616c69676e3d226c65667422207374796c653d226261636b67726f756e643a236363633b223e4f7264657220436f6e6669726d6174696f6e3c2f74683e0d0a20202020202020203c2f74723e0d0a20202020202020203c74723e0d0a2020202020202020202020203c746420616c69676e3d226c656674223e3c6c6162656c207374796c653d22666f6e742d7765696768743a626f6c64223e436f6e6669726d6174696f6e204e6f2e3a203c2f6c6162656c3e3c2f74643e0d0a2020202020202020202020203c746420616c69676e3d226c656674223e3c6c6162656c207374796c653d22666f6e742d7765696768743a626f6c64223e446174653a203c2f6c6162656c3e3c2f74643e0d0a2020202020202020202020203c746420616c69676e3d226c656674223e3c6c6162656c207374796c653d22666f6e742d7765696768743a626f6c64223e54696d653a203c2f6c6162656c3e3c2f74643e0d0a20202020202020203c2f74723e0d0a20202020202020203c74723e0d0a2020202020202020202020203c746420616c69676e3d226c6566742220636f6c7370616e3d2233223e3c6c6162656c207374796c653d22666f6e742d7765696768743a626f6c64223e44657061727475726520446174653a203c2f6c6162656c3e3c2f74643e0d0a20202020202020203c2f74723e0d0a202020203c2f7461626c653e0d0a202020203c70207374796c653d22666f6e742d73697a653a20313270783b223e266e6273703b3c2f703e0d0a202020203c70207374796c653d2270616464696e672d6c6566743a313070783b20666f6e742d7765696768743a626f6c643b666f6e742d73697a653a20313270783b223e44656172202c3c2f703e0d0a202020203c70207374796c653d2270616464696e672d6c6566743a313070783b666f6e742d73697a653a20313270783b223e5468616e6b7320796f7520666f722063686f6f73696e67203c7374726f6e673e5553413446554e2e636f6d3c2f7374726f6e673e3c2f703e0d0a202020203c70207374796c653d2270616464696e672d6c6566743a313070783b666f6e742d73697a653a20313270783b223e596f7572206f72646572202320202820202920686173206265656e2070726f63657373656420636f6d706c6574656c792e3c2f703e0d0a202020203c70207374796c653d2270616464696e672d6c6566743a313070783b666f6e742d73697a653a20313270783b2077696474683a35373070783b223e596f7572206372656469742063617264207769746820207878787820202077696c6c206265206368617267656420627920205553413446554e20496e6320666f7220796f7572206f726465722074686520616d6f756e7420697320202020204865726520697320796f757220746f7572203c7374726f6e673e426f617264696e6720452d5469636b65743c2f7374726f6e673e2020696e666f726d6174696f6e3a3c2f703e202020200d0a202020203c7461626c652063656c6c70616464696e673d2235222063656c6c73706163696e673d22352220626f726465723d223122207374796c653d226d617267696e2d6c6566743a313070783b666f6e742d73697a653a20313270783b222077696474683d223537307078223e0d0a20202020202020203c74723e0d0a2020202020202020202020203c746420616c69676e3d226c6566742220636f6c7370616e3d2232223e3c6c6162656c207374796c653d22666f6e742d7765696768743a626f6c64223e546f7572205061636b6167653a203c2f6c6162656c3e3c6272202f3e0d0a202020202020202020202020202020203c2f74643e0d0a2020202020202020202020203c746420616c69676e3d226c656674223e3c6c6162656c207374796c653d22666f6e742d7765696768743a626f6c64223e546f757220436f64653a203c2f6c6162656c3e3c6272202f3e0d0a202020202020202020202020202020203c2f74643e0d0a20202020202020203c2f74723e0d0a20202020202020203c74723e0d0a2020202020202020202020203c746420616c69676e3d226c6566742220636f6c7370616e3d2232223e3c6c6162656c207374796c653d22666f6e742d7765696768743a626f6c64223e47756573743a203c2f6c6162656c3e3c6272202f3e0d0a202020202020202020202020202020203c2f74643e0d0a2020202020202020202020203c746420616c69676e3d226c656674223e283c6c6162656c207374796c653d22666f6e742d7765696768743a626f6c64223e4164756c743a203c2f6c6162656c3e2c203c6c6162656c207374796c653d22666f6e742d7765696768743a626f6c64223e4368696c6472656e3a203c2f6c6162656c3e293c6272202f3e0d0a202020202020202020202020202020203c6c6162656c207374796c653d22666f6e742d7765696768743a626f6c64223e4f666665723a203c2f6c6162656c3e3c2f74643e0d0a20202020202020203c2f74723e0d0a20202020202020203c74723e0d0a2020202020202020202020203c746420616c69676e3d226c656674223e3c6c6162656c207374796c653d22666f6e742d7765696768743a626f6c64223e596f7572205365617473204e6f2e3a203c2f6c6162656c3e3c2f74643e0d0a2020202020202020202020203c746420616c69676e3d226c656674223e3c6c6162656c207374796c653d22666f6e742d7765696768743a626f6c64223e42757320233a203c2f6c6162656c3e3c2f74643e0d0a2020202020202020202020203c746420616c69676e3d226c656674223e3c6c6162656c207374796c653d22666f6e742d7765696768743a626f6c64223e486f74656c20526f6f6d3a203c2f6c6162656c3e3c2f74643e0d0a20202020202020203c2f74723e0d0a202020203c2f7461626c653e0d0a202020203c7461626c652063656c6c70616464696e673d2235222063656c6c73706163696e673d223522207374796c653d22666f6e742d73697a653a20313270783b222077696474683d223537307078223e0d0a20202020202020203c74723e0d0a2020202020202020202020203c746420616c69676e3d226c6566742220636f6c7370616e3d2232223e3c6c6162656c207374796c653d22666f6e742d7765696768743a626f6c64223e44657061727475726520446174653a203c2f6c6162656c3e3c2f74643e0d0a20202020202020203c2f74723e0d0a20202020202020203c74723e0d0a2020202020202020202020203c746420616c69676e3d226c656674223e3c6c6162656c207374796c653d22666f6e742d7765696768743a626f6c64223e5069636b75702054696d653a203c2f6c6162656c3e3c2f74643e0d0a2020202020202020202020203c746420616c69676e3d226c656674223e3c6c6162656c207374796c653d22666f6e742d7765696768743a626f6c64223e4c6f636174696f6e3a203c2f6c6162656c3e3c2f74643e0d0a20202020202020203c2f74723e0d0a20202020202020203c74723e0d0a2020202020202020202020203c746420616c69676e3d226c656674223e3c6c6162656c207374796c653d22666f6e742d7765696768743a626f6c64223e4465706172747572652054696d653a203c2f6c6162656c3e3c2f74643e0d0a2020202020202020202020203c746420616c69676e3d226c656674223e3c6c6162656c207374796c653d22666f6e742d7765696768743a626f6c64223e4c6f636174696f6e3a203c2f6c6162656c3e3c2f74643e0d0a20202020202020203c2f74723e0d0a20202020202020203c74723e0d0a2020202020202020202020203c746420616c69676e3d226c6566742220636f6c7370616e3d2232223e3c6c6162656c207374796c653d22666f6e742d7765696768743a626f6c64223e5370656369616c204e6f74653a203c2f6c6162656c3e3c2f74643e0d0a20202020202020203c2f74723e0d0a202020203c2f7461626c653e0d0a202020203c70207374796c653d22666f6e742d73697a653a20313270783b223e266e6273703b3c2f703e0d0a202020203c7461626c652063656c6c70616464696e673d2235222063656c6c73706163696e673d223522207374796c653d22666f6e742d73697a653a20313270783b223e0d0a20202020202020203c74723e0d0a2020202020202020202020203c746420616c69676e3d226c656674223e437573746f6d6572205369676e61747572653a3c2f74643e0d0a2020202020202020202020203c746420616c69676e3d226c65667422207374796c653d22626f726465722d626f74746f6d3a31707820736f6c696420626c61636b3b2077696474683a31383070783b223e266e6273703b3c2f74643e0d0a2020202020202020202020203c746420616c69676e3d226c656674223e446174653a3c2f74643e0d0a2020202020202020202020203c746420616c69676e3d226c65667422207374796c653d22626f726465722d626f74746f6d3a31707820736f6c696420626c61636b3b2077696474683a31303070783b223e266e6273703b3c2f74643e0d0a20202020202020203c2f74723e0d0a202020203c2f7461626c653e0d0a202020200d0a202020203c70207374796c653d22666f6e742d73697a653a20313270783b223e266e6273703b3c2f703e0d0a202020203c70207374796c653d2270616464696e672d6c6566743a313070783b666f6e742d73697a653a20313270783b223e496620796f75206e65656420746f2066696e64206f7574206d6f726520696e666f726d6174696f6e2061626f75743a3c2f703e0d0a202020203c756c207374796c653d226d617267696e3a303b2070616464696e673a303b2070616464696e672d6c6566743a313070783b206c6973742d7374796c653a696e736964653b206c696e652d6865696768743a323070783b666f6e742d73697a653a20313270783b223e0d0a20202020202020203c6c693e54686520646972656374696f6e202d20736565206d6170204c696e6b20746f203e3e3e282020293c2f6c693e0d0a20202020202020203c6c693e5375627761792d20207365652020746f2053756277617920206d6170204c696e6b20746f203e3e203e3e3e282020293c2f6c693e2020200d0a20202020202020203c6c693e4361722053657276696365206e65617262792c2d20736565204c696e6b20746f203e3e3e282020293c2f6c693e2020200d0a20202020202020203c6c693e486f74656c7320202020202d736565204c696e6b20746f203e3e3e282020293c2f6c693e2020200d0a20202020202020203c6c693e43616e63656c6c6174696f6e2f526566756e6420506f6c69637920202d676f20746f20204c696e6b20203e3e3e282020293c2f6c693e2020200d0a20202020202020203c6c693e5072697661637920506f6c696379202d676f20746f20204c696e6b203e3e3e282020293c2f6c693e2020200d0a20202020202020203c6c693e46656520496e636c756465202d20676f20746f20204c696e6b203e3e3e282020293c2f6c693e2020200d0a20202020202020203c6c693e466565204e6f7420696e636c756465202d20676f20746f20204c696e6b203e3e3e282020293c2f6c693e0d0a202020203c2f756c3e2020200d0a3c2f6469763e0d0a3c2f626f64793e0d0a3c2f68746d6c3e, 1336585623),
(12, 157, 'mononedv@gmail.com', 'Order Confirmation - USA4FUN.com', 0x3c21444f43545950452068746d6c205055424c494320222d2f2f5733432f2f4454442048544d4c20342e30312f2f454e222022687474703a2f2f7777772e77332e6f72672f54522f313939392f5245432d68746d6c3430312d31393939313232342f7374726963742e647464223e0d0a3c68746d6c3e0d0a3c686561643e0d0a3c6d65746120687474702d65717569763d22436f6e74656e742d547970652220636f6e74656e743d22746578742f68746d6c3b20636861727365743d7574662d38223e0d0a3c2f686561643e0d0a3c626f64793e0d0a3c6469762069643d226d61696c626f6479223e0d0a202020203c6831207374796c653d22666f6e742d66616d696c793a417269616c2c2048656c7665746963612c2073616e732d73657269663b20666f6e742d7765696768743a626f6c643b20666f6e742d73697a653a323470783b20636f6c6f723a626c61636b3b206d617267696e3a31357078203570783b2070616464696e673a30223e3c6120687265663d22687474703a2f2f7573613466756e2e636f6d22207374796c653d22746578742d6465636f726174696f6e3a6e6f6e653b20636f6c6f723a626c61636b223e5553413446554e2e636f6d3c2f613e3c2f68313e0d0a202020203c7461626c652063656c6c70616464696e673d2235222063656c6c73706163696e673d223522207374796c653d22666f6e742d73697a653a20313270783b222077696474683d223537307078223e0d0a20202020202020203c74723e0d0a2020202020202020202020203c746820636f6c7370616e3d22332220616c69676e3d226c65667422207374796c653d226261636b67726f756e643a236363633b223e436f6e7461637420496e666f2e3c2f74683e0d0a20202020202020203c2f74723e0d0a20202020202020203c74723e0d0a2020202020202020202020203c746420616c69676e3d226c656674223e3c6c6162656c207374796c653d22666f6e742d7765696768743a626f6c64223e436f6e746163742054656c3a203c2f6c6162656c3e32323232323232323c2f74643e0d0a2020202020202020202020203c746420616c69676e3d226c6566742220636f6c7370616e3d2232223e3c6c6162656c207374796c653d22666f6e742d7765696768743a626f6c64223e436f6e7461637420506572736f6e3a203c2f6c6162656c3e323c2f74643e0d0a20202020202020203c2f74723e0d0a20202020202020203c74723e0d0a2020202020202020202020203c746820636f6c7370616e3d22332220616c69676e3d226c65667422207374796c653d226261636b67726f756e643a236363633b223e4f7264657220436f6e6669726d6174696f6e3c2f74683e0d0a20202020202020203c2f74723e0d0a20202020202020203c74723e0d0a2020202020202020202020203c746420616c69676e3d226c656674223e3c6c6162656c207374796c653d22666f6e742d7765696768743a626f6c64223e436f6e6669726d6174696f6e204e6f2e3a203c2f6c6162656c3e323232323c2f74643e0d0a2020202020202020202020203c746420616c69676e3d226c656674223e3c6c6162656c207374796c653d22666f6e742d7765696768743a626f6c64223e446174653a203c2f6c6162656c3e3232313132323c2f74643e0d0a2020202020202020202020203c746420616c69676e3d226c656674223e3c6c6162656c207374796c653d22666f6e742d7765696768743a626f6c64223e54696d653a203c2f6c6162656c3e323232333c2f74643e0d0a20202020202020203c2f74723e0d0a20202020202020203c74723e0d0a2020202020202020202020203c746420616c69676e3d226c6566742220636f6c7370616e3d2233223e3c6c6162656c207374796c653d22666f6e742d7765696768743a626f6c64223e44657061727475726520446174653a203c2f6c6162656c3e6e79633c2f74643e0d0a20202020202020203c2f74723e0d0a202020203c2f7461626c653e0d0a202020203c70207374796c653d22666f6e742d73697a653a20313270783b223e266e6273703b3c2f703e0d0a202020203c70207374796c653d2270616464696e672d6c6566743a313070783b20666f6e742d7765696768743a626f6c643b666f6e742d73697a653a20313270783b223e44656172206464732c3c2f703e0d0a202020203c70207374796c653d2270616464696e672d6c6566743a313070783b666f6e742d73697a653a20313270783b223e5468616e6b7320796f7520666f722063686f6f73696e67203c7374726f6e673e5553413446554e2e636f6d3c2f7374726f6e673e3c2f703e0d0a202020203c70207374796c653d2270616464696e672d6c6566743a313070783b666f6e742d73697a653a20313270783b223e596f7572206f726465722023202028207366202920686173206265656e2070726f63657373656420636f6d706c6574656c792e3c2f703e0d0a202020203c70207374796c653d2270616464696e672d6c6566743a313070783b666f6e742d73697a653a20313270783b2077696474683a35373070783b223e596f7572206372656469742063617264207769746820207878787820202077696c6c206265206368617267656420627920205553413446554e20496e6320666f7220796f7572206f726465722074686520616d6f756e7420697320202020204865726520697320796f757220746f7572203c7374726f6e673e426f617264696e6720452d5469636b65743c2f7374726f6e673e2020696e666f726d6174696f6e3a3c2f703e202020200d0a202020203c7461626c652063656c6c70616464696e673d2235222063656c6c73706163696e673d22352220626f726465723d223122207374796c653d226d617267696e2d6c6566743a313070783b666f6e742d73697a653a20313270783b222077696474683d223537307078223e0d0a20202020202020203c74723e0d0a2020202020202020202020203c746420616c69676e3d226c6566742220636f6c7370616e3d2232223e3c6c6162656c207374796c653d22666f6e742d7765696768743a626f6c64223e546f7572205061636b6167653a203c2f6c6162656c3e3c6272202f3e0d0a202020202020202020202020202020206673646666663c2f74643e0d0a2020202020202020202020203c746420616c69676e3d226c656674223e3c6c6162656c207374796c653d22666f6e742d7765696768743a626f6c64223e546f757220436f64653a203c2f6c6162656c3e3c6272202f3e0d0a2020202020202020202020202020202066663c2f74643e0d0a20202020202020203c2f74723e0d0a20202020202020203c74723e0d0a2020202020202020202020203c746420616c69676e3d226c6566742220636f6c7370616e3d2232223e3c6c6162656c207374796c653d22666f6e742d7765696768743a626f6c64223e47756573743a203c2f6c6162656c3e3c6272202f3e0d0a20202020202020202020202020202020323c2f74643e0d0a2020202020202020202020203c746420616c69676e3d226c656674223e283c6c6162656c207374796c653d22666f6e742d7765696768743a626f6c64223e4164756c743a203c2f6c6162656c3e322c203c6c6162656c207374796c653d22666f6e742d7765696768743a626f6c64223e4368696c6472656e3a203c2f6c6162656c3e30293c6272202f3e0d0a202020202020202020202020202020203c6c6162656c207374796c653d22666f6e742d7765696768743a626f6c64223e4f666665723a203c2f6c6162656c3e303c2f74643e0d0a20202020202020203c2f74723e0d0a20202020202020203c74723e0d0a2020202020202020202020203c746420616c69676e3d226c656674223e3c6c6162656c207374796c653d22666f6e742d7765696768743a626f6c64223e596f7572205365617473204e6f2e3a203c2f6c6162656c3e32323c2f74643e0d0a2020202020202020202020203c746420616c69676e3d226c656674223e3c6c6162656c207374796c653d22666f6e742d7765696768743a626f6c64223e42757320233a203c2f6c6162656c3e3c2f74643e0d0a2020202020202020202020203c746420616c69676e3d226c656674223e3c6c6162656c207374796c653d22666f6e742d7765696768743a626f6c64223e486f74656c20526f6f6d3a203c2f6c6162656c3e3c2f74643e0d0a20202020202020203c2f74723e0d0a202020203c2f7461626c653e0d0a202020203c7461626c652063656c6c70616464696e673d2235222063656c6c73706163696e673d223522207374796c653d22666f6e742d73697a653a20313270783b222077696474683d223537307078223e0d0a20202020202020203c74723e0d0a2020202020202020202020203c746420616c69676e3d226c6566742220636f6c7370616e3d2232223e3c6c6162656c207374796c653d22666f6e742d7765696768743a626f6c64223e44657061727475726520446174653a203c2f6c6162656c3e3231333333333c2f74643e0d0a20202020202020203c2f74723e0d0a20202020202020203c74723e0d0a2020202020202020202020203c746420616c69676e3d226c656674223e3c6c6162656c207374796c653d22666f6e742d7765696768743a626f6c64223e5069636b75702054696d653a203c2f6c6162656c3e33333c2f74643e0d0a2020202020202020202020203c746420616c69676e3d226c656674223e3c6c6162656c207374796c653d22666f6e742d7765696768743a626f6c64223e4c6f636174696f6e3a203c2f6c6162656c3e33333c2f74643e0d0a20202020202020203c2f74723e0d0a20202020202020203c74723e0d0a2020202020202020202020203c746420616c69676e3d226c656674223e3c6c6162656c207374796c653d22666f6e742d7765696768743a626f6c64223e4465706172747572652054696d653a203c2f6c6162656c3e3333333c2f74643e0d0a2020202020202020202020203c746420616c69676e3d226c656674223e3c6c6162656c207374796c653d22666f6e742d7765696768743a626f6c64223e4c6f636174696f6e3a203c2f6c6162656c3e3333333c2f74643e0d0a20202020202020203c2f74723e0d0a20202020202020203c74723e0d0a2020202020202020202020203c746420616c69676e3d226c6566742220636f6c7370616e3d2232223e3c6c6162656c207374796c653d22666f6e742d7765696768743a626f6c64223e5370656369616c204e6f74653a203c2f6c6162656c3e3c2f74643e0d0a20202020202020203c2f74723e0d0a202020203c2f7461626c653e0d0a202020203c70207374796c653d22666f6e742d73697a653a20313270783b223e266e6273703b3c2f703e0d0a202020203c7461626c652063656c6c70616464696e673d2235222063656c6c73706163696e673d223522207374796c653d22666f6e742d73697a653a20313270783b223e0d0a20202020202020203c74723e0d0a2020202020202020202020203c746420616c69676e3d226c656674223e437573746f6d6572205369676e61747572653a3c2f74643e0d0a2020202020202020202020203c746420616c69676e3d226c65667422207374796c653d22626f726465722d626f74746f6d3a31707820736f6c696420626c61636b3b2077696474683a31383070783b223e266e6273703b3c2f74643e0d0a2020202020202020202020203c746420616c69676e3d226c656674223e446174653a3c2f74643e0d0a2020202020202020202020203c746420616c69676e3d226c65667422207374796c653d22626f726465722d626f74746f6d3a31707820736f6c696420626c61636b3b2077696474683a31303070783b223e266e6273703b3c2f74643e0d0a20202020202020203c2f74723e0d0a202020203c2f7461626c653e0d0a202020200d0a202020203c70207374796c653d22666f6e742d73697a653a20313270783b223e266e6273703b3c2f703e0d0a202020203c70207374796c653d2270616464696e672d6c6566743a313070783b666f6e742d73697a653a20313270783b223e496620796f75206e65656420746f2066696e64206f7574206d6f726520696e666f726d6174696f6e2061626f75743a3c2f703e0d0a202020203c756c207374796c653d226d617267696e3a303b2070616464696e673a303b2070616464696e672d6c6566743a313070783b206c6973742d7374796c653a696e736964653b206c696e652d6865696768743a323070783b666f6e742d73697a653a20313270783b223e0d0a20202020202020203c6c693e54686520646972656374696f6e202d20736565206d6170204c696e6b20746f203e3e3e28203320293c2f6c693e0d0a20202020202020203c6c693e5375627761792d20207365652020746f2053756277617920206d6170204c696e6b20746f203e3e203e3e3e282020293c2f6c693e2020200d0a20202020202020203c6c693e4361722053657276696365206e65617262792c2d20736565204c696e6b20746f203e3e3e282020293c2f6c693e2020200d0a20202020202020203c6c693e486f74656c7320202020202d736565204c696e6b20746f203e3e3e282020293c2f6c693e2020200d0a20202020202020203c6c693e43616e63656c6c6174696f6e2f526566756e6420506f6c69637920202d676f20746f20204c696e6b20203e3e3e282020293c2f6c693e2020200d0a20202020202020203c6c693e5072697661637920506f6c696379202d676f20746f20204c696e6b203e3e3e282020293c2f6c693e2020200d0a20202020202020203c6c693e46656520496e636c756465202d20676f20746f20204c696e6b203e3e3e282020293c2f6c693e2020200d0a20202020202020203c6c693e466565204e6f7420696e636c756465202d20676f20746f20204c696e6b203e3e3e282020293c2f6c693e0d0a202020203c2f756c3e2020200d0a3c2f6469763e0d0a3c2f626f64793e0d0a3c2f68746d6c3e, 1337887315),
(13, 159, 'admer999@yahoo.com', '订单已确认 - USA4FUN.com', 0x3c21444f43545950452068746d6c205055424c494320222d2f2f5733432f2f4454442048544d4c20342e30312f2f454e222022687474703a2f2f7777772e77332e6f72672f54522f313939392f5245432d68746d6c3430312d31393939313232342f7374726963742e647464223e0d0a3c68746d6c3e0d0a3c686561643e0d0a3c6d65746120687474702d65717569763d22436f6e74656e742d547970652220636f6e74656e743d22746578742f68746d6c3b20636861727365743d7574662d38223e0d0a3c2f686561643e0d0a3c626f64793e0d0a3c6469762069643d226d61696c626f6479223e0d0a202020203c6831207374796c653d22666f6e742d66616d696c793a417269616c2c2048656c7665746963612c2073616e732d73657269663b20666f6e742d7765696768743a626f6c643b20666f6e742d73697a653a323470783b20636f6c6f723a626c61636b3b206d617267696e3a31357078203570783b2070616464696e673a30223e3c6120687265663d22687474703a2f2f7573613466756e2e636f6d22207374796c653d22746578742d6465636f726174696f6e3a6e6f6e653b20636f6c6f723a626c61636b223e5553413446554e2e636f6d3c2f613e3c2f68313e0d0a202020203c7461626c652063656c6c70616464696e673d2235222063656c6c73706163696e673d223522207374796c653d22666f6e742d73697a653a20313270783b222077696474683d223537307078223e0d0a20202020202020203c74723e0d0a2020202020202020202020203c746820636f6c7370616e3d22332220616c69676e3d226c65667422207374796c653d226261636b67726f756e643a236363633b223ee88194e7b3bbe68891e4bbac3c2f74683e0d0a20202020202020203c2f74723e0d0a20202020202020203c74723e0d0a2020202020202020202020203c746420616c69676e3d226c656674223e3c6c6162656c207374796c653d22666f6e742d7765696768743a626f6c64223ee88194e7b3bbe794b5e8af9defbc9a3c2f6c6162656c3e3c2f74643e0d0a2020202020202020202020203c746420616c69676e3d226c6566742220636f6c7370616e3d2232223e3c6c6162656c207374796c653d22666f6e742d7765696768743a626f6c64223ee88194e7b3bbe4babaefbc9a3c2f6c6162656c3e3c2f74643e0d0a20202020202020203c2f74723e0d0a20202020202020203c74723e0d0a2020202020202020202020203c746820636f6c7370616e3d22332220616c69676e3d226c65667422207374796c653d226261636b67726f756e643a236363633b223ee8aea2e58d95e7a1aee8aea4e4bfa1e681af3c2f74683e0d0a20202020202020203c2f74723e0d0a20202020202020203c74723e0d0a2020202020202020202020203c746420616c69676e3d226c656674223e3c6c6162656c207374796c653d22666f6e742d7765696768743a626f6c64223ee7a1aee8aea4e58fb7efbc9a3c2f6c6162656c3e3c2f74643e0d0a2020202020202020202020203c746420616c69676e3d226c656674223e3c6c6162656c207374796c653d22666f6e742d7765696768743a626f6c64223ee7a1aee8aea4e697a5e69c9fefbc9a3c2f6c6162656c3e3c2f74643e0d0a2020202020202020202020203c746420616c69676e3d226c656674223e3c6c6162656c207374796c653d22666f6e742d7765696768743a626f6c64223ee7a1aee8aea4e697b6e997b4efbc9a3c2f6c6162656c3e3c2f74643e0d0a20202020202020203c2f74723e0d0a20202020202020203c74723e0d0a2020202020202020202020203c746420616c69676e3d226c6566742220636f6c7370616e3d2233223e3c6c6162656c207374796c653d22666f6e742d7765696768743a626f6c64223ee587bae58f91e697b6e997b4efbc9a3c2f6c6162656c3e3c2f74643e0d0a20202020202020203c2f74723e0d0a202020203c2f7461626c653e0d0a202020203c70207374796c653d22666f6e742d73697a653a20313270783b223e266e6273703b3c2f703e0d0a202020203c70207374796c653d2270616464696e672d6c6566743a313070783b20666f6e742d7765696768743a626f6c643b666f6e742d73697a653a20313270783b223ee4bab2e788b1e79a84202c3c2f703e0d0a202020203c70207374796c653d2270616464696e672d6c6566743a313070783b666f6e742d73697a653a20313270783b223ee6849fe8b0a2e682a8e98089e68ba9203c7374726f6e673e5553413446554e2e636f6d3c2f7374726f6e673e3c2f703e0d0a202020203c70207374796c653d2270616464696e672d6c6566743a313070783b666f6e742d73697a653a20313270783b223ee682a8e79a84e8aea2e58d95202320202820202920e5b7b2e5a484e79086e5ae8ce6af95e380823c2f703e0d0a202020203c70207374796c653d2270616464696e672d6c6566743a313070783b666f6e742d73697a653a20313270783b2077696474683a35373070783b223ee682a8e79a84e4bfa1e794a8e58da120787878782020e5b086e4bc9ae8a2ab205553413446554e20496e6320e694b6e58f96e98791e9a29d2020e4bd9ce4b8bae6ada4e8aea2e58d95e79a84e4bb98e6acbee380820d0a20202020e4b88be99da2e698afe682a8e79a84203c7374726f6e673ee794b5e5ad90e799bbe8bda6e8af813c2f7374726f6e673e2020e4bfa1e681afefbc9a3c2f703e202020200d0a202020203c7461626c652063656c6c70616464696e673d2235222063656c6c73706163696e673d22352220626f726465723d223122207374796c653d226d617267696e2d6c6566743a313070783b666f6e742d73697a653a20313270783b222077696474683d223537307078223e0d0a20202020202020203c74723e0d0a2020202020202020202020203c746420616c69676e3d226c6566742220636f6c7370616e3d2232223e3c6c6162656c207374796c653d22666f6e742d7765696768743a626f6c64223ee8b7afe7babfefbc9a3c2f6c6162656c3e3c6272202f3e0d0a202020202020202020202020202020203c2f74643e0d0a2020202020202020202020203c746420616c69676e3d226c656674223e3c6c6162656c207374796c653d22666f6e742d7765696768743a626f6c64223ee8b7afe7babfe7bc96e58fb7efbc9a203c2f6c6162656c3e3c6272202f3e0d0a202020202020202020202020202020203c2f74643e0d0a20202020202020203c2f74723e0d0a20202020202020203c74723e0d0a2020202020202020202020203c746420616c69676e3d226c6566742220636f6c7370616e3d2232223e3c6c6162656c207374796c653d22666f6e742d7765696768743a626f6c64223ee69785e5aea2e5a793e5908defbc9a3c2f6c6162656c3e3c6272202f3e0d0a202020202020202020202020202020203c2f74643e0d0a2020202020202020202020203c746420616c69676e3d226c656674223e283c6c6162656c207374796c653d22666f6e742d7765696768743a626f6c64223ee68890e4babaefbc9a3c2f6c6162656c3e2c203c6c6162656c207374796c653d22666f6e742d7765696768743a626f6c64223ee584bfe7aba5efbc9a3c2f6c6162656c3e293c6272202f3e0d0a202020202020202020202020202020203c6c6162656c207374796c653d22666f6e742d7765696768743a626f6c64223ee4bc98e683a0efbc9a3c2f6c6162656c3e3c2f74643e0d0a20202020202020203c2f74723e0d0a20202020202020203c74723e0d0a2020202020202020202020203c746420616c69676e3d226c656674223e3c6c6162656c207374796c653d22666f6e742d7765696768743a626f6c64223ee682a8e79a84e5baa7e4bd8de58fb7efbc9a3c2f6c6162656c3e3c2f74643e0d0a2020202020202020202020203c746420616c69676e3d226c656674223e3c6c6162656c207374796c653d22666f6e742d7765696768743a626f6c64223ee8bda6e58fb7efbc9a3c2f6c6162656c3e3c2f74643e0d0a2020202020202020202020203c746420616c69676e3d226c656674223e3c6c6162656c207374796c653d22666f6e742d7765696768743a626f6c64223ee98592e5ba97e688bfe997b4efbc9a3c2f6c6162656c3e3c2f74643e0d0a20202020202020203c2f74723e0d0a202020203c2f7461626c653e0d0a202020203c7461626c652063656c6c70616464696e673d2235222063656c6c73706163696e673d223522207374796c653d22666f6e742d73697a653a20313270783b222077696474683d223537307078223e0d0a20202020202020203c74723e0d0a2020202020202020202020203c746420616c69676e3d226c6566742220636f6c7370616e3d2232223e3c6c6162656c207374796c653d22666f6e742d7765696768743a626f6c64223ee587bae58f91e697a5e69c9fefbc9a3c2f6c6162656c3e3c2f74643e0d0a20202020202020203c2f74723e0d0a20202020202020203c74723e0d0a2020202020202020202020203c746420616c69676e3d226c656674223e3c6c6162656c207374796c653d22666f6e742d7765696768743a626f6c64223ee4b88ae8bda6e697b6e997b4efbc9a3c2f6c6162656c3e3c2f74643e0d0a2020202020202020202020203c746420616c69676e3d226c656674223e3c6c6162656c207374796c653d22666f6e742d7765696768743a626f6c64223ee59cb0e782b9efbc9a3c2f6c6162656c3e3c2f74643e0d0a20202020202020203c2f74723e0d0a20202020202020203c74723e0d0a2020202020202020202020203c746420616c69676e3d226c656674223e3c6c6162656c207374796c653d22666f6e742d7765696768743a626f6c64223ee587bae58f91e697b6e997b4efbc9a3c2f6c6162656c3e3c2f74643e0d0a2020202020202020202020203c746420616c69676e3d226c656674223e3c6c6162656c207374796c653d22666f6e742d7765696768743a626f6c64223ee59cb0e782b9efbc9a3c2f6c6162656c3e3c2f74643e0d0a20202020202020203c2f74723e0d0a20202020202020203c74723e0d0a2020202020202020202020203c746420616c69676e3d226c6566742220636f6c7370616e3d2232223e3c6c6162656c207374796c653d22666f6e742d7765696768743a626f6c64223ee789b9e588abe68f90e7a4baefbc9a3c2f6c6162656c3e3c2f74643e0d0a20202020202020203c2f74723e0d0a202020203c2f7461626c653e0d0a202020203c70207374796c653d22666f6e742d73697a653a20313270783b223e266e6273703b3c2f703e0d0a202020203c7461626c652063656c6c70616464696e673d2235222063656c6c73706163696e673d223522207374796c653d22666f6e742d73697a653a20313270783b223e0d0a20202020202020203c74723e0d0a2020202020202020202020203c746420616c69676e3d226c656674223ee69785e5aea2e7adbee5908defbc9a3c2f74643e0d0a2020202020202020202020203c746420616c69676e3d226c65667422207374796c653d22626f726465722d626f74746f6d3a31707820736f6c696420626c61636b3b2077696474683a31383070783b223e266e6273703b3c2f74643e0d0a2020202020202020202020203c746420616c69676e3d226c656674223ee697a5e69c9fefbc9a3c2f74643e0d0a2020202020202020202020203c746420616c69676e3d226c65667422207374796c653d22626f726465722d626f74746f6d3a31707820736f6c696420626c61636b3b2077696474683a31303070783b223e266e6273703b3c2f74643e0d0a20202020202020203c2f74723e0d0a202020203c2f7461626c653e0d0a202020200d0a202020203c70207374796c653d22666f6e742d73697a653a20313270783b223e266e6273703b3c2f703e0d0a202020203c70207374796c653d2270616464696e672d6c6566743a313070783b666f6e742d73697a653a20313270783b223ee5a682e69e9ce683b3e8a681e88eb7e58f96e69bb4e5a49ae4bfa1e681afefbc8ce8afb7e8aebfe997aee4bba5e4b88be993bee68ea5efbc9a3c2f703e0d0a202020203c756c207374796c653d226d617267696e3a303b2070616464696e673a303b2070616464696e672d6c6566743a313070783b206c6973742d7374796c653a696e736964653b206c696e652d6865696768743a323070783b666f6e742d73697a653a20313270783b223e0d0a20202020202020203c6c693ee9a9bee8bda6e8b7afe7babf202d20e69fa5e79c8be6ada4e993bee68ea5203e3e3e282020293c2f6c693e0d0a20202020202020203c6c693ee59cb0e99381e8b7afe7babf202d2020e69fa5e79c8be6ada4e993bee68ea5203e3e203e3e3e282020293c2f6c693e2020200d0a20202020202020203c6c693ee99984e8bf91e6b1bde8bda6e69c8de58aa1202d20e69fa5e79c8be6ada4e993bee68ea5203e3e3e282020293c2f6c693e2020200d0a20202020202020203c6c693ee98592e5ba97202d20e69fa5e79c8be6ada4e993bee68ea5203e3e3e282020293c2f6c693e2020200d0a20202020202020203c6c693ee58f96e6b6882fe98080e6acbee694bfe7ad96202d20e69fa5e79c8be6ada4e993bee68ea5203e3e3e282020293c2f6c693e2020200d0a20202020202020203c6c693ee99a90e7a781e69da1e6acbe202d20e69fa5e79c8be6ada4e993bee68ea5203e3e3e282020293c2f6c693e2020200d0a20202020202020203c6c693ee4bbb7e6a0bce58c85e68bac202d20e69fa5e79c8be6ada4e993bee68ea5203e3e3e282020293c2f6c693e2020200d0a20202020202020203c6c693ee4bbb7e6a0bce4b88de58c85e68bac202d20e69fa5e79c8be6ada4e993bee68ea5203e3e3e282020293c2f6c693e0d0a202020203c2f756c3e2020200d0a3c2f6469763e0d0a3c2f626f64793e0d0a3c2f68746d6c3e, 1337891325),
(14, 176, 'admer999@yahoo.com', '订单已确认 - USA4FUN.com', 0x3c21444f43545950452068746d6c205055424c494320222d2f2f5733432f2f4454442048544d4c20342e30312f2f454e222022687474703a2f2f7777772e77332e6f72672f54522f313939392f5245432d68746d6c3430312d31393939313232342f7374726963742e647464223e0a3c68746d6c3e0a3c686561643e0a3c6d65746120687474702d65717569763d22436f6e74656e742d547970652220636f6e74656e743d22746578742f68746d6c3b20636861727365743d7574662d38223e0a3c2f686561643e0a3c626f64793e0a3c6469762069643d226d61696c626f6479223e0a202020203c6831207374796c653d22666f6e742d66616d696c793a417269616c2c2048656c7665746963612c2073616e732d73657269663b20666f6e742d7765696768743a626f6c643b20666f6e742d73697a653a323470783b20636f6c6f723a626c61636b3b206d617267696e3a31357078203570783b2070616464696e673a30223e3c6120687265663d22687474703a2f2f7573613466756e2e636f6d22207374796c653d22746578742d6465636f726174696f6e3a6e6f6e653b20636f6c6f723a626c61636b223e5553413446554e2e636f6d3c2f613e3c2f68313e0a202020203c7461626c652063656c6c70616464696e673d2235222063656c6c73706163696e673d223522207374796c653d22666f6e742d73697a653a20313270783b222077696474683d223537307078223e0a20202020202020203c74723e0a2020202020202020202020203c746820636f6c7370616e3d22332220616c69676e3d226c65667422207374796c653d226261636b67726f756e643a236363633b223ee88194e7b3bbe68891e4bbac3c2f74683e0a20202020202020203c2f74723e0a20202020202020203c74723e0a2020202020202020202020203c746420616c69676e3d226c656674223e3c6c6162656c207374796c653d22666f6e742d7765696768743a626f6c64223ee88194e7b3bbe794b5e8af9defbc9a3c2f6c6162656c3e383838393939393939393c2f74643e0a2020202020202020202020203c746420616c69676e3d226c6566742220636f6c7370616e3d2232223e3c6c6162656c207374796c653d22666f6e742d7765696768743a626f6c64223ee88194e7b3bbe4babaefbc9a3c2f6c6162656c3e7465737420706f6e3c2f74643e0a20202020202020203c2f74723e0a20202020202020203c74723e0a2020202020202020202020203c746820636f6c7370616e3d22332220616c69676e3d226c65667422207374796c653d226261636b67726f756e643a236363633b223ee8aea2e58d95e7a1aee8aea4e4bfa1e681af3c2f74683e0a20202020202020203c2f74723e0a20202020202020203c74723e0a2020202020202020202020203c746420616c69676e3d226c656674223e3c6c6162656c207374796c653d22666f6e742d7765696768743a626f6c64223ee7a1aee8aea4e58fb7efbc9a3c2f6c6162656c3e323130313c2f74643e0a2020202020202020202020203c746420616c69676e3d226c656674223e3c6c6162656c207374796c653d22666f6e742d7765696768743a626f6c64223ee7a1aee8aea4e697a5e69c9fefbc9a3c2f6c6162656c3e362d31352d31323c2f74643e0a2020202020202020202020203c746420616c69676e3d226c656674223e3c6c6162656c207374796c653d22666f6e742d7765696768743a626f6c64223ee7a1aee8aea4e697b6e997b4efbc9a3c2f6c6162656c3e31302e333020616d3c2f74643e0a20202020202020203c2f74723e0a20202020202020203c74723e0a2020202020202020202020203c746420616c69676e3d226c6566742220636f6c7370616e3d2233223e3c6c6162656c207374796c653d22666f6e742d7765696768743a626f6c64223ee587bae58f91e697b6e997b4efbc9a3c2f6c6162656c3e30372d32372d31323c2f74643e0a20202020202020203c2f74723e0a202020203c2f7461626c653e0a202020203c70207374796c653d22666f6e742d73697a653a20313270783b223e266e6273703b3c2f703e0a202020203c70207374796c653d2270616464696e672d6c6566743a313070783b20666f6e742d7765696768743a626f6c643b666f6e742d73697a653a20313270783b223ee4bab2e788b1e79a8420746573207420706f6e2c3c2f703e0a202020203c70207374796c653d2270616464696e672d6c6566743a313070783b666f6e742d73697a653a20313270783b223ee6849fe8b0a2e682a8e98089e68ba9203c7374726f6e673e5553413446554e2e636f6d3c2f7374726f6e673e3c2f703e0a202020203c70207374796c653d2270616464696e672d6c6566743a313070783b666f6e742d73697a653a20313270783b223ee682a8e79a84e8aea2e58d952023202028203137332d31202920e5b7b2e5a484e79086e5ae8ce6af95e380823c2f703e0a202020203c70207374796c653d2270616464696e672d6c6566743a313070783b666f6e742d73697a653a20313270783b2077696474683a35373070783b223ee682a8e79a84e4bfa1e794a8e58da12078787878203838393920e5b086e4bc9ae8a2ab205553413446554e20496e6320e694b6e58f96e98791e9a29d203338382e393020e4bd9ce4b8bae6ada4e8aea2e58d95e79a84e4bb98e6acbee380820a20202020e4b88be99da2e698afe682a8e79a84203c7374726f6e673ee794b5e5ad90e799bbe8bda6e8af813c2f7374726f6e673e2020e4bfa1e681afefbc9a3c2f703e202020200a202020203c7461626c652063656c6c70616464696e673d2235222063656c6c73706163696e673d22352220626f726465723d223122207374796c653d226d617267696e2d6c6566743a313070783b666f6e742d73697a653a20313270783b222077696474683d223537307078223e0a20202020202020203c74723e0a2020202020202020202020203c746420616c69676e3d226c6566742220636f6c7370616e3d2232223e3c6c6162656c207374796c653d22666f6e742d7765696768743a626f6c64223ee8b7afe7babfefbc9a3c2f6c6162656c3e3c6272202f3e0a2020202020202020202020202020202035e5a4a934e5a49c2de7be8ee58aa0e69db1e8b1aae88fafe9818a3c2f74643e0a2020202020202020202020203c746420616c69676e3d226c656674223e3c6c6162656c207374796c653d22666f6e742d7765696768743a626f6c64223ee8b7afe7babfe7bc96e58fb7efbc9a203c2f6c6162656c3e3c6272202f3e0a202020202020202020202020202020203543412d3230324e423c2f74643e0a20202020202020203c2f74723e0a20202020202020203c74723e0a2020202020202020202020203c746420616c69676e3d226c6566742220636f6c7370616e3d2232223e3c6c6162656c207374796c653d22666f6e742d7765696768743a626f6c64223ee69785e5aea2e5a793e5908defbc9a3c2f6c6162656c3e3c6272202f3e0a2020202020202020202020202020202058753c2f74643e0a2020202020202020202020203c746420616c69676e3d226c656674223e283c6c6162656c207374796c653d22666f6e742d7765696768743a626f6c64223ee68890e4babaefbc9a3c2f6c6162656c3e332c203c6c6162656c207374796c653d22666f6e742d7765696768743a626f6c64223ee584bfe7aba5efbc9a3c2f6c6162656c3e30293c6272202f3e0a202020202020202020202020202020203c6c6162656c207374796c653d22666f6e742d7765696768743a626f6c64223ee4bc98e683a0efbc9a3c2f6c6162656c3e427579203220676574203120667265653c2f74643e0a20202020202020203c2f74723e0a20202020202020203c74723e0a2020202020202020202020203c746420616c69676e3d226c656674223e3c6c6162656c207374796c653d22666f6e742d7765696768743a626f6c64223ee682a8e79a84e5baa7e4bd8de58fb7efbc9a3c2f6c6162656c3e32322c32332c32363c2f74643e0a2020202020202020202020203c746420616c69676e3d226c656674223e3c6c6162656c207374796c653d22666f6e742d7765696768743a626f6c64223ee8bda6e58fb7efbc9a3c2f6c6162656c3e313c2f74643e0a2020202020202020202020203c746420616c69676e3d226c656674223e3c6c6162656c207374796c653d22666f6e742d7765696768743a626f6c64223ee98592e5ba97e688bfe997b4efbc9a3c2f6c6162656c3e313c2f74643e0a20202020202020203c2f74723e0a202020203c2f7461626c653e0a202020203c7461626c652063656c6c70616464696e673d2235222063656c6c73706163696e673d223522207374796c653d22666f6e742d73697a653a20313270783b222077696474683d223537307078223e0a20202020202020203c74723e0a2020202020202020202020203c746420616c69676e3d226c6566742220636f6c7370616e3d2232223e3c6c6162656c207374796c653d22666f6e742d7765696768743a626f6c64223ee587bae58f91e697a5e69c9fefbc9a3c2f6c6162656c3e30372d32372d323031323c2f74643e0a20202020202020203c2f74723e0a20202020202020203c74723e0a2020202020202020202020203c746420616c69676e3d226c656674223e3c6c6162656c207374796c653d22666f6e742d7765696768743a626f6c64223ee4b88ae8bda6e697b6e997b4efbc9a3c2f6c6162656c3e372e3030616d3c2f74643e0a2020202020202020202020203c746420616c69676e3d226c656674223e3c6c6162656c207374796c653d22666f6e742d7765696768743a626f6c64223ee59cb0e782b9efbc9a3c2f6c6162656c3e3838203339746820417665466c757368696e672c204e5931313337333c2f74643e0a20202020202020203c2f74723e0a20202020202020203c74723e0a2020202020202020202020203c746420616c69676e3d226c656674223e3c6c6162656c207374796c653d22666f6e742d7765696768743a626f6c64223ee587bae58f91e697b6e997b4efbc9a3c2f6c6162656c3e382e303020616d203c2f74643e0a2020202020202020202020203c746420616c69676e3d226c656674223e3c6c6162656c207374796c653d22666f6e742d7765696768743a626f6c64223ee59cb0e782b9efbc9a3c2f6c6162656c3e393920426f77657279204e657720596f726b204e5931303031323c2f74643e0a20202020202020203c2f74723e0a20202020202020203c74723e0a2020202020202020202020203c746420616c69676e3d226c6566742220636f6c7370616e3d2232223e3c6c6162656c207374796c653d22666f6e742d7765696768743a626f6c64223ee789b9e588abe68f90e7a4baefbc9a3c2f6c6162656c3ee8afb7e68f90e697a931352020e58886e9929fe59ca8e4b88ae8bda6e59cb0e782b9e58f8ae587bae58f91e59cb0e782b9e59091e5afbce6b8b8e68aa5e588b0e380823c2f74643e0a20202020202020203c2f74723e0a202020203c2f7461626c653e0a202020203c70207374796c653d22666f6e742d73697a653a20313270783b223e266e6273703b3c2f703e0a202020203c7461626c652063656c6c70616464696e673d2235222063656c6c73706163696e673d223522207374796c653d22666f6e742d73697a653a20313270783b223e0a20202020202020203c74723e0a2020202020202020202020203c746420616c69676e3d226c656674223ee69785e5aea2e7adbee5908defbc9a3c2f74643e0a2020202020202020202020203c746420616c69676e3d226c65667422207374796c653d22626f726465722d626f74746f6d3a31707820736f6c696420626c61636b3b2077696474683a31383070783b223e266e6273703b3c2f74643e0a2020202020202020202020203c746420616c69676e3d226c656674223ee697a5e69c9fefbc9a3c2f74643e0a2020202020202020202020203c746420616c69676e3d226c65667422207374796c653d22626f726465722d626f74746f6d3a31707820736f6c696420626c61636b3b2077696474683a31303070783b223e266e6273703b3c2f74643e0a20202020202020203c2f74723e0a202020203c2f7461626c653e0a202020200a202020203c70207374796c653d22666f6e742d73697a653a20313270783b223e266e6273703b3c2f703e0a202020203c70207374796c653d2270616464696e672d6c6566743a313070783b666f6e742d73697a653a20313270783b223ee5a682e69e9ce683b3e8a681e88eb7e58f96e69bb4e5a49ae4bfa1e681afefbc8ce8afb7e8aebfe997aee4bba5e4b88be993bee68ea5efbc9a3c2f703e0a202020203c756c207374796c653d226d617267696e3a303b2070616464696e673a303b2070616464696e672d6c6566743a313070783b206c6973742d7374796c653a696e736964653b206c696e652d6865696768743a323070783b666f6e742d73697a653a20313270783b223e0a20202020202020203c6c693ee9a9bee8bda6e8b7afe7babf202d20e69fa5e79c8be6ada4e993bee68ea5203e3e3e2820687474703a2f2f7777772e676f6f676c652e636f6d2f23686c3d656e26616d703b73636c69656e743d7073792d616226616d703b713d34382b626f776572792b6e65772b796f726b2b6e792b313030313326616d703b6f713d34382b626f776526616d703b61713d3126616d703b6171693d6733672d4b3126616d703b61716c3d26616d703b67735f6c3d68702e312e312e306c336a306933302e353932312e393638372e302e31313532302e372e372e302e302e302e302e3134362e3732332e346a332e372e302e2e2e302e302e645f707a585f395442487726616d703b7062783d3126616d703b6261763d6f6e2e322c6f722e725f67632e725f70772e725f71662e2c63662e6f736226616d703b66703d35383738623634343733353936313826616d703b6269773d3130323026616d703b6269683d35343020293c2f6c693e0a20202020202020203c6c693ee59cb0e99381e8b7afe7babf202d2020e69fa5e79c8be6ada4e993bee68ea5203e3e203e3e3e2820687474703a2f2f7777772e6d74612e696e666f2f6e7963742f6d6170732f7375626d61702e68746d20293c2f6c693e2020200a20202020202020203c6c693ee99984e8bf91e6b1bde8bda6e69c8de58aa1202d20e69fa5e79c8be6ada4e993bee68ea5203e3e3e282020293c2f6c693e2020200a20202020202020203c6c693ee98592e5ba97202d20e69fa5e79c8be6ada4e993bee68ea5203e3e3e282020293c2f6c693e2020200a20202020202020203c6c693ee58f96e6b6882fe98080e6acbee694bfe7ad96202d20e69fa5e79c8be6ada4e993bee68ea5203e3e3e282020293c2f6c693e2020200a20202020202020203c6c693ee99a90e7a781e69da1e6acbe202d20e69fa5e79c8be6ada4e993bee68ea5203e3e3e282020293c2f6c693e2020200a20202020202020203c6c693ee4bbb7e6a0bce58c85e68bac202d20e69fa5e79c8be6ada4e993bee68ea5203e3e3e282020293c2f6c693e2020200a20202020202020203c6c693ee4bbb7e6a0bce4b88de58c85e68bac202d20e69fa5e79c8be6ada4e993bee68ea5203e3e3e282020293c2f6c693e0a202020203c2f756c3e2020200a3c2f6469763e0a3c2f626f64793e0a3c2f68746d6c3e, 1339772529);
INSERT INTO `order_mail` (`order_mail_id`, `order_id`, `recipient`, `subject`, `body`, `sent`) VALUES
(15, 191, 'mankempoon@yahoo.com', 'Order Confirmation - USA4FUN.com', 0x3c21444f43545950452068746d6c205055424c494320222d2f2f5733432f2f4454442048544d4c20342e30312f2f454e222022687474703a2f2f7777772e77332e6f72672f54522f313939392f5245432d68746d6c3430312d31393939313232342f7374726963742e647464223e0a3c68746d6c3e0a3c686561643e0a3c6d65746120687474702d65717569763d22436f6e74656e742d547970652220636f6e74656e743d22746578742f68746d6c3b20636861727365743d7574662d38223e0a3c2f686561643e0a3c626f64793e0a3c6469762069643d226d61696c626f6479223e0a202020203c6831207374796c653d22666f6e742d66616d696c793a417269616c2c2048656c7665746963612c2073616e732d73657269663b20666f6e742d7765696768743a626f6c643b20666f6e742d73697a653a323470783b20636f6c6f723a626c61636b3b206d617267696e3a31357078203570783b2070616464696e673a30223e3c6120687265663d22687474703a2f2f7573613466756e2e636f6d22207374796c653d22746578742d6465636f726174696f6e3a6e6f6e653b20636f6c6f723a626c61636b223e5553413446554e2e636f6d3c2f613e3c2f68313e0a202020203c7461626c652063656c6c70616464696e673d2235222063656c6c73706163696e673d223522207374796c653d22666f6e742d73697a653a20313270783b222077696474683d223537307078223e0a20202020202020203c74723e0a2020202020202020202020203c746820636f6c7370616e3d22332220616c69676e3d226c65667422207374796c653d226261636b67726f756e643a236363633b223e436f6e7461637420496e666f2e3c2f74683e0a20202020202020203c2f74723e0a20202020202020203c74723e0a2020202020202020202020203c746420616c69676e3d226c656674223e3c6c6162656c207374796c653d22666f6e742d7765696768743a626f6c64223e436f6e746163742054656c3a203c2f6c6162656c3e6664666466643c2f74643e0a2020202020202020202020203c746420616c69676e3d226c6566742220636f6c7370616e3d2232223e3c6c6162656c207374796c653d22666f6e742d7765696768743a626f6c64223e436f6e7461637420506572736f6e3a203c2f6c6162656c3e66643c2f74643e0a20202020202020203c2f74723e0a20202020202020203c74723e0a2020202020202020202020203c746820636f6c7370616e3d22332220616c69676e3d226c65667422207374796c653d226261636b67726f756e643a236363633b223e4f7264657220436f6e6669726d6174696f6e3c2f74683e0a20202020202020203c2f74723e0a20202020202020203c74723e0a2020202020202020202020203c746420616c69676e3d226c656674223e3c6c6162656c207374796c653d22666f6e742d7765696768743a626f6c64223e436f6e6669726d6174696f6e204e6f2e3a203c2f6c6162656c3e6466646664663c2f74643e0a2020202020202020202020203c746420616c69676e3d226c656674223e3c6c6162656c207374796c653d22666f6e742d7765696768743a626f6c64223e446174653a203c2f6c6162656c3e666466643c2f74643e0a2020202020202020202020203c746420616c69676e3d226c656674223e3c6c6162656c207374796c653d22666f6e742d7765696768743a626f6c64223e54696d653a203c2f6c6162656c3e64663c2f74643e0a20202020202020203c2f74723e0a20202020202020203c74723e0a2020202020202020202020203c746420616c69676e3d226c6566742220636f6c7370616e3d2233223e3c6c6162656c207374796c653d22666f6e742d7765696768743a626f6c64223e44657061727475726520446174653a203c2f6c6162656c3e646664666466643c2f74643e0a20202020202020203c2f74723e0a202020203c2f7461626c653e0a202020203c70207374796c653d22666f6e742d73697a653a20313270783b223e266e6273703b3c2f703e0a202020203c70207374796c653d2270616464696e672d6c6566743a313070783b20666f6e742d7765696768743a626f6c643b666f6e742d73697a653a20313270783b223e44656172206466646664662c3c2f703e0a202020203c70207374796c653d2270616464696e672d6c6566743a313070783b666f6e742d73697a653a20313270783b223e5468616e6b7320796f7520666f722063686f6f73696e67203c7374726f6e673e5553413446554e2e636f6d3c2f7374726f6e673e3c2f703e0a202020203c70207374796c653d2270616464696e672d6c6566743a313070783b666f6e742d73697a653a20313270783b223e596f7572206f7264657220232020282064666466202920686173206265656e2070726f63657373656420636f6d706c6574656c792e3c2f703e0a202020203c70207374796c653d2270616464696e672d6c6566743a313070783b666f6e742d73697a653a20313270783b2077696474683a35373070783b223e596f757220637265646974206361726420776974682020787878782066666666202077696c6c206265206368617267656420627920205553413446554e20496e6320666f7220796f7572206f726465722074686520616d6f756e7420697320202020204865726520697320796f757220746f7572203c7374726f6e673e426f617264696e6720452d5469636b65743c2f7374726f6e673e2020696e666f726d6174696f6e3a3c2f703e202020200a202020203c7461626c652063656c6c70616464696e673d2235222063656c6c73706163696e673d22352220626f726465723d223122207374796c653d226d617267696e2d6c6566743a313070783b666f6e742d73697a653a20313270783b222077696474683d223537307078223e0a20202020202020203c74723e0a2020202020202020202020203c746420616c69676e3d226c6566742220636f6c7370616e3d2232223e3c6c6162656c207374796c653d22666f6e742d7765696768743a626f6c64223e546f7572205061636b6167653a203c2f6c6162656c3e3c6272202f3e0a2020202020202020202020202020202064666466646664663c2f74643e0a2020202020202020202020203c746420616c69676e3d226c656674223e3c6c6162656c207374796c653d22666f6e742d7765696768743a626f6c64223e546f757220436f64653a203c2f6c6162656c3e3c6272202f3e0a202020202020202020202020202020203c2f74643e0a20202020202020203c2f74723e0a20202020202020203c74723e0a2020202020202020202020203c746420616c69676e3d226c6566742220636f6c7370616e3d2232223e3c6c6162656c207374796c653d22666f6e742d7765696768743a626f6c64223e47756573743a203c2f6c6162656c3e3c6272202f3e0a20202020202020202020202020202020666466663c2f74643e0a2020202020202020202020203c746420616c69676e3d226c656674223e283c6c6162656c207374796c653d22666f6e742d7765696768743a626f6c64223e4164756c743a203c2f6c6162656c3e2c203c6c6162656c207374796c653d22666f6e742d7765696768743a626f6c64223e4368696c6472656e3a203c2f6c6162656c3e293c6272202f3e0a202020202020202020202020202020203c6c6162656c207374796c653d22666f6e742d7765696768743a626f6c64223e4f666665723a203c2f6c6162656c3e3c2f74643e0a20202020202020203c2f74723e0a20202020202020203c74723e0a2020202020202020202020203c746420616c69676e3d226c656674223e3c6c6162656c207374796c653d22666f6e742d7765696768743a626f6c64223e596f7572205365617473204e6f2e3a203c2f6c6162656c3e6466663c2f74643e0a2020202020202020202020203c746420616c69676e3d226c656674223e3c6c6162656c207374796c653d22666f6e742d7765696768743a626f6c64223e42757320233a203c2f6c6162656c3e3c2f74643e0a2020202020202020202020203c746420616c69676e3d226c656674223e3c6c6162656c207374796c653d22666f6e742d7765696768743a626f6c64223e486f74656c20526f6f6d3a203c2f6c6162656c3e3c2f74643e0a20202020202020203c2f74723e0a202020203c2f7461626c653e0a202020203c7461626c652063656c6c70616464696e673d2235222063656c6c73706163696e673d223522207374796c653d22666f6e742d73697a653a20313270783b222077696474683d223537307078223e0a20202020202020203c74723e0a2020202020202020202020203c746420616c69676e3d226c6566742220636f6c7370616e3d2232223e3c6c6162656c207374796c653d22666f6e742d7765696768743a626f6c64223e44657061727475726520446174653a203c2f6c6162656c3e6466643c2f74643e0a20202020202020203c2f74723e0a20202020202020203c74723e0a2020202020202020202020203c746420616c69676e3d226c656674223e3c6c6162656c207374796c653d22666f6e742d7765696768743a626f6c64223e5069636b75702054696d653a203c2f6c6162656c3e6664663c2f74643e0a2020202020202020202020203c746420616c69676e3d226c656674223e3c6c6162656c207374796c653d22666f6e742d7765696768743a626f6c64223e4c6f636174696f6e3a203c2f6c6162656c3e3c2f74643e0a20202020202020203c2f74723e0a20202020202020203c74723e0a2020202020202020202020203c746420616c69676e3d226c656674223e3c6c6162656c207374796c653d22666f6e742d7765696768743a626f6c64223e4465706172747572652054696d653a203c2f6c6162656c3e3c2f74643e0a2020202020202020202020203c746420616c69676e3d226c656674223e3c6c6162656c207374796c653d22666f6e742d7765696768743a626f6c64223e4c6f636174696f6e3a203c2f6c6162656c3e3c2f74643e0a20202020202020203c2f74723e0a20202020202020203c74723e0a2020202020202020202020203c746420616c69676e3d226c6566742220636f6c7370616e3d2232223e3c6c6162656c207374796c653d22666f6e742d7765696768743a626f6c64223e5370656369616c204e6f74653a203c2f6c6162656c3e3c2f74643e0a20202020202020203c2f74723e0a202020203c2f7461626c653e0a202020203c70207374796c653d22666f6e742d73697a653a20313270783b223e266e6273703b3c2f703e0a202020203c7461626c652063656c6c70616464696e673d2235222063656c6c73706163696e673d223522207374796c653d22666f6e742d73697a653a20313270783b223e0a20202020202020203c74723e0a2020202020202020202020203c746420616c69676e3d226c656674223e437573746f6d6572205369676e61747572653a3c2f74643e0a2020202020202020202020203c746420616c69676e3d226c65667422207374796c653d22626f726465722d626f74746f6d3a31707820736f6c696420626c61636b3b2077696474683a31383070783b223e266e6273703b3c2f74643e0a2020202020202020202020203c746420616c69676e3d226c656674223e446174653a3c2f74643e0a2020202020202020202020203c746420616c69676e3d226c65667422207374796c653d22626f726465722d626f74746f6d3a31707820736f6c696420626c61636b3b2077696474683a31303070783b223e266e6273703b3c2f74643e0a20202020202020203c2f74723e0a202020203c2f7461626c653e0a202020200a202020203c70207374796c653d22666f6e742d73697a653a20313270783b223e266e6273703b3c2f703e0a202020203c70207374796c653d2270616464696e672d6c6566743a313070783b666f6e742d73697a653a20313270783b223e496620796f75206e65656420746f2066696e64206f7574206d6f726520696e666f726d6174696f6e2061626f75743a3c2f703e0a202020203c756c207374796c653d226d617267696e3a303b2070616464696e673a303b2070616464696e672d6c6566743a313070783b206c6973742d7374796c653a696e736964653b206c696e652d6865696768743a323070783b666f6e742d73697a653a20313270783b223e0a20202020202020203c6c693e54686520646972656374696f6e202d20736565206d6170204c696e6b20746f203e3e3e282020293c2f6c693e0a20202020202020203c6c693e5375627761792d20207365652020746f2053756277617920206d6170204c696e6b20746f203e3e203e3e3e282020293c2f6c693e2020200a20202020202020203c6c693e4361722053657276696365206e65617262792c2d20736565204c696e6b20746f203e3e3e282020293c2f6c693e2020200a20202020202020203c6c693e486f74656c7320202020202d736565204c696e6b20746f203e3e3e282020293c2f6c693e2020200a20202020202020203c6c693e43616e63656c6c6174696f6e2f526566756e6420506f6c69637920202d676f20746f20204c696e6b20203e3e3e282020293c2f6c693e2020200a20202020202020203c6c693e5072697661637920506f6c696379202d676f20746f20204c696e6b203e3e3e282020293c2f6c693e2020200a20202020202020203c6c693e46656520496e636c756465202d20676f20746f20204c696e6b203e3e3e282020293c2f6c693e2020200a20202020202020203c6c693e466565204e6f7420696e636c756465202d20676f20746f20204c696e6b203e3e3e282020293c2f6c693e0a202020203c2f756c3e2020200a3c2f6469763e0a3c2f626f64793e0a3c2f68746d6c3e, 1353857506),
(16, 189, 'mankempoon@yahoo.com', 'Order Confirmation - USA4FUN.com', 0x3c21444f43545950452068746d6c205055424c494320222d2f2f5733432f2f4454442048544d4c20342e30312f2f454e222022687474703a2f2f7777772e77332e6f72672f54522f313939392f5245432d68746d6c3430312d31393939313232342f7374726963742e647464223e0a3c68746d6c3e0a3c686561643e0a3c6d65746120687474702d65717569763d22436f6e74656e742d547970652220636f6e74656e743d22746578742f68746d6c3b20636861727365743d7574662d38223e0a3c2f686561643e0a3c626f64793e0a3c6469762069643d226d61696c626f6479223e0a202020203c6831207374796c653d22666f6e742d66616d696c793a417269616c2c2048656c7665746963612c2073616e732d73657269663b20666f6e742d7765696768743a626f6c643b20666f6e742d73697a653a323470783b20636f6c6f723a626c61636b3b206d617267696e3a31357078203570783b2070616464696e673a30223e3c6120687265663d22687474703a2f2f7573613466756e2e636f6d22207374796c653d22746578742d6465636f726174696f6e3a6e6f6e653b20636f6c6f723a626c61636b223e5553413446554e2e636f6d3c2f613e3c2f68313e0a202020203c7461626c652063656c6c70616464696e673d2235222063656c6c73706163696e673d223522207374796c653d22666f6e742d73697a653a20313270783b222077696474683d223537307078223e0a20202020202020203c74723e0a2020202020202020202020203c746820636f6c7370616e3d22332220616c69676e3d226c65667422207374796c653d226261636b67726f756e643a236363633b223e436f6e7461637420496e666f2e3c2f74683e0a20202020202020203c2f74723e0a20202020202020203c74723e0a2020202020202020202020203c746420616c69676e3d226c656674223e3c6c6162656c207374796c653d22666f6e742d7765696768743a626f6c64223e436f6e746163742054656c3a203c2f6c6162656c3e656572723c2f74643e0a2020202020202020202020203c746420616c69676e3d226c6566742220636f6c7370616e3d2232223e3c6c6162656c207374796c653d22666f6e742d7765696768743a626f6c64223e436f6e7461637420506572736f6e3a203c2f6c6162656c3e3c2f74643e0a20202020202020203c2f74723e0a20202020202020203c74723e0a2020202020202020202020203c746820636f6c7370616e3d22332220616c69676e3d226c65667422207374796c653d226261636b67726f756e643a236363633b223e4f7264657220436f6e6669726d6174696f6e3c2f74683e0a20202020202020203c2f74723e0a20202020202020203c74723e0a2020202020202020202020203c746420616c69676e3d226c656674223e3c6c6162656c207374796c653d22666f6e742d7765696768743a626f6c64223e436f6e6669726d6174696f6e204e6f2e3a203c2f6c6162656c3e3c2f74643e0a2020202020202020202020203c746420616c69676e3d226c656674223e3c6c6162656c207374796c653d22666f6e742d7765696768743a626f6c64223e446174653a203c2f6c6162656c3e3c2f74643e0a2020202020202020202020203c746420616c69676e3d226c656674223e3c6c6162656c207374796c653d22666f6e742d7765696768743a626f6c64223e54696d653a203c2f6c6162656c3e3c2f74643e0a20202020202020203c2f74723e0a20202020202020203c74723e0a2020202020202020202020203c746420616c69676e3d226c6566742220636f6c7370616e3d2233223e3c6c6162656c207374796c653d22666f6e742d7765696768743a626f6c64223e44657061727475726520446174653a203c2f6c6162656c3e3c2f74643e0a20202020202020203c2f74723e0a202020203c2f7461626c653e0a202020203c70207374796c653d22666f6e742d73697a653a20313270783b223e266e6273703b3c2f703e0a202020203c70207374796c653d2270616464696e672d6c6566743a313070783b20666f6e742d7765696768743a626f6c643b666f6e742d73697a653a20313270783b223e4465617220647364732c3c2f703e0a202020203c70207374796c653d2270616464696e672d6c6566743a313070783b666f6e742d73697a653a20313270783b223e5468616e6b7320796f7520666f722063686f6f73696e67203c7374726f6e673e5553413446554e2e636f6d3c2f7374726f6e673e3c2f703e0a202020203c70207374796c653d2270616464696e672d6c6566743a313070783b666f6e742d73697a653a20313270783b223e596f7572206f72646572202320202820202920686173206265656e2070726f63657373656420636f6d706c6574656c792e3c2f703e0a202020203c70207374796c653d2270616464696e672d6c6566743a313070783b666f6e742d73697a653a20313270783b2077696474683a35373070783b223e596f757220637265646974206361726420776974682020787878782035343437202077696c6c206265206368617267656420627920205553413446554e20496e6320666f7220796f7572206f726465722074686520616d6f756e7420697320647364202020204865726520697320796f757220746f7572203c7374726f6e673e426f617264696e6720452d5469636b65743c2f7374726f6e673e2020696e666f726d6174696f6e3a3c2f703e202020200a202020203c7461626c652063656c6c70616464696e673d2235222063656c6c73706163696e673d22352220626f726465723d223122207374796c653d226d617267696e2d6c6566743a313070783b666f6e742d73697a653a20313270783b222077696474683d223537307078223e0a20202020202020203c74723e0a2020202020202020202020203c746420616c69676e3d226c6566742220636f6c7370616e3d2232223e3c6c6162656c207374796c653d22666f6e742d7765696768743a626f6c64223e546f7572205061636b6167653a203c2f6c6162656c3e3c6272202f3e0a202020202020202020202020202020203c2f74643e0a2020202020202020202020203c746420616c69676e3d226c656674223e3c6c6162656c207374796c653d22666f6e742d7765696768743a626f6c64223e546f757220436f64653a203c2f6c6162656c3e3c6272202f3e0a202020202020202020202020202020203c2f74643e0a20202020202020203c2f74723e0a20202020202020203c74723e0a2020202020202020202020203c746420616c69676e3d226c6566742220636f6c7370616e3d2232223e3c6c6162656c207374796c653d22666f6e742d7765696768743a626f6c64223e47756573743a203c2f6c6162656c3e3c6272202f3e0a202020202020202020202020202020203c2f74643e0a2020202020202020202020203c746420616c69676e3d226c656674223e283c6c6162656c207374796c653d22666f6e742d7765696768743a626f6c64223e4164756c743a203c2f6c6162656c3e2c203c6c6162656c207374796c653d22666f6e742d7765696768743a626f6c64223e4368696c6472656e3a203c2f6c6162656c3e293c6272202f3e0a202020202020202020202020202020203c6c6162656c207374796c653d22666f6e742d7765696768743a626f6c64223e4f666665723a203c2f6c6162656c3e3c2f74643e0a20202020202020203c2f74723e0a20202020202020203c74723e0a2020202020202020202020203c746420616c69676e3d226c656674223e3c6c6162656c207374796c653d22666f6e742d7765696768743a626f6c64223e596f7572205365617473204e6f2e3a203c2f6c6162656c3e3c2f74643e0a2020202020202020202020203c746420616c69676e3d226c656674223e3c6c6162656c207374796c653d22666f6e742d7765696768743a626f6c64223e42757320233a203c2f6c6162656c3e3c2f74643e0a2020202020202020202020203c746420616c69676e3d226c656674223e3c6c6162656c207374796c653d22666f6e742d7765696768743a626f6c64223e486f74656c20526f6f6d3a203c2f6c6162656c3e3c2f74643e0a20202020202020203c2f74723e0a202020203c2f7461626c653e0a202020203c7461626c652063656c6c70616464696e673d2235222063656c6c73706163696e673d223522207374796c653d22666f6e742d73697a653a20313270783b222077696474683d223537307078223e0a20202020202020203c74723e0a2020202020202020202020203c746420616c69676e3d226c6566742220636f6c7370616e3d2232223e3c6c6162656c207374796c653d22666f6e742d7765696768743a626f6c64223e44657061727475726520446174653a203c2f6c6162656c3e3c2f74643e0a20202020202020203c2f74723e0a20202020202020203c74723e0a2020202020202020202020203c746420616c69676e3d226c656674223e3c6c6162656c207374796c653d22666f6e742d7765696768743a626f6c64223e5069636b75702054696d653a203c2f6c6162656c3e3c2f74643e0a2020202020202020202020203c746420616c69676e3d226c656674223e3c6c6162656c207374796c653d22666f6e742d7765696768743a626f6c64223e4c6f636174696f6e3a203c2f6c6162656c3e3c2f74643e0a20202020202020203c2f74723e0a20202020202020203c74723e0a2020202020202020202020203c746420616c69676e3d226c656674223e3c6c6162656c207374796c653d22666f6e742d7765696768743a626f6c64223e4465706172747572652054696d653a203c2f6c6162656c3e3c2f74643e0a2020202020202020202020203c746420616c69676e3d226c656674223e3c6c6162656c207374796c653d22666f6e742d7765696768743a626f6c64223e4c6f636174696f6e3a203c2f6c6162656c3e3c2f74643e0a20202020202020203c2f74723e0a20202020202020203c74723e0a2020202020202020202020203c746420616c69676e3d226c6566742220636f6c7370616e3d2232223e3c6c6162656c207374796c653d22666f6e742d7765696768743a626f6c64223e5370656369616c204e6f74653a203c2f6c6162656c3e3c2f74643e0a20202020202020203c2f74723e0a202020203c2f7461626c653e0a202020203c70207374796c653d22666f6e742d73697a653a20313270783b223e266e6273703b3c2f703e0a202020203c7461626c652063656c6c70616464696e673d2235222063656c6c73706163696e673d223522207374796c653d22666f6e742d73697a653a20313270783b223e0a20202020202020203c74723e0a2020202020202020202020203c746420616c69676e3d226c656674223e437573746f6d6572205369676e61747572653a3c2f74643e0a2020202020202020202020203c746420616c69676e3d226c65667422207374796c653d22626f726465722d626f74746f6d3a31707820736f6c696420626c61636b3b2077696474683a31383070783b223e266e6273703b3c2f74643e0a2020202020202020202020203c746420616c69676e3d226c656674223e446174653a3c2f74643e0a2020202020202020202020203c746420616c69676e3d226c65667422207374796c653d22626f726465722d626f74746f6d3a31707820736f6c696420626c61636b3b2077696474683a31303070783b223e266e6273703b3c2f74643e0a20202020202020203c2f74723e0a202020203c2f7461626c653e0a202020200a202020203c70207374796c653d22666f6e742d73697a653a20313270783b223e266e6273703b3c2f703e0a202020203c70207374796c653d2270616464696e672d6c6566743a313070783b666f6e742d73697a653a20313270783b223e496620796f75206e65656420746f2066696e64206f7574206d6f726520696e666f726d6174696f6e2061626f75743a3c2f703e0a202020203c756c207374796c653d226d617267696e3a303b2070616464696e673a303b2070616464696e672d6c6566743a313070783b206c6973742d7374796c653a696e736964653b206c696e652d6865696768743a323070783b666f6e742d73697a653a20313270783b223e0a20202020202020203c6c693e54686520646972656374696f6e202d20736565206d6170204c696e6b20746f203e3e3e28206c6c746f7572732e636f6d20293c2f6c693e0a20202020202020203c6c693e5375627761792d20207365652020746f2053756277617920206d6170204c696e6b20746f203e3e203e3e3e2820687474703a2f2f7777772e6d74612e696e666f2f6e7963742f6d6170732f7375626d61702e68746d20293c2f6c693e2020200a20202020202020203c6c693e4361722053657276696365206e65617262792c2d20736565204c696e6b20746f203e3e3e282020293c2f6c693e2020200a20202020202020203c6c693e486f74656c7320202020202d736565204c696e6b20746f203e3e3e282020293c2f6c693e2020200a20202020202020203c6c693e43616e63656c6c6174696f6e2f526566756e6420506f6c69637920202d676f20746f20204c696e6b20203e3e3e282020293c2f6c693e2020200a20202020202020203c6c693e5072697661637920506f6c696379202d676f20746f20204c696e6b203e3e3e282020293c2f6c693e2020200a20202020202020203c6c693e46656520496e636c756465202d20676f20746f20204c696e6b203e3e3e282020293c2f6c693e2020200a20202020202020203c6c693e466565204e6f7420696e636c756465202d20676f20746f20204c696e6b203e3e3e282020293c2f6c693e0a202020203c2f756c3e2020200a3c2f6469763e0a3c2f626f64793e0a3c2f68746d6c3e, 1353858174);

-- --------------------------------------------------------

--
-- Table structure for table `order_option`
--

CREATE TABLE IF NOT EXISTS `order_option` (
  `order_option_id` int(11) NOT NULL AUTO_INCREMENT,
  `order_id` int(11) NOT NULL,
  `order_product_id` int(11) NOT NULL,
  `product_option_id` int(11) NOT NULL,
  `product_option_value_id` int(11) NOT NULL DEFAULT '0',
  `name` varchar(255) COLLATE utf8_bin NOT NULL,
  `value` text COLLATE utf8_bin NOT NULL,
  `type` varchar(32) COLLATE utf8_bin NOT NULL,
  PRIMARY KEY (`order_option_id`)
) ENGINE=MyISAM  DEFAULT CHARSET=utf8 COLLATE=utf8_bin AUTO_INCREMENT=3 ;

--
-- Dumping data for table `order_option`
--


-- --------------------------------------------------------

--
-- Table structure for table `order_product`
--

CREATE TABLE IF NOT EXISTS `order_product` (
  `order_product_id` int(11) NOT NULL AUTO_INCREMENT,
  `order_id` int(11) NOT NULL,
  `product_id` int(11) NOT NULL,
  `name` varchar(255) COLLATE utf8_bin NOT NULL,
  `model` varchar(24) COLLATE utf8_bin NOT NULL,
  `quantity` int(4) NOT NULL,
  `price` decimal(15,4) NOT NULL DEFAULT '0.0000',
  `total` decimal(15,4) NOT NULL DEFAULT '0.0000',
  `tax` decimal(15,4) NOT NULL DEFAULT '0.0000',
  `departdate` varchar(40) COLLATE utf8_bin DEFAULT NULL,
  `busstation` varchar(255) COLLATE utf8_bin DEFAULT NULL,
  `tadult` tinyint(5) NOT NULL DEFAULT '0',
  `tchild` tinyint(5) NOT NULL DEFAULT '0',
  `troom` tinyint(5) NOT NULL DEFAULT '0',
  `roomac` varchar(200) COLLATE utf8_bin DEFAULT NULL,
  `travellers` varchar(1000) COLLATE utf8_bin DEFAULT NULL,
  PRIMARY KEY (`order_product_id`)
) ENGINE=MyISAM  DEFAULT CHARSET=utf8 COLLATE=utf8_bin AUTO_INCREMENT=830 ;

--
-- Dumping data for table `order_product`
--

INSERT INTO `order_product` (`order_product_id`, `order_id`, `product_id`, `name`, `model`, `quantity`, `price`, `total`, `tax`, `departdate`, `busstation`, `tadult`, `tchild`, `troom`, `roomac`, `travellers`) VALUES
(576, 326, 33, 'Samsung SyncMaster 941BW', 'Product 6', 1, 200.0000, 200.0000, 17.5000, NULL, NULL, 0, 0, 0, NULL, ''),
(577, 1, 65, '2 天尼加拉大瀑布、千島', '4232323', 1, 90.0000, 90.0000, 0.0000, NULL, NULL, 0, 0, 0, NULL, ''),
(578, 2, 65, '2 天尼加拉大瀑布、千島', '4232323', 1, 90.0000, 90.0000, 0.0000, NULL, NULL, 0, 0, 0, NULL, ''),
(579, 3, 65, '2 天尼加拉大瀑布、千島', '4232323', 1, 90.0000, 90.0000, 0.0000, NULL, NULL, 0, 0, 0, NULL, ''),
(581, 5, 65, '2 天尼加拉大瀑布、千島', '4232323', 1, 90.0000, 90.0000, 0.0000, NULL, NULL, 0, 0, 0, NULL, ''),
(582, 6, 65, '2 天尼加拉大瀑布、千島', '4232323', 1, 90.0000, 90.0000, 0.0000, NULL, NULL, 0, 0, 0, NULL, ''),
(585, 9, 65, '2 天尼加拉大瀑布、千島', '4232323', 1, 400.0000, 400.0000, 0.0000, NULL, NULL, 0, 0, 0, NULL, ''),
(586, 9, 70, '四天田納西州-紅寶瀑布-迷失之海-Diexie Stampe表演', 'NYC47-650', 3, 200.0000, 600.0000, 0.0000, NULL, NULL, 0, 0, 0, NULL, ''),
(587, 10, 65, '2 天尼加拉大瀑布、千島', '4232323', 1, 400.0000, 1701.0000, 0.0000, NULL, NULL, 0, 0, 0, NULL, ''),
(588, 11, 65, '2 天尼加拉大瀑布、千島', '4232323', 1, 400.0000, 1700.0000, 0.0000, NULL, NULL, 0, 0, 0, NULL, ''),
(589, 12, 65, '2 天尼加拉大瀑布、千島', '4232323', 1, 400.0000, 1700.0000, 0.0000, NULL, NULL, 0, 0, 0, NULL, ''),
(590, 13, 65, '2 天尼加拉大瀑布、千島', '4232323', 1, 400.0000, 1700.0000, 0.0000, NULL, NULL, 0, 0, 0, NULL, ''),
(591, 14, 65, '2 天尼加拉大瀑布、千島', '4232323', 1, 1700.0000, 1700.0000, 0.0000, NULL, NULL, 0, 0, 0, NULL, ''),
(592, 15, 65, '2 天尼加拉大瀑布、千島', '4232323', 1, 1700.0000, 1700.0000, 0.0000, NULL, NULL, 0, 0, 0, NULL, ''),
(593, 16, 65, '2 天尼加拉大瀑布、千島', '4232323', 1, 1700.0000, 1700.0000, 0.0000, NULL, NULL, 0, 0, 0, NULL, ''),
(594, 17, 65, '2 天尼加拉大瀑布、千島', '4232323', 1, 1700.0000, 1700.0000, 0.0000, NULL, NULL, 0, 0, 0, NULL, ''),
(595, 18, 65, '2 天尼加拉大瀑布、千島', '4232323', 1, 1700.0000, 1700.0000, 0.0000, NULL, NULL, 0, 0, 0, NULL, ''),
(596, 19, 65, '2 天尼加拉大瀑布、千島', '4232323', 1, 1700.0000, 1700.0000, 0.0000, NULL, NULL, 0, 0, 0, NULL, ''),
(597, 20, 65, '2 天尼加拉大瀑布、千島', '4232323', 1, 1700.0000, 1700.0000, 0.0000, NULL, NULL, 0, 0, 0, NULL, ''),
(598, 21, 65, '2 天尼加拉大瀑布、千島', '4232323', 1, 1700.0000, 1700.0000, 0.0000, NULL, NULL, 0, 0, 0, NULL, ''),
(599, 22, 65, '2 天尼加拉大瀑布、千島', '4232323', 1, 1700.0000, 1700.0000, 0.0000, NULL, NULL, 0, 0, 0, NULL, ''),
(600, 23, 65, '2 天尼加拉大瀑布、千島', '4232323', 1, 1700.0000, 1700.0000, 0.0000, NULL, NULL, 0, 0, 0, NULL, ''),
(601, 24, 65, '2 天尼加拉大瀑布、千島', '4232323', 1, 1700.0000, 1700.0000, 0.0000, NULL, NULL, 0, 0, 0, NULL, ''),
(602, 25, 65, '2 天尼加拉大瀑布、千島', '4232323', 1, 3400.0000, 3400.0000, 0.0000, NULL, NULL, 0, 0, 0, NULL, ''),
(603, 26, 65, '2 天尼加拉大瀑布、千島', '4232323', 1, 3400.0000, 3400.0000, 0.0000, NULL, NULL, 0, 0, 0, NULL, ''),
(604, 27, 65, '2 天尼加拉大瀑布、千島', '4232323', 1, 3400.0000, 3400.0000, 0.0000, NULL, NULL, 0, 0, 0, NULL, ''),
(605, 28, 65, '2 天尼加拉大瀑布、千島', '4232323', 1, 3400.0000, 3400.0000, 0.0000, NULL, NULL, 0, 0, 0, NULL, ''),
(606, 29, 65, '2 天尼加拉大瀑布、千島', '4232323', 1, 3400.0000, 3400.0000, 0.0000, NULL, NULL, 0, 0, 0, NULL, ''),
(607, 30, 65, '2 天尼加拉大瀑布、千島', '4232323', 1, 1700.0000, 1700.0000, 0.0000, NULL, NULL, 0, 0, 0, NULL, ''),
(608, 31, 65, '2 天尼加拉大瀑布、千島', '4232323', 1, 1700.0000, 1700.0000, 0.0000, NULL, NULL, 0, 0, 0, NULL, ''),
(609, 32, 65, '2 天尼加拉大瀑布、千島', '4232323', 1, 600.0000, 600.0000, 0.0000, NULL, NULL, 0, 0, 0, NULL, ''),
(610, 33, 65, '2 天尼加拉大瀑布、千島', '4232323', 1, 600.0000, 600.0000, 0.0000, NULL, NULL, 0, 0, 0, NULL, ''),
(611, 34, 65, '2 天尼加拉大瀑布、千島', '4232323', 1, 600.0000, 600.0000, 0.0000, NULL, NULL, 0, 0, 0, NULL, ''),
(628, 50, 70, '四天田納西州-紅寶瀑布-迷失之海-Diexie Stampe表演', 'TN401', 1, 320.0000, 320.0000, 0.0000, NULL, NULL, 0, 0, 0, NULL, ''),
(615, 38, 65, '2 天尼加拉大瀑布、千島', '4232323', 1, 2400.0000, 2400.0000, 0.0000, NULL, NULL, 0, 0, 0, NULL, ''),
(616, 39, 72, 'Test for 1 day', 'B123', 1, 123.0000, 123.0000, 0.0000, NULL, NULL, 0, 0, 0, NULL, ''),
(617, 40, 72, '1天测试', 'B168', 1, 10.0000, 10.0000, 0.0000, NULL, NULL, 0, 0, 0, NULL, ''),
(620, 42, 72, '1 天-双层巴士纽约游-自由岛', 'DNY202', 1, 60.0000, 60.0000, 0.0000, NULL, NULL, 0, 0, 0, NULL, ''),
(621, 43, 65, '2 Days-Corning Glass Center-Niagara Falls-Night Illumination', 'NFC', 1, 2558.0000, 2558.0000, 0.0000, NULL, NULL, 0, 0, 0, NULL, ''),
(622, 44, 65, '2 Days-Corning Glass Center-Niagara Falls-Night Illumination', 'NFC', 1, 2558.0000, 2558.0000, 0.0000, NULL, NULL, 0, 0, 0, NULL, ''),
(629, 50, 65, '2 天一-尼加拉大瀑布、康寜', 'NFC', 1, 308.0000, 308.0000, 0.0000, NULL, NULL, 0, 0, 0, NULL, ''),
(630, 51, 72, '1 天-双层巴士纽约游-自由岛', 'NY101', 1, 20.0000, 20.0000, 0.0000, NULL, NULL, 0, 0, 0, NULL, ''),
(625, 47, 66, '3 Days- Philadelphia- Washington DC-Corning-Niagara Falls Night View', 'DN301', 1, 420.0000, 420.0000, 0.0000, NULL, NULL, 0, 0, 0, NULL, ''),
(631, 51, 70, '四天田納西州-紅寶瀑布-迷失之海-Diexie Stampe表演', 'TN401', 1, 320.0000, 320.0000, 0.0000, NULL, NULL, 0, 0, 0, NULL, ''),
(627, 49, 66, '3 天－费城-华盛顿DC－康寜玻璃中心－尼加拉大瀑布－紐約市', 'DN301', 1, 420.0000, 420.0000, 0.0000, NULL, NULL, 0, 0, 0, NULL, ''),
(632, 51, 65, '2 天一-尼加拉大瀑布、康寜', 'NFC', 1, 308.0000, 308.0000, 0.0000, NULL, NULL, 0, 0, 0, NULL, ''),
(633, 52, 72, '1 天-双层巴士纽约游-自由岛', 'NY101', 1, 20.0000, 20.0000, 0.0000, NULL, NULL, 0, 0, 0, NULL, ''),
(634, 52, 70, '四天田納西州-紅寶瀑布-迷失之海-Diexie Stampe表演', 'TN401', 1, 320.0000, 320.0000, 0.0000, NULL, NULL, 0, 0, 0, NULL, ''),
(635, 52, 65, '2 天一-尼加拉大瀑布、康寜', 'NFC', 1, 308.0000, 308.0000, 0.0000, NULL, NULL, 0, 0, 0, NULL, ''),
(636, 53, 72, '1 天-双层巴士纽约游-自由岛', 'NY101', 1, 20.0000, 20.0000, 0.0000, NULL, NULL, 0, 0, 0, NULL, ''),
(637, 53, 70, '四天田納西州-紅寶瀑布-迷失之海-Diexie Stampe表演', 'TN401', 1, 320.0000, 320.0000, 0.0000, NULL, NULL, 0, 0, 0, NULL, ''),
(638, 53, 65, '2 天一-尼加拉大瀑布、康寜', 'NFC', 1, 308.0000, 308.0000, 0.0000, NULL, NULL, 0, 0, 0, NULL, ''),
(639, 54, 72, '1 天-双层巴士纽约游-自由岛', 'NY101', 1, 20.0000, 20.0000, 0.0000, NULL, NULL, 0, 0, 0, NULL, ''),
(640, 54, 70, '四天田納西州-紅寶瀑布-迷失之海-Diexie Stampe表演', 'TN401', 1, 320.0000, 320.0000, 0.0000, NULL, NULL, 0, 0, 0, NULL, ''),
(641, 54, 65, '2 天一-尼加拉大瀑布、康寜', 'NFC', 1, 308.0000, 308.0000, 0.0000, NULL, NULL, 0, 0, 0, NULL, ''),
(642, 55, 66, '3 天－费城-华盛顿DC－康寜玻璃中心－尼加拉大瀑布－紐約市', 'DN301', 1, 2950.0000, 2950.0000, 0.0000, NULL, NULL, 0, 0, 0, NULL, ''),
(644, 57, 66, '3 Days-Washington DC-Corning-Niagara Falls', '3-DC301NF', 1, 1125.0000, 1125.0000, 0.0000, NULL, NULL, 0, 0, 0, NULL, ''),
(645, 58, 78, '5 Days - Hawaii 2 Islands-Vocano Tours', '5H-212', 1, 2425.0000, 2425.0000, 0.0000, NULL, NULL, 0, 0, 0, NULL, ''),
(646, 58, 66, '3 Days-Washington DC-Corning-Niagara Falls', '3-DC301NF', 1, 1125.0000, 1125.0000, 0.0000, NULL, NULL, 0, 0, 0, NULL, ''),
(647, 59, 72, '?1 Day-Liberty  Island Tour', 'NYLIB-1', 1, 20.0000, 20.0000, 0.0000, NULL, NULL, 0, 0, 0, NULL, ''),
(649, 61, 72, '?1 天-双层巴士纽约游-自由岛', 'NYLIB-1', 1, 20.0000, 20.0000, 0.0000, NULL, NULL, 0, 0, 0, NULL, ''),
(650, 61, 78, '? 5天 - 夏威夷兩島-火山熔岩流奇觀遊', '5H-212', 1, 630.0000, 630.0000, 0.0000, NULL, NULL, 0, 0, 0, NULL, ''),
(651, 62, 72, '?1 Day-Liberty  Island Tour', 'NYLIB-1', 1, 20.0000, 20.0000, 0.0000, NULL, NULL, 0, 0, 0, NULL, ''),
(652, 62, 78, '? 5 Days - Hawaii 2 Islands-Vocano Tours', '5H-212', 1, 630.0000, 630.0000, 0.0000, NULL, NULL, 0, 0, 0, NULL, ''),
(655, 64, 76, '?13 Days - China - Peijing -Great Wall -  Shanghai - Kwi Lin', '9PCBJN', 1, 450.0000, 450.0000, 0.0000, NULL, NULL, 0, 0, 0, NULL, ''),
(656, 65, 76, '?13 Days - China - Peijing -Great Wall -  Shanghai - Kwi Lin', '9PCBJN', 1, 450.0000, 450.0000, 0.0000, NULL, NULL, 0, 0, 0, NULL, ''),
(657, 65, 75, '?5 Days East Coast Deluxe Tour ', '5CA-202NB', 1, 1150.0000, 1150.0000, 0.0000, NULL, NULL, 0, 0, 0, NULL, ''),
(658, 65, 70, '?4 Days- Tennessee-Rubby Falls- Lost Sea-Diexie Stampe', 'TN401', 1, 450.0000, 450.0000, 0.0000, NULL, NULL, 0, 0, 0, NULL, ''),
(659, 66, 65, '?2 天一-尼加拉大瀑布、康寜', 'NFC', 1, 280.0000, 280.0000, 0.0000, NULL, NULL, 0, 0, 0, NULL, ''),
(661, 68, 71, '?7天 - 洛杉磯-南/西大峽谷-聖地牙哥-拉斯維加斯', '7-463-G4', 1, 880.0000, 880.0000, 0.0000, NULL, NULL, 0, 0, 0, NULL, ''),
(662, 69, 71, '?7天 - 洛杉磯-南/西大峽谷-聖地牙哥-拉斯維加斯', '7-463-G4', 1, 880.0000, 880.0000, 0.0000, NULL, NULL, 0, 0, 0, NULL, ''),
(664, 71, 70, '?4天-田納西州-紅寶瀑布-迷失之海-Diexie Stampe表演', 'TN401', 1, 295.0000, 295.0000, 0.0000, '', '', 0, 0, 0, NULL, ''),
(665, 72, 70, '?4天-田納西州-紅寶瀑布-迷失之海-Diexie Stampe表演', 'TN401', 1, 295.0000, 295.0000, 0.0000, '', '', 0, 0, 0, NULL, ''),
(666, 73, 72, '?1 Day-Liberty  Island Tour', 'NYLIB-1', 1, 20.0000, 20.0000, 0.0000, '', '', 0, 0, 0, NULL, ''),
(667, 74, 72, '?1 Day-Liberty  Island Tour', 'NYLIB-1', 1, 20.0000, 20.0000, 0.0000, '', '', 0, 0, 0, NULL, ''),
(668, 75, 77, '?3 Days - Canada-Toronto-Niagara Falls-Corning ', '3NFCN-350', 1, 335.0000, 335.0000, 0.0000, '', '', 0, 0, 0, NULL, ''),
(669, 76, 77, '?3 Days - Canada-Toronto-Niagara Falls-Corning ', '3NFCN-350', 1, 335.0000, 335.0000, 0.0000, '', '', 0, 0, 0, NULL, ''),
(670, 77, 77, '?3 Days - Canada-Toronto-Niagara Falls-Corning ', '3NFCN-350', 1, 335.0000, 335.0000, 0.0000, '', '', 0, 0, 0, NULL, ''),
(671, 78, 77, '?3 Days - Canada-Toronto-Niagara Falls-Corning ', '3NFCN-350', 1, 335.0000, 335.0000, 0.0000, '', '', 0, 0, 0, NULL, ''),
(672, 79, 77, '?3天 - 加拿大-多倫多-尼加拉瀑布-康寧 ', '3NFCN-350', 1, 335.0000, 335.0000, 0.0000, '', '', 0, 0, 0, NULL, ''),
(673, 80, 77, '?3天 - 加拿大-多倫多-尼加拉瀑布-康寧 ', '3NFCN-350', 1, 335.0000, 335.0000, 0.0000, '', '', 0, 0, 0, NULL, ''),
(674, 81, 70, '?4天-田納西州-紅寶瀑布-迷失之海-Diexie Stampe表演', 'TN401', 1, 295.0000, 295.0000, 0.0000, '04/16/2012 星期日', '8:00  a.m. - 87 Bowery, New York, NY 10002 (Chinatown (Manhattan)', 0, 0, 0, NULL, ''),
(675, 82, 75, '?5 Days East Coast Deluxe Tour ', '5CA-202NB', 1, 575.0000, 575.0000, 0.0000, '03/31/2012 Sunday', '8:00  a.m. - 87 Bowery, New York, NY10002(Chinatown).', 0, 0, 0, NULL, ''),
(676, 82, 77, '?3 Days - Canada-Toronto-Niagara Falls-Corning ', '3NFCN-350', 1, 670.0000, 670.0000, 0.0000, '02/29/2012 Monday', '8:00  a.m. - 87 Bowery, New York, NY10002(Chinatown).', 0, 0, 0, NULL, ''),
(677, 83, 66, '?3 Days-Washington DC-Corning-Niagara Falls', '3-DC301NF', 1, 315.0000, 315.0000, 0.0000, '04/30/2012 星期六', '', 0, 0, 0, NULL, ''),
(678, 84, 75, '?5天4夜-美加東豪華遊', '5CA-202NB', 1, 575.0000, 575.0000, 0.0000, '05/09/2012 星期六', '', 0, 0, 0, NULL, ''),
(679, 85, 75, '?5 Days East Coast Deluxe Tour ', '5CA-202NB', 1, 575.0000, 575.0000, 0.0000, '05/09/2012 Saturday', '8:00  a.m. - 87 Bowery, New York, NY10002(Chinatown).', 0, 0, 0, NULL, ''),
(680, 86, 75, '?5 Days East Coast Deluxe Tour ', '5CA-202NB', 1, 575.0000, 575.0000, 0.0000, '05/09/2012 Saturday', '8:00  a.m. - 87 Bowery, New York, NY10002(Chinatown).', 0, 0, 0, NULL, ''),
(681, 87, 65, '?2 天一-尼加拉大瀑布、康寜', '2NFC', 1, 460.0000, 460.0000, 0.0000, '05/07/2012 星期日', '8:00  a.m. - 87 Bowery, New York, NY 10002 (Chinatown (Manhattan)', 2, 0, 0, '', ''),
(682, 88, 65, '?2 天一-尼加拉大瀑布、康寜', '2NFC', 1, 460.0000, 460.0000, 0.0000, '05/07/2012 星期日', '8:00  a.m. - 87 Bowery, New York, NY 10002 (Chinatown (Manhattan)', 2, 0, 0, '', ''),
(683, 89, 65, '?2 天一-尼加拉大瀑布、康寜', '2NFC', 1, 460.0000, 460.0000, 0.0000, '05/07/2012 星期日', '8:00  a.m. - 87 Bowery, New York, NY 10002 (Chinatown (Manhattan)', 2, 0, 0, '', ''),
(684, 90, 65, '?2 天一-尼加拉大瀑布、康寜', '2NFC', 1, 460.0000, 460.0000, 0.0000, '05/07/2012 星期日', '8:00  a.m. - 87 Bowery, New York, NY 10002 (Chinatown (Manhattan)', 2, 0, 0, '', ''),
(685, 91, 65, '?2 天一-尼加拉大瀑布、康寜', '2NFC', 1, 460.0000, 460.0000, 0.0000, '05/07/2012 星期日', '8:00  a.m. - 87 Bowery, New York, NY 10002 (Chinatown (Manhattan)', 2, 0, 0, '', ''),
(686, 92, 65, '?2 天一-尼加拉大瀑布、康寜', '2NFC', 1, 460.0000, 460.0000, 0.0000, '05/07/2012 星期日', '8:00  a.m. - 87 Bowery, New York, NY 10002 (Chinatown (Manhattan)', 2, 1, 2, '1,1;1,0', 'a,b,c'),
(687, 93, 75, '?5天4夜-美加東豪華遊', '5CA-202NB', 1, 1790.0000, 1790.0000, 0.0000, '05/09/2012 星期六', '8:00  a.m. - 87 Bowery, New York, NY 10002 (Chinatown (Manhattan)', 2, 2, 2, '1,1;1,1', 'test,b,c,d'),
(688, 94, 75, '?5 Days East Coast Deluxe Tour ', '5CA-202NB', 1, 1790.0000, 1790.0000, 0.0000, '05/09/2012 Saturday', '8:00  a.m. - 87 Bowery, New York, NY10002(Chinatown).', 2, 2, 2, '1,1;1,1', 'a,b,c,d'),
(689, 95, 66, '?3 天－费城-华盛顿DC－康寜玻璃中心－尼加拉大瀑布－紐約市', '3-DC301NF', 1, 1.0000, 1.0000, 0.0000, '05/07/2012 星期日', '8: 50早上- (金門超市)511 Old Past Rd. Edison NJ08817. ', 1, 0, 1, '1,0', 'a'),
(690, 96, 66, '?3 天－费城-华盛顿DC－康寜玻璃中心－尼加拉大瀑布－紐約市', '3-DC301NF', 1, 315.0000, 315.0000, 0.0000, '05/07/2012 星期日', '8: 50早上- (金門超市)511 Old Past Rd. Edison NJ08817. ', 1, 0, 1, '1,0', 'martin'),
(691, 97, 66, '?3 天－费城-华盛顿DC－康寜玻璃中心－尼加拉大瀑布－紐約市', '3-DC301NF', 1, 315.0000, 315.0000, 0.0000, '05/07/2012 星期日', '8: 50早上- (金門超市)511 Old Past Rd. Edison NJ08817. ', 1, 0, 1, '1,0', 'martin'),
(692, 98, 66, '?3 Days-Washington DC-Corning-Niagara Falls', '3-DC301NF', 1, 315.0000, 315.0000, 0.0000, '05/07/2012 Sunday', '8.50 a.m. -511, Old Post Rd NJ08817  (Kam Mun Super Market)', 1, 0, 1, '1,0', 'martin'),
(693, 99, 66, '?3 Days-Washington DC-Corning-Niagara Falls', '3-DC301NF', 1, 315.0000, 315.0000, 0.0000, '05/07/2012 Sunday', '8.50 a.m. -511, Old Post Rd NJ08817  (Kam Mun Super Market)', 1, 0, 1, '1,0', 'martin'),
(694, 100, 66, '?3 Days-Washington DC-Corning-Niagara Falls', '3-DC301NF', 1, 315.0000, 315.0000, 0.0000, '05/07/2012 Sunday', '8.50 a.m. -511, Old Post Rd NJ08817  (Kam Mun Super Market)', 1, 0, 1, '1,0', 'martin'),
(695, 101, 66, '?3 天－费城-华盛顿DC－康寜玻璃中心－尼加拉大瀑布－紐約市', '3-DC301NF', 1, 315.0000, 315.0000, 0.0000, '05/07/2012 星期日', '8: 50早上- (金門超市)511 Old Past Rd. Edison NJ08817. ', 1, 0, 1, '1,0', 'martin'),
(696, 102, 75, '?5天4夜-美加東豪華遊', '5CA-202NB', 1, 1117.0000, 1117.0000, 0.0000, '05/09/2012 星期六', '8:00  a.m. - 87 Bowery, New York, NY 10002 (Chinatown (Manhattan)', 3, 0, 1, '3,0', 'd,s,a'),
(697, 102, 66, '?3 天－费城-华盛顿DC－康寜玻璃中心－尼加拉大瀑布－紐約市', '3-DC301NF', 1, 450.0000, 450.0000, 0.0000, '05/07/2012 星期日', '8:00  a.m. - 87 Bowery, New York, NY 10002 (Chinatown (Manhattan)', 2, 0, 1, '2,0', 'w,q'),
(698, 103, 66, '?3 天－费城-华盛顿DC－康寜玻璃中心－尼加拉大瀑布－紐約市', '3-DC301NF', 1, 315.0000, 315.0000, 0.0000, '05/07/2012 星期日', '8: 50早上- (金門超市)511 Old Past Rd. Edison NJ08817. ', 1, 0, 1, '1,0', 'abc'),
(699, 104, 78, '? 5 Days - Hawaii 2 Islands-Vocano Tours', '5H-212', 1, 630.0000, 630.0000, 0.0000, '05/06/2012 星期五', '檀香山机场(进出）', 1, 0, 1, '1,0', 'oioo'),
(700, 104, 75, '?5 Days East Coast Deluxe Tour ', '5CA-202NB', 1, 575.0000, 575.0000, 0.0000, '05/09/2012 星期六', '8:00  a.m. - 87 Bowery, New York, NY 10002 (Chinatown (Manhattan)', 1, 0, 1, '1,0', '破ipm'),
(701, 104, 77, '?3 Days - Canada-Toronto-Niagara Falls-Corning ', '3NFCN-350', 1, 600.0000, 600.0000, 0.0000, '05/28/2012 Tuesday', '8:00  a.m. - 87 Bowery, New York, NY10002(Chinatown).', 1, 1, 1, '1,1', 'opu-i,ou[poi'),
(702, 104, 78, '? 5 Days - Hawaii 2 Islands-Vocano Tours', '5H-212', 1, 630.0000, 630.0000, 0.0000, '05/06/2012 Friday', 'Honolulu Airport Transfer to Hotel', 1, 0, 1, '1,0', 'iypui'),
(703, 104, 78, '? 5 Days - Hawaii 2 Islands-Vocano Tours', '5H-212', 1, 630.0000, 630.0000, 0.0000, '05/06/2012 Friday', 'Honolulu Airport Transfer to Hotel', 1, 0, 1, '1,0', 'fsdf'),
(704, 105, 66, '?3 天－费城-华盛顿DC－康寜玻璃中心－尼加拉大瀑布－紐約市', '3-DC301NF', 1, 315.0000, 315.0000, 0.0000, '05/07/2012 星期日', '8: 50早上- (金門超市)511 Old Past Rd. Edison NJ08817. ', 1, 0, 1, '1,0', 'a'),
(705, 106, 72, '?1 天-双层巴士纽约游-自由岛', 'NYLIB-1', 1, 7.0000, 7.0000, 0.0000, '05/05/2012 星期二', '7:00 a.m.- 135-20 39th Ave, Flushing, NY 11354 (喜来登酒店l) .', 1, 0, 0, '', 's'),
(706, 106, 66, '?3 天－费城-华盛顿DC－康寜玻璃中心－尼加拉大瀑布－紐約市', '3-DC301NF', 1, 1690.0000, 1690.0000, 0.0000, '06/25/2012 星期四', '8: 50早上- (金門超市)511 Old Past Rd. Edison NJ08817. ', 6, 2, 3, '2,0;2,0;2,2', 'w,e,ww,s,ss,ssss,sds,sdg'),
(707, 106, 65, '?2 天一-尼加拉大瀑布、康寜', '2NFC', 1, 280.0000, 280.0000, 0.0000, '05/07/2012 星期日', '8:00  a.m. - 87 Bowery, New York, NY 10002 (Chinatown (Manhattan)', 2, 0, 1, '2,0', 's,a'),
(708, 107, 77, '?3 Days - Canada-Toronto-Niagara Falls-Corning ', '3NFCN-350', 1, 600.0000, 600.0000, 0.0000, '05/21/2012 星期日', '8:00  a.m. - 87 Bowery, New York, NY 10002 (Chinatown (Manhattan)', 2, 0, 1, '2,0', 'wang shu,lee hong zang'),
(709, 108, 77, '?3天 - 加拿大-多倫多-尼加拉瀑布-康寧 ', '3NFCN-350', 1, 600.0000, 600.0000, 0.0000, '05/21/2012 星期日', '8:00  a.m. - 87 Bowery, New York, NY 10002 (Chinatown (Manhattan)', 2, 0, 1, '2,0', 'wang shu,lee hong zang'),
(710, 109, 66, '?3 天－费城-华盛顿DC－康寜玻璃中心－尼加拉大瀑布－紐約市', '3-DC301NF', 1, 315.0000, 315.0000, 0.0000, '05/07/2012 星期日', '8: 50早上- (金門超市)511 Old Past Rd. Edison NJ08817. ', 1, 0, 1, '1,0', 'a'),
(711, 110, 77, '?3天 - 加拿大-多倫多-尼加拉瀑布-康寧 ', '3NFCN-350', 1, 335.0000, 335.0000, 0.0000, ' 05/28/2012 Tuesday', '8:00  a.m. - 87 Bowery, New York, NY10002(Chinatown).', 1, 0, 1, '1,0', 'w'),
(712, 111, 66, '?3 天－费城-华盛顿DC－康寜玻璃中心－尼加拉大瀑布－紐約市', '3-DC301NF', 1, 315.0000, 315.0000, 0.0000, '05/14/2012 星期五', '8: 50早上- (金門超市)511 Old Past Rd. Edison NJ08817. ', 1, 0, 1, '1,0', 'a'),
(713, 112, 72, '?1 天-双层巴士纽约游-自由岛', 'NYLIB-1', 1, 7.0000, 7.0000, 0.0000, '10/01/2012 星期日', '7:00 a.m.- 135-20 39th Ave, Flushing, NY 11354 (喜来登酒店l) .', 1, 0, 0, '', 'd'),
(714, 113, 72, '?1 天-双层巴士纽约游-自由岛', 'NYLIB-1', 1, 7.0000, 7.0000, 0.0000, '10/01/2012 星期日', '7:00 a.m.- 135-20 39th Ave, Flushing, NY 11354 (喜来登酒店l) .', 1, 0, 0, '', 's'),
(715, 114, 72, '?1 Day-Liberty  Island Tour', 'NYLIB-1', 1, 7.0000, 7.0000, 0.0000, '10/01/2012 星期日', '7:00 a.m.- 135-20 39th Ave, Flushing, NY 11354 (喜来登酒店l) .', 1, 0, 0, '', 'fsdf'),
(716, 114, 66, '?3 Days-Washington DC-Corning-Niagara Falls', '3-DC301NF', 1, 315.0000, 315.0000, 0.0000, '05/14/2012 Friday', '8.50 a.m. -511, Old Post Rd NJ08817  (Kam Mun Super Market)', 1, 0, 1, '1,0', 'fsdf'),
(717, 115, 65, '?2 天一-尼加拉大瀑布、康寜', '2NFC', 1, 180.0000, 180.0000, 0.0000, '', '8:00  a.m. - 87 Bowery, New York, NY 10002 (Chinatown (Manhattan)', 1, 0, 1, '1,0', 'g'),
(718, 115, 66, '?3 天－费城-华盛顿DC－康寜玻璃中心－尼加拉大瀑布－紐約市', '3-DC301NF', 1, 1215.0000, 1215.0000, 0.0000, '05/14/2012 星期五', '8: 50早上- (金門超市)511 Old Past Rd. Edison NJ08817. ', 5, 0, 3, '1,0;2,0;2,0', 's,f,s,e,f'),
(719, 116, 66, '?3 天－费城-华盛顿DC－康寜玻璃中心－尼加拉大瀑布－紐約市', '3-DC301NF', 1, 630.0000, 630.0000, 0.0000, '05/14/2012 星期五', '8: 50早上- (金門超市)511 Old Past Rd. Edison NJ08817. ', 1, 0, 1, '1,0', 'a'),
(720, 117, 66, '?3 天－费城-华盛顿DC－康寜玻璃中心－尼加拉大瀑布－紐約市', '3-DC301NF', 1, 630.0000, 630.0000, 0.0000, '05/14/2012 星期五', '8: 50早上- (金門超市)511 Old Past Rd. Edison NJ08817. ', 1, 0, 1, '1,0', 'a'),
(721, 118, 66, '?3 天－费城-华盛顿DC－康寜玻璃中心－尼加拉大瀑布－紐約市', '3-DC301NF', 1, 630.0000, 630.0000, 0.0000, '05/14/2012 星期五', '8: 50早上- (金門超市)511 Old Past Rd. Edison NJ08817. ', 1, 0, 1, '1,0', 'a'),
(722, 119, 66, '?3 天－费城-华盛顿DC－康寜玻璃中心－尼加拉大瀑布－紐約市', '3-DC301NF', 1, 630.0000, 630.0000, 0.0000, '05/14/2012 星期五', '8: 50早上- (金門超市)511 Old Past Rd. Edison NJ08817. ', 1, 0, 1, '1,0', 'a'),
(723, 120, 72, '?1 天-双层巴士纽约游-自由岛', 'NYLIB-1', 1, 7.0000, 7.0000, 0.0000, '10/01/2012 星期日', '7:00 a.m.- 135-20 39th Ave, Flushing, NY 11354 (喜来登酒店l) .', 1, 0, 0, '', 'fsdf'),
(724, 120, 66, '?3 天－费城-华盛顿DC－康寜玻璃中心－尼加拉大瀑布－紐約市', '3-DC301NF', 1, 315.0000, 315.0000, 0.0000, '05/14/2012 Friday', '8.50 a.m. -511, Old Post Rd NJ08817  (Kam Mun Super Market)', 1, 0, 1, '1,0', 'fsdf'),
(725, 121, 72, '?1 天-双层巴士纽约游-自由岛', 'NYLIB-1', 1, 7.0000, 7.0000, 0.0000, '10/01/2012 星期日', '7:00 a.m.- 135-20 39th Ave, Flushing, NY 11354 (喜来登酒店l) .', 1, 0, 0, '', 'fsdf'),
(726, 121, 66, '?3 天－费城-华盛顿DC－康寜玻璃中心－尼加拉大瀑布－紐約市', '3-DC301NF', 1, 315.0000, 315.0000, 0.0000, '05/14/2012 Friday', '8.50 a.m. -511, Old Post Rd NJ08817  (Kam Mun Super Market)', 1, 0, 1, '1,0', 'fsdf'),
(727, 122, 72, '?1 天-双层巴士纽约游-自由岛', 'NYLIB-1', 1, 7.0000, 7.0000, 0.0000, '10/01/2012 星期日', '7:00 a.m.- 135-20 39th Ave, Flushing, NY 11354 (喜来登酒店l) .', 1, 0, 0, '', 'fsdf'),
(728, 122, 66, '?3 天－费城-华盛顿DC－康寜玻璃中心－尼加拉大瀑布－紐約市', '3-DC301NF', 1, 315.0000, 315.0000, 0.0000, '05/14/2012 Friday', '8.50 a.m. -511, Old Post Rd NJ08817  (Kam Mun Super Market)', 1, 0, 1, '1,0', 'fsdf'),
(729, 123, 65, '?2 天一-尼加拉大瀑布、康寜', '2NFC', 1, 180.0000, 180.0000, 0.0000, '', '8:00  a.m. - 87 Bowery, New York, NY 10002 (Chinatown (Manhattan)', 1, 0, 1, '1,0', 'g'),
(730, 123, 66, '?3 天－费城-华盛顿DC－康寜玻璃中心－尼加拉大瀑布－紐約市', '3-DC301NF', 1, 1215.0000, 1215.0000, 0.0000, '05/14/2012 星期五', '8: 50早上- (金門超市)511 Old Past Rd. Edison NJ08817. ', 5, 0, 3, '1,0;2,0;2,0', 's,f,s,e,f'),
(731, 124, 72, '?1 天-双层巴士纽约游-自由岛', 'NYLIB-1', 1, 7.0000, 7.0000, 0.0000, '10/01/2012 星期日', '7:00 a.m.- 135-20 39th Ave, Flushing, NY 11354 (喜来登酒店l) .', 1, 0, 0, '', 'fsdf'),
(732, 124, 66, '?3 天－费城-华盛顿DC－康寜玻璃中心－尼加拉大瀑布－紐約市', '3-DC301NF', 1, 315.0000, 315.0000, 0.0000, '05/14/2012 Friday', '8.50 a.m. -511, Old Post Rd NJ08817  (Kam Mun Super Market)', 1, 0, 1, '1,0', 'fsdf'),
(733, 124, 75, '?5天4夜-美加東豪華遊', '5CA-202NB', 1, 575.0000, 575.0000, 0.0000, '05/09/2012 星期六', '8:00  a.m. - 87 Bowery, New York, NY 10002 (Chinatown (Manhattan)', 1, 0, 1, '1,0', 'fsd'),
(734, 125, 72, '?1 天-双层巴士纽约游-自由岛', 'NYLIB-1', 1, 7.0000, 7.0000, 0.0000, ' 10/01/2012 星期日', '7:00 a.m.- 135-20 39th Ave, Flushing, NY 11354 (喜来登酒店l) .', 1, 0, 0, '', 'fsd'),
(735, 125, 78, '? 5天 - 夏威夷兩島-火山熔岩流奇觀遊', '5H-212', 1, 630.0000, 630.0000, 0.0000, ' 05/13/2012 Tuesday', 'Honolulu Airport Transfer to Hotel', 1, 0, 1, '1,0', 'fsd'),
(736, 126, 66, '?3 天－费城-华盛顿DC－康寜玻璃中心－尼加拉大瀑布－紐約市', '3-DC301NF', 1, 315.0000, 315.0000, 0.0000, ' 05/14/2012 星期五', '8: 50早上- (金門超市)511 Old Past Rd. Edison NJ08817. ', 1, 0, 1, '1,0', 'a'),
(737, 126, 66, '?3 天－费城-华盛顿DC－康寜玻璃中心－尼加拉大瀑布－紐約市', '3-DC301NF', 1, 630.0000, 630.0000, 0.0000, '05/14/2012 星期五', '8: 50早上- (金門超市)511 Old Past Rd. Edison NJ08817. ', 1, 0, 1, '1,0', 'a'),
(738, 127, 70, '?4天-田納西州-紅寶瀑布-迷失之海-Diexie Stampe表演', 'TN401', 1, 295.0000, 295.0000, 0.0000, '05/31/2012 星期二', '8:00  a.m. - 87 Bowery, New York, NY 10002 (Chinatown (Manhattan)', 1, 0, 1, '1,0', 'sfd'),
(739, 128, 66, '?3 天－费城-华盛顿DC－康寜玻璃中心－尼加拉大瀑布－紐約市', '3-DC301NF', 1, 315.0000, 315.0000, 0.0000, ' 05/14/2012 星期五', '8: 50早上- (金門超市)511 Old Past Rd. Edison NJ08817. ', 1, 0, 1, '1,0', 'a'),
(740, 129, 66, '?3 Days-Washington DC-Corning-Niagara Falls', '3-DC301NF', 1, 315.0000, 315.0000, 0.0000, ' 05/14/2012 星期五', '8: 50早上- (金門超市)511 Old Past Rd. Edison NJ08817. ', 1, 0, 1, '1,0', 'a'),
(741, 130, 66, '?3 天－费城-华盛顿DC－康寜玻璃中心－尼加拉大瀑布－紐約市', '3-DC301NF', 1, 315.0000, 315.0000, 0.0000, ' 05/14/2012 星期五', '8: 50早上- (金門超市)511 Old Past Rd. Edison NJ08817. ', 1, 0, 1, '1,0', 'a'),
(742, 131, 66, '?3 Days-Washington DC-Corning-Niagara Falls', '3-DC301NF', 1, 1215.0000, 1215.0000, 0.0000, '05/14/2012 星期五', '8: 50早上- (金門超市)511 Old Past Rd. Edison NJ08817. ', 5, 0, 3, '1,0;2,0;2,0', 's,f,s,e,f'),
(743, 132, 72, '?1 Day-Liberty  Island Tour', 'NYLIB-1', 1, 14.0000, 14.0000, 0.0000, '', '7:00 a.m.- 135-20 39th Ave, Flushing, NY 11354 (Sheraton Hotel) .', 2, 0, 0, '', 'd,s'),
(744, 133, 72, '?1 Day-Liberty  Island Tour', 'NYLIB-1', 1, 14.0000, 14.0000, 0.0000, '', '7:00 a.m.- 135-20 39th Ave, Flushing, NY 11354 (Sheraton Hotel) .', 2, 0, 0, '', 'd,s'),
(745, 134, 66, '?3 Days-Washington DC-Corning-Niagara Falls', '3-DC301NF', 1, 630.0000, 630.0000, 0.0000, '05/14/2012 星期五', '8: 50早上- (金門超市)511 Old Past Rd. Edison NJ08817. ', 1, 0, 1, '1,0', 'a'),
(746, 135, 66, '?3 Days-Washington DC-Corning-Niagara Falls', '3-DC301NF', 1, 630.0000, 630.0000, 0.0000, '05/14/2012 星期五', '8: 50早上- (金門超市)511 Old Past Rd. Edison NJ08817. ', 1, 0, 1, '1,0', 'a'),
(747, 136, 66, '?3 Days-Washington DC-Corning-Niagara Falls', '3-DC301NF', 1, 630.0000, 630.0000, 0.0000, '05/14/2012 星期五', '8: 50早上- (金門超市)511 Old Past Rd. Edison NJ08817. ', 1, 0, 1, '1,0', 'a'),
(748, 136, 70, '?4 Days- Tennessee-Rubby Falls- Lost Sea-Diexie Stampe', 'TN401', 1, 295.0000, 295.0000, 0.0000, '05/31/2012 Tuesday', '8:00  a.m. - 87 Bowery, New York, NY10002(Chinatown).', 1, 0, 1, '1,0', 'a'),
(749, 137, 73, '? 5 days - New Year Eve Special East Coast Budget Tour (NYC) ', '542', 1, 1864.0000, 1864.0000, 0.0000, '', '8:00  a.m. - 87 Bowery, New York, NY10002(Chinatown).', 2, 0, 2, '1,0;1,0', '1,s'),
(750, 137, 72, '?1 Day-Liberty  Island Tour', 'NYLIB-1', 1, 14.0000, 14.0000, 0.0000, '', '7:00 a.m.- 135-20 39th Ave, Flushing, NY 11354 (Sheraton Hotel) .', 2, 0, 0, '', 'd,s'),
(751, 137, 75, '?5 Days East Coast Deluxe Tour ', '5CA-202NB', 1, 575.0000, 575.0000, 0.0000, '', '8:00  a.m. - 87 Bowery, New York, NY10002(Chinatown).', 1, 0, 1, '1,0', 'd'),
(752, 138, 66, '?3 Days-Washington DC-Corning-Niagara Falls', '3-DC301NF', 1, 315.0000, 315.0000, 0.0000, ' 05/14/2012 星期五', '8: 50早上- (金門超市)511 Old Past Rd. Edison NJ08817. ', 1, 0, 1, '1,0', 'a'),
(753, 139, 66, '?3 Days-Washington DC-Corning-Niagara Falls', '3-DC301NF', 1, 315.0000, 315.0000, 0.0000, '05/14/2012 Friday', '8.50 a.m. -511, Old Post Rd NJ08817  (Kam Mun Super Market)', 1, 0, 1, '1,0', 'a'),
(754, 140, 66, '?3 Days-Washington DC-Corning-Niagara Falls', '3-DC301NF', 1, 315.0000, 315.0000, 0.0000, '05/14/2012 Friday', '8.50 a.m. -511, Old Post Rd NJ08817  (Kam Mun Super Market)', 1, 0, 1, '1,0', 'a'),
(755, 141, 66, '?3 Days-Washington DC-Corning-Niagara Falls', '3-DC301NF', 1, 315.0000, 315.0000, 0.0000, '05/14/2012 Friday', '8.50 a.m. -511, Old Post Rd NJ08817  (Kam Mun Super Market)', 1, 0, 1, '1,0', 'a'),
(756, 142, 66, '?3 Days-Washington DC-Corning-Niagara Falls', '3-DC301NF', 1, 315.0000, 315.0000, 0.0000, '05/14/2012 Friday', '8.50 a.m. -511, Old Post Rd NJ08817  (Kam Mun Super Market)', 1, 0, 1, '1,0', 'a'),
(757, 143, 66, '?3 Days-Washington DC-Corning-Niagara Falls', '3-DC301NF', 1, 315.0000, 315.0000, 0.0000, '05/14/2012 Friday', '8.50 a.m. -511, Old Post Rd NJ08817  (Kam Mun Super Market)', 1, 0, 1, '1,0', 'a'),
(758, 144, 66, '?3 Days-Washington DC-Corning-Niagara Falls', '3-DC301NF', 1, 315.0000, 315.0000, 0.0000, '05/14/2012 Friday', '8.50 a.m. -511, Old Post Rd NJ08817  (Kam Mun Super Market)', 1, 0, 1, '1,0', 'a'),
(759, 145, 66, '?3 Days-Washington DC-Corning-Niagara Falls', '3-DC301NF', 1, 315.0000, 315.0000, 0.0000, '05/14/2012 Friday', '8.50 a.m. -511, Old Post Rd NJ08817  (Kam Mun Super Market)', 1, 0, 1, '1,0', 'a'),
(760, 146, 66, '?3 Days-Washington DC-Corning-Niagara Falls', '3-DC301NF', 1, 315.0000, 315.0000, 0.0000, '05/14/2012 Friday', '8.50 a.m. -511, Old Post Rd NJ08817  (Kam Mun Super Market)', 1, 0, 1, '1,0', 'a'),
(761, 147, 66, '?3 Days-Washington DC-Corning-Niagara Falls', '3-DC301NF', 1, 315.0000, 315.0000, 0.0000, '05/14/2012 Friday', '8.50 a.m. -511, Old Post Rd NJ08817  (Kam Mun Super Market)', 1, 0, 1, '1,0', 'a'),
(762, 148, 66, '?3 Days-Washington DC-Corning-Niagara Falls', '3-DC301NF', 1, 315.0000, 315.0000, 0.0000, '05/14/2012 Friday', '8.50 a.m. -511, Old Post Rd NJ08817  (Kam Mun Super Market)', 1, 0, 1, '1,0', 'a'),
(763, 149, 66, '?3 Days-Washington DC-Corning-Niagara Falls', '3-DC301NF', 1, 315.0000, 315.0000, 0.0000, '05/14/2012 Friday', '8.50 a.m. -511, Old Post Rd NJ08817  (Kam Mun Super Market)', 1, 0, 1, '1,0', 'a'),
(764, 150, 66, '?3 Days-Washington DC-Corning-Niagara Falls', '3-DC301NF', 1, 315.0000, 315.0000, 0.0000, '05/14/2012 Friday', '8.50 a.m. -511, Old Post Rd NJ08817  (Kam Mun Super Market)', 1, 0, 1, '1,0', 'a'),
(765, 151, 66, '?3 Days-Washington DC-Corning-Niagara Falls', '3-DC301NF', 1, 315.0000, 315.0000, 0.0000, '05/14/2012 Friday', '8.50 a.m. -511, Old Post Rd NJ08817  (Kam Mun Super Market)', 1, 0, 1, '1,0', 'a'),
(766, 152, 75, '?5天4夜-美加東豪華遊', '5CA-202NB', 1, 575.0000, 575.0000, 0.0000, '05/16/2012 星期一', '8:00  a.m. - 87 Bowery, New York, NY 10002 (Chinatown (Manhattan)', 1, 0, 1, '1,0', 's'),
(767, 153, 75, '?5 Days East Coast Deluxe Tour ', '5CA-202NB', 1, 575.0000, 575.0000, 0.0000, '05/16/2012 星期一', '8:00  a.m. - 87 Bowery, New York, NY 10002 (Chinatown (Manhattan)', 1, 0, 1, '1,0', 's'),
(768, 154, 75, '?5 Days East Coast Deluxe Tour ', '5CA-202NB', 1, 575.0000, 575.0000, 0.0000, '05/16/2012 星期一', '8:00  a.m. - 87 Bowery, New York, NY 10002 (Chinatown (Manhattan)', 1, 0, 1, '1,0', 's'),
(769, 155, 75, '?5天4夜-美加東豪華遊', '5CA-202NB', 1, 575.0000, 575.0000, 0.0000, '05/16/2012 星期一', '8:00  a.m. - 87 Bowery, New York, NY 10002 (Chinatown (Manhattan)', 1, 0, 1, '1,0', 's'),
(770, 156, 75, '?5天4夜-美加東豪華遊', '5CA-202NB', 1, 575.0000, 575.0000, 0.0000, '05/16/2012 星期一', '8:00  a.m. - 87 Bowery, New York, NY 10002 (Chinatown (Manhattan)', 1, 0, 1, '1,0', 's'),
(771, 157, 66, '?3 Days-Washington DC-Corning-Niagara Falls', '3-DC301NF', 1, 315.0000, 315.0000, 0.0000, '05/14/2012 Friday', '8.50 a.m. -511, Old Post Rd NJ08817  (Kam Mun Super Market)', 1, 0, 1, '1,0', 'a'),
(772, 158, 66, '?3 Days-Washington DC-Corning-Niagara Falls', '3-DC301NF', 1, 315.0000, 315.0000, 0.0000, '05/14/2012 Friday', '8.50 a.m. -511, Old Post Rd NJ08817  (Kam Mun Super Market)', 1, 0, 1, '1,0', 'a'),
(773, 159, 65, '?2 天一-尼加拉大瀑布、康寜', '2NFC', 1, 180.0000, 180.0000, 0.0000, '05/28/2012 Tuesday', '8:00  a.m. - 87 Bowery, New York, NY10002(Chinatown).', 1, 0, 1, '1,0', 's'),
(774, 159, 78, '? 5天 - 夏威夷兩島-火山熔岩流奇觀遊', '5H-212', 1, 630.0000, 630.0000, 0.0000, '05/27/2012 Saturday', 'Honolulu Airport Transfer to Hotel', 1, 0, 1, '1,0', 's'),
(775, 159, 73, '? 5 天 - -美东 豪华 团 (费城) ', '542', 1, 1864.0000, 1864.0000, 0.0000, '', '8:00  a.m. - 87 Bowery, New York, NY10002(Chinatown).', 2, 0, 2, '1,0;1,0', '1,s'),
(776, 159, 72, '?1 天-双层巴士纽约游-自由岛', 'NYLIB-1', 1, 14.0000, 14.0000, 0.0000, '', '7:00 a.m.- 135-20 39th Ave, Flushing, NY 11354 (Sheraton Hotel) .', 2, 0, 0, '', 'd,s'),
(777, 159, 75, '?5天4夜-美加東豪華遊', '5CA-202NB', 1, 575.0000, 575.0000, 0.0000, '', '8:00  a.m. - 87 Bowery, New York, NY10002(Chinatown).', 1, 0, 1, '1,0', 'd'),
(778, 159, 75, '?5天4夜-美加東豪華遊', '5CA-202NB', 1, 895.0000, 895.0000, 0.0000, '05/30/2012 星期日', '8:00  a.m. - 87 Bowery, New York, NY 10002 (Chinatown (Manhattan)', 2, 0, 1, '2,0', 'd,s'),
(779, 160, 75, '?5天4夜-美加東豪華遊', '5CA-202NB', 1, 1790.0000, 1790.0000, 0.0000, '05/30/2012 星期日', '8:00  a.m. - 87 Bowery, New York, NY 10002 (Chinatown (Manhattan)', 4, 0, 2, '2,0;2,0', '是,发,日,日'),
(780, 161, 66, '?3 Days-Washington DC-Corning-Niagara Falls', '3-DC301NF', 1, 315.0000, 315.0000, 0.0000, '05/14/2012 Friday', '8.50 a.m. -511, Old Post Rd NJ08817  (Kam Mun Super Market)', 1, 0, 1, '1,0', 'a'),
(781, 162, 66, '?3 Days-Washington DC-Corning-Niagara Falls', '3-DC301NF', 1, 315.0000, 315.0000, 0.0000, '05/14/2012 Friday', '8.50 a.m. -511, Old Post Rd NJ08817  (Kam Mun Super Market)', 1, 0, 1, '1,0', 'a'),
(782, 163, 66, '?3 Days-Washington DC-Corning-Niagara Falls', '3-DC301NF', 1, 315.0000, 315.0000, 0.0000, '05/28/2012 Tuesday', '8.50 a.m. -511, Old Post Rd NJ08817  (Kam Mun Super Market)', 1, 0, 1, '1,0', 'a'),
(783, 164, 66, '?3 Days-Washington DC-Corning-Niagara Falls', '3-DC301NF', 1, 315.0000, 315.0000, 0.0000, '05/28/2012 Tuesday', '8.50 a.m. -511, Old Post Rd NJ08817  (Kam Mun Super Market)', 1, 0, 1, '1,0', 'a'),
(784, 165, 66, '?3 Days-Washington DC-Corning-Niagara Falls', '3-DC301NF', 1, 315.0000, 315.0000, 0.0000, '05/28/2012 Tuesday', '8.50 a.m. -511, Old Post Rd NJ08817  (Kam Mun Super Market)', 1, 0, 1, '1,0', 'a'),
(785, 166, 66, '?3 天－费城-华盛顿DC－康寜玻璃中心－尼加拉大瀑布－紐約市', '3-DC301NF', 1, 315.0000, 315.0000, 0.0000, '05/28/2012 星期二', '8: 50早上- (金門超市)511 Old Past Rd. Edison NJ08817. ', 1, 0, 1, '1,0', 'a'),
(786, 167, 66, '?3 天－费城-华盛顿DC－康寜玻璃中心－尼加拉大瀑布－紐約市', '3-DC301NF', 1, 315.0000, 315.0000, 0.0000, '05/28/2012 星期二', '8: 50早上- (金門超市)511 Old Past Rd. Edison NJ08817. ', 1, 0, 1, '1,0', 'a'),
(787, 168, 66, '?3 天－费城-华盛顿DC－康寜玻璃中心－尼加拉大瀑布－紐約市', '3-DC301NF', 1, 315.0000, 315.0000, 0.0000, '05/28/2012 星期二', '8: 50早上- (金門超市)511 Old Past Rd. Edison NJ08817. ', 1, 0, 1, '1,0', 'a'),
(788, 169, 72, '?1 天-双层巴士纽约游-自由岛', 'NYLIB-1', 1, 45.0000, 45.0000, 0.0000, ' 07/31/2012 星期五', '7:00 a.m.- 135-20 39th Ave, Flushing, NY 11354 (喜来登酒店l) .', 5, 2, 0, '', 'chan,ab,b,c,d,e,f'),
(789, 170, 65, '?2 天一-尼加拉大瀑布、康寜', '2NFC', 1, 180.0000, 180.0000, 0.0000, '05/28/2012 星期二', '8:00  a.m. - 87 Bowery, New York, NY 10002 (Chinatown (Manhattan)', 1, 0, 1, '1,0', 'd'),
(790, 171, 70, '?4天-田納西州-紅寶瀑布-迷失之海-Diexie Stampe表演', 'TN401', 1, 450.0000, 450.0000, 0.0000, '05/31/2012 星期二', '8:00  a.m. - 87 Bowery, New York, NY 10002 (Chinatown (Manhattan)', 1, 1, 1, '1,1', 'erte,ert'),
(791, 172, 72, '?1 天-双层巴士纽约游-自由岛', 'NYLIB-1', 1, 7.0000, 7.0000, 0.0000, '10/01/2012 星期日', '7:00 a.m.- 135-20 39th Ave, Flushing, NY 11354 (喜来登酒店l) .', 1, 0, 0, '', 'wer'),
(792, 173, 66, '?3 天－费城-华盛顿DC－康寜玻璃中心－尼加拉大瀑布－紐約市', '3-DC301NF', 1, 315.0000, 315.0000, 0.0000, '06/25/2012 Thursday', '8.50 a.m. -511, Old Post Rd NJ08817  (Kam Mun Super Market)', 1, 0, 1, '1,0', 'd'),
(793, 173, 75, '?5天4夜-美加東豪華遊', '5CA-202NB', 1, 1117.0000, 1117.0000, 0.0000, '06/13/2012 星期三', '8:00  a.m. - 87 Bowery, New York, NY 10002 (Chinatown (Manhattan)', 3, 0, 1, '3,0', 'd,a,d'),
(794, 173, 75, '?5天4夜-美加東豪華遊', '5CA-202NB', 1, 895.0000, 895.0000, 0.0000, '06/13/2012 星期三', '8:00  a.m. - 87 Bowery, New York, NY 10002 (Chinatown (Manhattan)', 2, 0, 1, '2,0', 'd,a'),
(795, 173, 65, '?2 天一-尼加拉大瀑布、康寜', '2NFC', 1, 180.0000, 180.0000, 0.0000, '05/28/2012 星期二', '8:00  a.m. - 87 Bowery, New York, NY 10002 (Chinatown (Manhattan)', 1, 0, 1, '1,0', 'd'),
(796, 174, 65, '?2 天一-尼加拉大瀑布、康寜', '2NFC', 1, 180.0000, 180.0000, 0.0000, '06/18/2012 星期日', '8:00  a.m. - 87 Bowery, New York, NY 10002 (Chinatown (Manhattan)', 1, 0, 1, '1,0', 'd'),
(797, 175, 77, '?3天 - 加拿大-多倫多-尼加拉瀑布-康寧 ', '3NFCN-350', 1, 670.0000, 670.0000, 0.0000, '06/18/2012 星期日', '8:00  a.m. - 87 Bowery, New York, NY 10002 (Chinatown (Manhattan)', 1, 0, 1, '1,0', '的'),
(798, 175, 77, '?3天 - 加拿大-多倫多-尼加拉瀑布-康寧 ', '3NFCN-350', 1, 1200.0000, 1200.0000, 0.0000, '06/18/2012 星期日', '8:00  a.m. - 87 Bowery, New York, NY 10002 (Chinatown (Manhattan)', 2, 0, 1, '2,0', '的,s'),
(799, 176, 65, '?2 天一-尼加拉大瀑布、康寜', '2NFC', 1, 180.0000, 180.0000, 0.0000, '06/18/2012 星期日', '8:00  a.m. - 87 Bowery, New York, NY 10002 (Chinatown (Manhattan)', 1, 0, 1, '1,0', 'd'),
(800, 176, 71, '?7天 - 洛杉磯-南/西大峽谷-聖地牙哥-拉斯維加斯', '7-463-G4', 1, 880.0000, 880.0000, 0.0000, '06/25/2012 星期四', '接机送到酒店', 1, 0, 1, '1,0', 'd'),
(801, 177, 75, '?5 Days East Coast Deluxe Tour ', '5CA-202NB', 1, 575.0000, 575.0000, 0.0000, '06/20/2012 Friday', '8:00  a.m. - 87 Bowery, New York, NY10002(Chinatown).', 1, 0, 1, '1,0', 'd'),
(802, 178, 66, '?3 Days-Washington DC-Corning-Niagara Falls', '3-DC301NF', 1, 315.0000, 315.0000, 0.0000, '06/25/2012 Thursday', '8.50 a.m. -511, Old Post Rd NJ08817  (Kam Mun Super Market)', 1, 0, 1, '1,0', 'd'),
(803, 178, 77, '?3 Days - Canada-Toronto-Niagara Falls-Corning ', '3NFCN-350', 1, 335.0000, 335.0000, 0.0000, '06/18/2012 Sunday', '8:00  a.m. - 87 Bowery, New York, NY10002(Chinatown).', 1, 0, 1, '1,0', 'd'),
(804, 179, 78, '? 5 Days - Hawaii 2 Islands-Vocano Tours', '5H-212', 1, 630.0000, 630.0000, 0.0000, '06/24/2012 Monday', 'Honolulu Airport Transfer to Hotel', 1, 0, 1, '1,0', 'daty'),
(805, 180, 80, '紐約市1 日 精華遊', '1NYC', 1, 25.0000, 25.0000, 0.0000, '06/19/2012 星期二', '法拉盛: 7:00 早上.- 135-20 39th Ave, Flushing, NY 11354 (Sheraton Hotel) .', 1, 0, 0, '', 's'),
(806, 180, 71, '?7天 - 洛杉磯-南/西大峽谷-聖地牙哥-拉斯維加斯', '7-463-G4', 1, 880.0000, 880.0000, 0.0000, '06/25/2012 星期四', '接机送到酒店', 1, 0, 1, '1,0', 's'),
(807, 180, 65, '?2 天一-尼加拉大瀑布、康寜', '2NFC', 1, 630.0000, 630.0000, 0.0000, '06/18/2012 星期日', '8:00  a.m. - 87 Bowery, New York, NY 10002 (Chinatown (Manhattan)', 4, 1, 2, '2,1;2,0', 'd,g,e,y,6'),
(808, 181, 73, '? 5 天 - -美東 豪華團 (費城)', '542', 1, 932.0000, 932.0000, 0.0000, '06/29/2012 星期六', '8:00  a.m. - 87 Bowery, New York, NY 10002 (Chinatown (Manhattan)', 1, 0, 1, '1,0', 'd'),
(809, 182, 73, '? 5 天 - -美東 豪華團 (費城)', '542', 1, 932.0000, 932.0000, 0.0000, '06/29/2012 星期六', '8:00  a.m. - 87 Bowery, New York, NY 10002 (Chinatown (Manhattan)', 1, 0, 1, '1,0', 'd'),
(810, 182, 75, '?5天4夜-美東豪華遊', '5202Nb', 1, 575.0000, 575.0000, 0.0000, '06/20/2012 星期五', '8:00  a.m. - 87 Bowery, New York, NY 10002 (Chinatown (Manhattan)', 1, 0, 1, '1,0', 'Xu Xian Ling'),
(811, 183, 66, '?3 天－费城-华盛顿DC－康寜玻璃中心－尼加拉大瀑布－紐約市', '3-DC301NF', 1, 315.0000, 315.0000, 0.0000, '06/25/2012 星期四', '8: 50早上- (金門超市)511 Old Past Rd. Edison NJ08817. ', 1, 0, 1, '1,0', 'a'),
(812, 183, 66, '?3 天－费城-华盛顿DC－康寜玻璃中心－尼加拉大瀑布－紐約市', '3-DC301NF', 1, 315.0000, 315.0000, 0.0000, '05/28/2012 星期二', '8: 50早上- (金門超市)511 Old Past Rd. Edison NJ08817. ', 1, 0, 1, '1,0', 'a'),
(813, 184, 66, '?3 天－费城-华盛顿DC－康寜玻璃中心－尼加拉大瀑布－紐約市', '3-DC301NF', 1, 630.0000, 630.0000, 0.0000, '06/25/2012 星期四', '8: 50早上- (金門超市)511 Old Past Rd. Edison NJ08817. ', 1, 0, 1, '1,0', 'a'),
(814, 184, 66, '?3 天－费城-华盛顿DC－康寜玻璃中心－尼加拉大瀑布－紐約市', '3-DC301NF', 1, 315.0000, 315.0000, 0.0000, '05/28/2012 星期二', '8: 50早上- (金門超市)511 Old Past Rd. Edison NJ08817. ', 1, 0, 1, '1,0', 'a'),
(815, 185, 66, '?3 Days-Washington DC-Corning-Niagara Falls', '3-DC301NF', 1, 315.0000, 315.0000, 0.0000, '06/25/2012 Thursday', '8.50 a.m. -511, Old Post Rd NJ08817  (Kam Mun Super Market)', 1, 0, 1, '1,0', 'fsdf'),
(816, 186, 75, '?5天4夜-美東豪華遊', '5202Nb', 1, 2656.0000, 2656.0000, 0.0000, '08/08/2012 Sunday', '7:00 a.m.- 135-20 39th Ave, Flushing, NY 11354 (Sheraton Hotel) .', 8, 0, 2, '4,0;4,0', 's,ss,d,c,h,j,y,g'),
(817, 186, 70, '?4天-田納西州-紅寶瀑布-迷失之海-Diexie Stampe表演', 'TN401', 1, 295.0000, 295.0000, 0.0000, '08/14/2012 Tuesday', '8:00  a.m. - 87 Bowery, New York, NY10002(Chinatown).', 1, 0, 1, '1,0', 'd'),
(818, 186, 65, '?2 天一-尼加拉大瀑布、康寜', '2NFC', 1, 180.0000, 180.0000, 0.0000, '08/27/2012 星期三', '8:00  a.m. - 87 Bowery, New York, NY 10002 (Chinatown (Manhattan)', 1, 0, 1, '1,0', 'ewe'),
(819, 187, 75, '?5天4夜-美東豪華遊', '5202Nb', 1, 2656.0000, 2656.0000, 0.0000, '08/08/2012 Sunday', '7:00 a.m.- 135-20 39th Ave, Flushing, NY 11354 (Sheraton Hotel) .', 8, 0, 2, '4,0;4,0', 's,ss,d,c,h,j,y,g'),
(820, 187, 70, '?4天-田納西州-紅寶瀑布-迷失之海-Diexie Stampe表演', 'TN401', 1, 295.0000, 295.0000, 0.0000, '08/14/2012 Tuesday', '8:00  a.m. - 87 Bowery, New York, NY10002(Chinatown).', 1, 0, 1, '1,0', 'd'),
(821, 187, 65, '?2 天一-尼加拉大瀑布、康寜', '2NFC', 1, 180.0000, 180.0000, 0.0000, '08/27/2012 星期三', '8:00  a.m. - 87 Bowery, New York, NY 10002 (Chinatown (Manhattan)', 1, 0, 1, '1,0', 'ewe'),
(822, 188, 65, '?2 Days-Corning Glass Center-Niagara Falls-Night Illumination', '2NFC', 1, 180.0000, 180.0000, 0.0000, '08/27/2012 Wednesday', '8:00  a.m. - 48 Bowery, New York, NY10013(Chinatown).', 1, 0, 1, '1,0', 'f'),
(823, 188, 65, '?2 Days-Corning Glass Center-Niagara Falls-Night Illumination', '2NFC', 1, 180.0000, 180.0000, 0.0000, '08/13/2012 Saturday', '8:00  a.m. - 48 Bowery, New York, NY10013(Chinatown).', 1, 0, 1, '1,0', 's'),
(824, 188, 77, '?3 Days - Canada-Toronto-Niagara Falls-Corning ', '3NFCN-350', 1, 600.0000, 600.0000, 0.0000, '05/21/2012 星期日', '8:00  a.m. - 87 Bowery, New York, NY 10002 (Chinatown (Manhattan)', 2, 0, 1, '2,0', 'wang shu,lee hong zang'),
(825, 189, 72, '?1 Day-Double-decker bus NYC-Liberty  Island Tour', '1NYLIB', 1, 7.0000, 7.0000, 0.0000, '10/01/2012 Sunday', '7:00 a.m.- 135-20 39th Ave, Flushing, NY 11354 (Sheraton Hotel) .', 1, 0, 0, '', 's'),
(826, 190, 80, 'nyc one day', '1NYC', 1, 25.0000, 25.0000, 0.0000, '09/24/2012 Friday', 'Flushing : 7:00  a.m.- 135-20 39th Ave, Flushing, NY 11354 (Sheraton Hotel) .', 1, 0, 0, '', 'a'),
(827, 191, 80, 'nyc one day', '1NYC', 1, 25.0000, 25.0000, 0.0000, '09/24/2012 Friday', 'Flushing : 7:00  a.m.- 135-20 39th Ave, Flushing, NY 11354 (Sheraton Hotel) .', 1, 0, 0, '', 'a'),
(828, 192, 75, '?5天4夜-美東豪華遊', '5202Nb', 1, 575.0000, 575.0000, 0.0000, '11/12/2012 星期六', '7:00 a.m.- 135-20 39th Ave, Flushing, NY 11354 (喜来登酒店l) .', 1, 0, 1, '1,0', 'wrew'),
(829, 193, 86, '自由女神', '1nyc', 1, 100.0000, 100.0000, 0.0000, '07/01/2013 星期日', '法拉盛: 7:00 早上.- 135-20 39th Ave, Flushing, NY 11354 (Sheraton Hotel) .', 1, 0, 0, '', 'a');

-- --------------------------------------------------------

--
-- Table structure for table `order_status`
--

CREATE TABLE IF NOT EXISTS `order_status` (
  `order_status_id` int(11) NOT NULL AUTO_INCREMENT,
  `language_id` int(11) NOT NULL,
  `name` varchar(32) COLLATE utf8_bin NOT NULL,
  PRIMARY KEY (`order_status_id`,`language_id`)
) ENGINE=MyISAM  DEFAULT CHARSET=utf8 COLLATE=utf8_bin AUTO_INCREMENT=18 ;

--
-- Dumping data for table `order_status`
--

INSERT INTO `order_status` (`order_status_id`, `language_id`, `name`) VALUES
(2, 1, 'Processing'),
(3, 1, 'Shipped'),
(7, 1, 'Canceled'),
(5, 1, 'Complete'),
(8, 1, 'Denied'),
(9, 1, 'Canceled Reversal'),
(10, 1, 'Failed'),
(11, 1, 'Refunded'),
(12, 1, 'Reversed'),
(13, 1, 'Chargeback'),
(1, 1, 'Pending'),
(16, 1, 'Voided'),
(15, 1, 'Processed'),
(14, 1, 'Expired'),
(2, 2, 'Processing'),
(3, 2, 'Shipped'),
(7, 2, 'Canceled'),
(5, 2, 'Complete'),
(8, 2, 'Denied'),
(9, 2, 'Canceled Reversal'),
(10, 2, 'Failed'),
(11, 2, 'Refunded'),
(12, 2, 'Reversed'),
(13, 2, 'Chargeback'),
(1, 2, 'Pending'),
(16, 2, 'Voided'),
(15, 2, 'Processed'),
(14, 2, 'Expired'),
(17, 1, 'Confirmed'),
(17, 2, '已经确认');

-- --------------------------------------------------------

--
-- Table structure for table `order_total`
--

CREATE TABLE IF NOT EXISTS `order_total` (
  `order_total_id` int(10) NOT NULL AUTO_INCREMENT,
  `order_id` int(11) NOT NULL,
  `code` varchar(32) COLLATE utf8_bin NOT NULL,
  `title` varchar(255) COLLATE utf8_bin NOT NULL DEFAULT '',
  `text` varchar(255) COLLATE utf8_bin NOT NULL DEFAULT '',
  `value` decimal(15,4) NOT NULL DEFAULT '0.0000',
  `sort_order` int(3) NOT NULL,
  PRIMARY KEY (`order_total_id`),
  KEY `idx_orders_total_orders_id` (`order_id`)
) ENGINE=MyISAM  DEFAULT CHARSET=utf8 COLLATE=utf8_bin AUTO_INCREMENT=1697 ;

--
-- Dumping data for table `order_total`
--

INSERT INTO `order_total` (`order_total_id`, `order_id`, `code`, `title`, `text`, `value`, `sort_order`) VALUES
(1243, 326, 'total', 'Total:', '$576.24', 349.6411, 8),
(1240, 326, 'sub_total', 'Sub-Total:', '$329.62', 200.0000, 1),
(1241, 326, 'shipping', 'UPS Worldwide Express:', '$188.94', 114.6411, 3),
(1242, 326, 'tax', 'VAT 17.5%:', '$57.68', 35.0000, 5),
(1244, 1, 'sub_total', 'Sub-Total:', '$90.00', 90.0000, 1),
(1245, 1, 'total', 'Total:', '$90.00', 90.0000, 9),
(1246, 2, 'sub_total', 'Sub-Total:', '$90.00', 90.0000, 1),
(1247, 2, 'total', 'Total:', '$90.00', 90.0000, 9),
(1248, 3, 'sub_total', 'Sub-Total:', '$90.00', 90.0000, 1),
(1249, 3, 'coupon', 'Coupon(2222):', '$-9.00', -9.0000, 4),
(1250, 3, 'total', 'Total:', '$81.00', 81.0000, 9),
(1255, 5, 'sub_total', 'Sub-Total:', '$90.00', 90.0000, 1),
(1256, 5, 'total', 'Total:', '$90.00', 90.0000, 9),
(1257, 6, 'sub_total', 'Sub-Total:', '$90.00', 90.0000, 1),
(1258, 6, 'total', 'Total:', '$90.00', 90.0000, 9),
(1263, 9, 'sub_total', '商品总额:', '$1,000', 1000.0000, 1),
(1264, 9, 'total', '订单总额:', '$1,000', 1000.0000, 9),
(1265, 10, 'sub_total', '商品总额:', '$1,701', 1701.0000, 1),
(1266, 10, 'total', '订单总额:', '$1,701', 1701.0000, 9),
(1267, 11, 'sub_total', '商品总额:', '$1,700', 1700.0000, 1),
(1268, 11, 'total', '订单总额:', '$1,700', 1700.0000, 9),
(1269, 12, 'sub_total', '商品总额:', '$1,700', 1700.0000, 1),
(1270, 12, 'total', '订单总额:', '$1,700', 1700.0000, 9),
(1271, 13, 'sub_total', '商品总额:', '$1,700', 1700.0000, 1),
(1272, 13, 'total', '订单总额:', '$1,700', 1700.0000, 9),
(1273, 14, 'sub_total', '商品总额:', '$1,700', 1700.0000, 1),
(1274, 14, 'total', '订单总额:', '$1,700', 1700.0000, 9),
(1275, 15, 'sub_total', '商品总额:', '$1,700', 1700.0000, 1),
(1276, 15, 'total', '订单总额:', '$1,700', 1700.0000, 9),
(1277, 16, 'sub_total', '商品总额:', '$1,700', 1700.0000, 1),
(1278, 16, 'total', '订单总额:', '$1,700', 1700.0000, 9),
(1279, 17, 'sub_total', '商品总额:', '$1,700', 1700.0000, 1),
(1280, 17, 'total', '订单总额:', '$1,700', 1700.0000, 9),
(1281, 18, 'sub_total', '商品总额:', '$1,700', 1700.0000, 1),
(1282, 18, 'total', '订单总额:', '$1,700', 1700.0000, 9),
(1283, 19, 'sub_total', '商品总额:', '$1,700', 1700.0000, 1),
(1284, 19, 'total', '订单总额:', '$1,700', 1700.0000, 9),
(1285, 20, 'sub_total', '商品总额:', '$1,700', 1700.0000, 1),
(1286, 20, 'total', '订单总额:', '$1,700', 1700.0000, 9),
(1287, 21, 'sub_total', '商品总额:', '$1,700', 1700.0000, 1),
(1288, 21, 'total', '订单总额:', '$1,700', 1700.0000, 9),
(1289, 22, 'sub_total', '商品总额:', '$1,700', 1700.0000, 1),
(1290, 22, 'total', '订单总额:', '$1,700', 1700.0000, 9),
(1291, 23, 'sub_total', '商品总额:', '$1,700', 1700.0000, 1),
(1292, 23, 'total', '订单总额:', '$1,700', 1700.0000, 9),
(1293, 24, 'sub_total', '商品总额:', '$1,700', 1700.0000, 1),
(1294, 24, 'reward', '奖励积分(1):', '$0', -0.0017, 2),
(1295, 24, 'coupon', '折扣券(2222):', '$-170', -170.0000, 4),
(1296, 24, 'total', '订单总额:', '$1,530', 1529.9983, 9),
(1297, 25, 'sub_total', '商品总额:', '$3,400', 3400.0000, 1),
(1298, 25, 'coupon', '折扣券(2222):', '$-340', -340.0000, 4),
(1299, 25, 'total', '订单总额:', '$3,060', 3060.0000, 9),
(1300, 26, 'sub_total', '商品总额:', '$3,400', 3400.0000, 1),
(1301, 26, 'coupon', '折扣券(2222):', '$-340', -340.0000, 4),
(1302, 26, 'total', '订单总额:', '$3,060', 3060.0000, 9),
(1303, 27, 'sub_total', '商品总额:', '$3,400', 3400.0000, 1),
(1304, 27, 'coupon', '折扣券(2222):', '$-340', -340.0000, 4),
(1305, 27, 'total', '订单总额:', '$3,060', 3060.0000, 9),
(1306, 28, 'sub_total', '商品总额:', '$3,400', 3400.0000, 1),
(1307, 28, 'coupon', '折扣券(2222):', '$-340', -340.0000, 4),
(1308, 28, 'total', '订单总额:', '$3,060', 3060.0000, 9),
(1309, 29, 'sub_total', '商品总额:', '$3,400', 3400.0000, 1),
(1310, 29, 'coupon', '折扣券(2222):', '$-340', -340.0000, 4),
(1311, 29, 'total', '订单总额:', '$3,060', 3060.0000, 9),
(1312, 30, 'sub_total', '商品总额:', '$1,700', 1700.0000, 1),
(1313, 30, 'coupon', '折扣券(2222):', '$-170', -170.0000, 4),
(1314, 30, 'total', '订单总额:', '$1,530', 1530.0000, 9),
(1315, 31, 'sub_total', '商品总额:', '$1,700', 1700.0000, 1),
(1316, 31, 'coupon', '折扣券(2222):', '$-170', -170.0000, 4),
(1317, 31, 'total', '订单总额:', '$1,530', 1530.0000, 9),
(1318, 32, 'sub_total', '商品总额:', '$600', 600.0000, 1),
(1319, 32, 'coupon', '折扣券(2222):', '$-60', -60.0000, 4),
(1320, 32, 'total', '订单总额:', '$540', 540.0000, 9),
(1321, 33, 'sub_total', '商品总额:', '$600', 600.0000, 1),
(1322, 33, 'coupon', '折扣券(2222):', '$-60', -60.0000, 4),
(1323, 33, 'total', '订单总额:', '$540', 540.0000, 9),
(1324, 34, 'sub_total', '商品总额:', '$600', 600.0000, 1),
(1325, 34, 'coupon', '折扣券(2222):', '$-60', -60.0000, 4),
(1326, 34, 'total', '订单总额:', '$540', 540.0000, 9),
(1364, 50, 'total', '订单总额:', '$628', 628.0000, 9),
(1363, 50, 'sub_total', '商品总额:', '$628', 628.0000, 1),
(1367, 52, 'sub_total', '商品总额:', '$648', 648.0000, 1),
(1366, 51, 'total', '订单总额:', '$648', 648.0000, 9),
(1365, 51, 'sub_total', '商品总额:', '$648', 648.0000, 1),
(1336, 38, 'sub_total', 'Sub-Total:', '$2,400', 2400.0000, 1),
(1337, 38, 'total', 'Total:', '$2,400', 2400.0000, 9),
(1338, 39, 'sub_total', 'Sub-Total:', '$123', 123.0000, 1),
(1339, 39, 'total', 'Total:', '$123', 123.0000, 9),
(1340, 40, 'sub_total', '商品总额:', '$10', 10.0000, 1),
(1341, 40, 'total', '订单总额:', '$10', 10.0000, 9),
(1344, 42, 'sub_total', '商品总额:', '$60', 60.0000, 1),
(1345, 42, 'total', '订单总额:', '$60', 60.0000, 9),
(1346, 43, 'sub_total', 'Sub-Total:', '$2,558', 2558.0000, 1),
(1347, 43, 'coupon', 'Coupon(1111):', '$-10', -10.0000, 4),
(1348, 43, 'total', 'Total:', '$2,548', 2548.0000, 9),
(1349, 44, 'sub_total', 'Sub-Total:', '$2,558', 2558.0000, 1),
(1350, 44, 'coupon', 'Coupon(1111):', '$-10', -10.0000, 4),
(1351, 44, 'total', 'Total:', '$2,548', 2548.0000, 9),
(1371, 54, 'sub_total', '商品总额:', '$648', 648.0000, 1),
(1370, 53, 'total', '订单总额:', '$648', 648.0000, 9),
(1368, 52, 'total', '订单总额:', '$648', 648.0000, 9),
(1369, 53, 'sub_total', '商品总额:', '$648', 648.0000, 1),
(1357, 47, 'sub_total', 'Sub-Total:', '$420', 420.0000, 1),
(1358, 47, 'total', 'Total:', '$420', 420.0000, 9),
(1372, 54, 'total', '订单总额:', '$648', 648.0000, 9),
(1361, 49, 'sub_total', '商品总额:', '$420', 420.0000, 1),
(1362, 49, 'total', '订单总额:', '$420', 420.0000, 9),
(1373, 55, 'sub_total', '商品总额:', '$2,950', 2950.0000, 1),
(1374, 55, 'total', '订单总额:', '$2,950', 2950.0000, 9),
(1378, 57, 'sub_total', 'Sub-Total:', '$1,125', 1125.0000, 1),
(1379, 57, 'total', 'Total:', '$1,125', 1125.0000, 9),
(1380, 58, 'sub_total', 'Sub-Total:', '$3,550', 3550.0000, 1),
(1381, 58, 'coupon', 'Coupon(8888):', '$-10', -10.0000, 4),
(1382, 58, 'total', 'Total:', '$3,540', 3540.0000, 9),
(1383, 59, 'sub_total', 'Sub-Total:', '$20', 20.0000, 1),
(1384, 59, 'total', 'Total:', '$20', 20.0000, 9),
(1387, 61, 'sub_total', '商品总额:', '$650', 650.0000, 1),
(1388, 61, 'total', '订单总额:', '$650', 650.0000, 9),
(1389, 62, 'sub_total', 'Sub-Total:', '$650', 650.0000, 1),
(1390, 62, 'total', 'Total:', '$650', 650.0000, 9),
(1393, 64, 'sub_total', 'Sub-Total:', '$450', 450.0000, 1),
(1394, 64, 'coupon', 'Coupon(1111):', '$-45', -45.0000, 4),
(1395, 64, 'total', 'Total:', '$405', 405.0000, 9),
(1396, 65, 'sub_total', 'Sub-Total:', '$2,050', 2050.0000, 1),
(1397, 65, 'coupon', 'Coupon(1111):', '$-205', -205.0000, 4),
(1398, 65, 'total', 'Total:', '$1,845', 1845.0000, 9),
(1399, 66, 'sub_total', '商品总额:', '$280', 280.0000, 1),
(1400, 66, 'coupon', '折扣券(1111):', '$-28', -28.0000, 4),
(1401, 66, 'total', '订单总额:', '$252', 252.0000, 9),
(1404, 68, 'sub_total', '商品总额:', '$880', 880.0000, 1),
(1405, 68, 'coupon', '折扣券(1111):', '$-88', -88.0000, 4),
(1406, 68, 'total', '订单总额:', '$792', 792.0000, 9),
(1407, 69, 'sub_total', '商品总额:', '$880', 880.0000, 1),
(1408, 69, 'coupon', '折扣券(1111):', '$-88', -88.0000, 4),
(1409, 69, 'total', '订单总额:', '$792', 792.0000, 9),
(1413, 71, 'sub_total', '商品总额:', '$295', 295.0000, 1),
(1414, 71, 'total', '订单总额:', '$295', 295.0000, 9),
(1415, 72, 'sub_total', '商品总额:', '$295', 295.0000, 1),
(1416, 72, 'total', '订单总额:', '$295', 295.0000, 9),
(1417, 73, 'sub_total', 'Sub-Total:', '$20', 20.0000, 1),
(1418, 73, 'coupon', 'Coupon(1111):', '$-2', -2.0000, 4),
(1419, 73, 'total', 'Total:', '$18', 18.0000, 9),
(1420, 74, 'sub_total', 'Sub-Total:', '$20', 20.0000, 1),
(1421, 74, 'coupon', 'Coupon(1111):', '$-2', -2.0000, 4),
(1422, 74, 'total', 'Total:', '$18', 18.0000, 9),
(1423, 75, 'sub_total', 'Sub-Total:', '$335', 335.0000, 1),
(1424, 75, 'coupon', 'Coupon(1111):', '$-34', -33.5000, 4),
(1425, 75, 'total', 'Total:', '$302', 301.5000, 9),
(1426, 76, 'sub_total', 'Sub-Total:', '$335', 335.0000, 1),
(1427, 76, 'coupon', 'Coupon(1111):', '$-34', -33.5000, 4),
(1428, 76, 'total', 'Total:', '$302', 301.5000, 9),
(1429, 77, 'sub_total', 'Sub-Total:', '$335', 335.0000, 1),
(1430, 77, 'coupon', 'Coupon(1111):', '$-34', -33.5000, 4),
(1431, 77, 'total', 'Total:', '$302', 301.5000, 9),
(1432, 78, 'sub_total', 'Sub-Total:', '$335', 335.0000, 1),
(1433, 78, 'coupon', 'Coupon(1111):', '$-34', -33.5000, 4),
(1434, 78, 'total', 'Total:', '$302', 301.5000, 9),
(1435, 79, 'sub_total', '商品总额:', '$335', 335.0000, 1),
(1436, 79, 'coupon', '折扣券(1111):', '$-34', -33.5000, 4),
(1437, 79, 'total', '订单总额:', '$302', 301.5000, 9),
(1438, 80, 'sub_total', '商品总额:', '$335', 335.0000, 1),
(1439, 80, 'coupon', '折扣券(1111):', '$-34', -33.5000, 4),
(1440, 80, 'total', '订单总额:', '$302', 301.5000, 9),
(1441, 81, 'sub_total', '商品总额:', '$295', 295.0000, 1),
(1442, 81, 'total', '订单总额:', '$295', 295.0000, 9),
(1443, 82, 'sub_total', 'Sub-Total:', '$1,245', 1245.0000, 1),
(1444, 82, 'total', 'Total:', '$1,245', 1245.0000, 9),
(1445, 83, 'sub_total', 'Sub-Total:', '$315', 315.0000, 1),
(1446, 83, 'total', 'Total:', '$315', 315.0000, 9),
(1447, 84, 'sub_total', '商品总额:', '$575', 575.0000, 1),
(1448, 84, 'total', '订单总额:', '$575', 575.0000, 9),
(1449, 85, 'sub_total', 'Sub-Total:', '$575', 575.0000, 1),
(1450, 85, 'total', 'Total:', '$575', 575.0000, 9),
(1451, 86, 'sub_total', 'Sub-Total:', '$575', 575.0000, 1),
(1452, 86, 'total', 'Total:', '$575', 575.0000, 9),
(1453, 87, 'sub_total', '商品总额:', '$460', 460.0000, 1),
(1454, 87, 'total', '订单总额:', '$460', 460.0000, 9),
(1455, 88, 'sub_total', '商品总额:', '$460', 460.0000, 1),
(1456, 88, 'total', '订单总额:', '$460', 460.0000, 9),
(1457, 89, 'sub_total', '商品总额:', '$460', 460.0000, 1),
(1458, 89, 'total', '订单总额:', '$460', 460.0000, 9),
(1459, 90, 'sub_total', '商品总额:', '$460', 460.0000, 1),
(1460, 90, 'total', '订单总额:', '$460', 460.0000, 9),
(1461, 91, 'sub_total', '商品总额:', '$460', 460.0000, 1),
(1462, 91, 'total', '订单总额:', '$460', 460.0000, 9),
(1463, 92, 'sub_total', '商品总额:', '$460', 460.0000, 1),
(1464, 92, 'total', '订单总额:', '$460', 460.0000, 9),
(1465, 93, 'sub_total', '商品总额:', '$1,790', 1790.0000, 1),
(1466, 93, 'total', '订单总额:', '$1,790', 1790.0000, 9),
(1467, 94, 'sub_total', 'Sub-Total:', '$1,790', 1790.0000, 1),
(1468, 94, 'total', 'Total:', '$1,790', 1790.0000, 9),
(1469, 95, 'sub_total', '商品总额:', '$1', 1.0000, 1),
(1470, 95, 'total', '订单总额:', '$1', 1.0000, 9),
(1471, 96, 'sub_total', '商品总额:', '$315', 315.0000, 1),
(1472, 96, 'total', '订单总额:', '$315', 315.0000, 9),
(1473, 97, 'sub_total', '商品总额:', '$315', 315.0000, 1),
(1474, 97, 'total', '订单总额:', '$315', 315.0000, 9),
(1475, 98, 'sub_total', 'Sub-Total:', '$315', 315.0000, 1),
(1476, 98, 'total', 'Total:', '$315', 315.0000, 9),
(1477, 99, 'sub_total', 'Sub-Total:', '$315', 315.0000, 1),
(1478, 99, 'total', 'Total:', '$315', 315.0000, 9),
(1479, 100, 'sub_total', 'Sub-Total:', '$315', 315.0000, 1),
(1480, 100, 'total', 'Total:', '$315', 315.0000, 9),
(1481, 101, 'sub_total', '商品总额:', '$315', 315.0000, 1),
(1482, 101, 'total', '订单总额:', '$315', 315.0000, 9),
(1483, 102, 'sub_total', '商品总额:', '$1,567', 1567.0000, 1),
(1484, 102, 'coupon', '折扣券(8888):', '$-10', -10.0000, 4),
(1485, 102, 'total', '订单总额:', '$1,557', 1557.0000, 9),
(1486, 103, 'sub_total', '商品总额:', '$315', 315.0000, 1),
(1487, 103, 'total', '订单总额:', '$315', 315.0000, 9),
(1488, 104, 'sub_total', 'Sub-Total:', '$3,065', 3065.0000, 1),
(1489, 104, 'total', 'Total:', '$3,065', 3065.0000, 9),
(1490, 105, 'sub_total', '商品总额:', '$315', 315.0000, 1),
(1491, 105, 'total', '订单总额:', '$315', 315.0000, 9),
(1492, 106, 'sub_total', '商品总额:', '$1,977', 1977.0000, 1),
(1493, 106, 'coupon', '折扣券(8888):', '$-10', -10.0000, 4),
(1494, 106, 'total', '订单总额:', '$1,967', 1967.0000, 9),
(1495, 107, 'sub_total', 'Sub-Total:', '$600', 600.0000, 1),
(1496, 107, 'coupon', 'Coupon(8888):', '$-10', -10.0000, 4),
(1497, 107, 'total', 'Total:', '$590', 590.0000, 9),
(1498, 108, 'sub_total', '商品总额:', '$600', 600.0000, 1),
(1499, 108, 'coupon', '折扣券(8888):', '$-10', -10.0000, 4),
(1500, 108, 'total', '订单总额:', '$590', 590.0000, 9),
(1501, 109, 'sub_total', '商品总额:', '$315', 315.0000, 1),
(1502, 109, 'total', '订单总额:', '$315', 315.0000, 9),
(1503, 110, 'sub_total', '商品总额:', '$335', 335.0000, 1),
(1504, 110, 'total', '订单总额:', '$335', 335.0000, 9),
(1505, 111, 'sub_total', '商品总额:', '$315', 315.0000, 1),
(1506, 111, 'total', '订单总额:', '$315', 315.0000, 9),
(1507, 112, 'sub_total', '商品总额:', '$7', 7.0000, 1),
(1508, 112, 'total', '订单总额:', '$7', 7.0000, 9),
(1509, 113, 'sub_total', '商品总额:', '$7', 7.0000, 1),
(1510, 113, 'total', '订单总额:', '$7', 7.0000, 9),
(1511, 114, 'sub_total', 'Sub-Total:', '$322', 322.0000, 1),
(1512, 114, 'total', 'Total:', '$322', 322.0000, 9),
(1513, 115, 'sub_total', '商品总额:', '$1,395', 1395.0000, 1),
(1514, 115, 'coupon', '折扣券(8888):', '$-140', -139.5000, 4),
(1515, 115, 'total', '订单总额:', '$1,256', 1255.5000, 9),
(1516, 116, 'sub_total', '商品总额:', '$630', 630.0000, 1),
(1517, 116, 'total', '订单总额:', '$630', 630.0000, 9),
(1518, 117, 'sub_total', '商品总额:', '$630', 630.0000, 1),
(1519, 117, 'total', '订单总额:', '$630', 630.0000, 9),
(1520, 118, 'sub_total', '商品总额:', '$630', 630.0000, 1),
(1521, 118, 'total', '订单总额:', '$630', 630.0000, 9),
(1522, 119, 'sub_total', '商品总额:', '$630', 630.0000, 1),
(1523, 119, 'total', '订单总额:', '$630', 630.0000, 9),
(1524, 120, 'sub_total', '商品总额:', '$322', 322.0000, 1),
(1525, 120, 'total', '订单总额:', '$322', 322.0000, 9),
(1526, 121, 'sub_total', '商品总额:', '$322', 322.0000, 1),
(1527, 121, 'total', '订单总额:', '$322', 322.0000, 9),
(1528, 122, 'sub_total', '商品总额:', '$322', 322.0000, 1),
(1529, 122, 'total', '订单总额:', '$322', 322.0000, 9),
(1530, 123, 'sub_total', '商品总额:', '$1,395', 1395.0000, 1),
(1531, 123, 'coupon', '折扣券(8888):', '$-140', -139.5000, 4),
(1532, 123, 'total', '订单总额:', '$1,256', 1255.5000, 9),
(1533, 124, 'sub_total', '商品总额:', '$897', 897.0000, 1),
(1534, 124, 'total', '订单总额:', '$897', 897.0000, 9),
(1535, 125, 'sub_total', '商品总额:', '$637', 637.0000, 1),
(1536, 125, 'total', '订单总额:', '$637', 637.0000, 9),
(1537, 126, 'sub_total', '商品总额:', '$945', 945.0000, 1),
(1538, 126, 'total', '订单总额:', '$945', 945.0000, 9),
(1539, 127, 'sub_total', '商品总额:', '$295', 295.0000, 1),
(1540, 127, 'total', '订单总额:', '$295', 295.0000, 9),
(1541, 128, 'sub_total', '商品总额:', '$315', 315.0000, 1),
(1542, 128, 'total', '订单总额:', '$315', 315.0000, 9),
(1543, 129, 'sub_total', 'Sub-Total:', '$315', 315.0000, 1),
(1544, 129, 'total', 'Total:', '$315', 315.0000, 9),
(1545, 130, 'sub_total', '商品总额:', '$315', 315.0000, 1),
(1546, 130, 'total', '订单总额:', '$315', 315.0000, 9),
(1547, 131, 'sub_total', 'Sub-Total:', '$1,215', 1215.0000, 1),
(1548, 131, 'coupon', 'Coupon(8888):', '$-122', -121.5000, 4),
(1549, 131, 'total', 'Total:', '$1,094', 1093.5000, 9),
(1550, 132, 'sub_total', 'Sub-Total:', '$14', 14.0000, 1),
(1551, 132, 'total', 'Total:', '$14', 14.0000, 9),
(1552, 133, 'sub_total', 'Sub-Total:', '$14', 14.0000, 1),
(1553, 133, 'total', 'Total:', '$14', 14.0000, 9),
(1554, 134, 'sub_total', 'Sub-Total:', '$630', 630.0000, 1),
(1555, 134, 'total', 'Total:', '$630', 630.0000, 9),
(1556, 135, 'sub_total', 'Sub-Total:', '$630', 630.0000, 1),
(1557, 135, 'total', 'Total:', '$630', 630.0000, 9),
(1558, 136, 'sub_total', 'Sub-Total:', '$925', 925.0000, 1),
(1559, 136, 'total', 'Total:', '$925', 925.0000, 9),
(1560, 137, 'sub_total', 'Sub-Total:', '$2,453', 2453.0000, 1),
(1561, 137, 'total', 'Total:', '$2,453', 2453.0000, 9),
(1562, 138, 'sub_total', 'Sub-Total:', '$315', 315.0000, 1),
(1563, 138, 'total', 'Total:', '$315', 315.0000, 9),
(1564, 139, 'sub_total', 'Sub-Total:', '$315', 315.0000, 1),
(1565, 139, 'total', 'Total:', '$315', 315.0000, 9),
(1566, 140, 'sub_total', 'Sub-Total:', '$315', 315.0000, 1),
(1567, 140, 'total', 'Total:', '$315', 315.0000, 9),
(1568, 141, 'sub_total', 'Sub-Total:', '$315', 315.0000, 1),
(1569, 141, 'total', 'Total:', '$315', 315.0000, 9),
(1570, 142, 'sub_total', 'Sub-Total:', '$315', 315.0000, 1),
(1571, 142, 'total', 'Total:', '$315', 315.0000, 9),
(1572, 143, 'sub_total', 'Sub-Total:', '$315', 315.0000, 1),
(1573, 143, 'total', 'Total:', '$315', 315.0000, 9),
(1574, 144, 'sub_total', 'Sub-Total:', '$315', 315.0000, 1),
(1575, 144, 'total', 'Total:', '$315', 315.0000, 9),
(1576, 145, 'sub_total', 'Sub-Total:', '$315', 315.0000, 1),
(1577, 145, 'total', 'Total:', '$315', 315.0000, 9),
(1578, 146, 'sub_total', 'Sub-Total:', '$315', 315.0000, 1),
(1579, 146, 'total', 'Total:', '$315', 315.0000, 9),
(1580, 147, 'sub_total', 'Sub-Total:', '$315', 315.0000, 1),
(1581, 147, 'total', 'Total:', '$315', 315.0000, 9),
(1582, 148, 'sub_total', 'Sub-Total:', '$315', 315.0000, 1),
(1583, 148, 'total', 'Total:', '$315', 315.0000, 9),
(1584, 149, 'sub_total', 'Sub-Total:', '$315', 315.0000, 1),
(1585, 149, 'total', 'Total:', '$315', 315.0000, 9),
(1586, 150, 'sub_total', 'Sub-Total:', '$315', 315.0000, 1),
(1587, 150, 'total', 'Total:', '$315', 315.0000, 9),
(1588, 151, 'sub_total', 'Sub-Total:', '$315', 315.0000, 1),
(1589, 151, 'total', 'Total:', '$315', 315.0000, 9),
(1590, 152, 'sub_total', '商品总额:', '$575', 575.0000, 1),
(1591, 152, 'coupon', '折扣券(8888):', '$-58', -57.5000, 4),
(1592, 152, 'total', '订单总额:', '$518', 517.5000, 9),
(1593, 153, 'sub_total', 'Sub-Total:', '$575', 575.0000, 1),
(1594, 153, 'coupon', 'Coupon(8888):', '$-58', -57.5000, 4),
(1595, 153, 'total', 'Total:', '$518', 517.5000, 9),
(1596, 154, 'sub_total', 'Sub-Total:', '$575', 575.0000, 1),
(1597, 154, 'coupon', 'Coupon(8888):', '$-58', -57.5000, 4),
(1598, 154, 'total', 'Total:', '$518', 517.5000, 9),
(1599, 155, 'sub_total', '商品总额:', '$575', 575.0000, 1),
(1600, 155, 'coupon', '折扣券(8888):', '$-58', -57.5000, 4),
(1601, 155, 'total', '订单总额:', '$518', 517.5000, 9),
(1602, 156, 'sub_total', '商品总额:', '$575', 575.0000, 1),
(1603, 156, 'coupon', '折扣券(8888):', '$-58', -57.5000, 4),
(1604, 156, 'total', '订单总额:', '$518', 517.5000, 9),
(1605, 157, 'sub_total', 'Sub-Total:', '$315', 315.0000, 1),
(1606, 157, 'total', 'Total:', '$315', 315.0000, 9),
(1607, 158, 'sub_total', 'Sub-Total:', '$315', 315.0000, 1),
(1608, 158, 'total', 'Total:', '$315', 315.0000, 9),
(1609, 159, 'sub_total', '商品总额:', '$4,158', 4158.0000, 1),
(1610, 159, 'coupon', '折扣券(8888):', '$-416', -415.8000, 4),
(1611, 159, 'total', '订单总额:', '$3,742', 3742.2000, 9),
(1612, 160, 'sub_total', '商品总额:', '$1,790', 1790.0000, 1),
(1613, 160, 'total', '订单总额:', '$1,790', 1790.0000, 9),
(1614, 161, 'sub_total', 'Sub-Total:', '$315', 315.0000, 1),
(1615, 161, 'total', 'Total:', '$315', 315.0000, 9),
(1616, 162, 'sub_total', 'Sub-Total:', '$315', 315.0000, 1),
(1617, 162, 'total', 'Total:', '$315', 315.0000, 9),
(1618, 163, 'sub_total', 'Sub-Total:', '$315', 315.0000, 1),
(1619, 163, 'total', 'Total:', '$315', 315.0000, 9),
(1620, 164, 'sub_total', 'Sub-Total:', '$315', 315.0000, 1),
(1621, 164, 'total', 'Total:', '$315', 315.0000, 9),
(1622, 165, 'sub_total', 'Sub-Total:', '$315', 315.0000, 1),
(1623, 165, 'total', 'Total:', '$315', 315.0000, 9),
(1624, 166, 'sub_total', '商品总额:', '$315', 315.0000, 1),
(1625, 166, 'total', '订单总额:', '$315', 315.0000, 9),
(1626, 167, 'sub_total', '商品总额:', '$315', 315.0000, 1),
(1627, 167, 'total', '订单总额:', '$315', 315.0000, 9),
(1628, 168, 'sub_total', '商品总额:', '$315', 315.0000, 1),
(1629, 168, 'total', '订单总额:', '$315', 315.0000, 9),
(1630, 169, 'sub_total', '商品总额:', '$45', 45.0000, 1),
(1631, 169, 'total', '订单总额:', '$45', 45.0000, 9),
(1632, 170, 'sub_total', '商品总额:', '$180', 180.0000, 1),
(1633, 170, 'coupon', '折扣券(8888):', '$-18', -18.0000, 4),
(1634, 170, 'total', '订单总额:', '$162', 162.0000, 9),
(1635, 171, 'sub_total', '商品总额:', '$450', 450.0000, 1),
(1636, 171, 'total', '订单总额:', '$450', 450.0000, 9),
(1637, 172, 'sub_total', '商品总额:', '$7', 7.0000, 1),
(1638, 172, 'total', '订单总额:', '$7', 7.0000, 9),
(1639, 173, 'sub_total', '商品总额:', '$2,507', 2507.0000, 1),
(1640, 173, 'coupon', '折扣券(8888):', '$-251', -250.7000, 4),
(1641, 173, 'total', '订单总额:', '$2,256', 2256.3000, 9),
(1642, 174, 'sub_total', '商品总额:', '$180', 180.0000, 1),
(1643, 174, 'coupon', '折扣券(8888):', '$-18', -18.0000, 4),
(1644, 174, 'total', '订单总额:', '$162', 162.0000, 9),
(1645, 175, 'sub_total', '商品总额:', '$1,870', 1870.0000, 1),
(1646, 175, 'coupon', '折扣券(8888):', '$-187', -187.0000, 4),
(1647, 175, 'total', '订单总额:', '$1,683', 1683.0000, 9),
(1648, 176, 'sub_total', '商品总额:', '$1,060', 1060.0000, 1),
(1649, 176, 'reward', '奖励积分(1000):', '$-1', -0.8800, 2),
(1650, 176, 'coupon', '折扣券(8888):', '$-106', -106.0000, 4),
(1651, 176, 'total', '订单总额:', '$953', 953.1200, 9),
(1652, 177, 'sub_total', 'Sub-Total:', '$575', 575.0000, 1),
(1653, 177, 'coupon', 'Coupon(8888):', '$-58', -57.5000, 4),
(1654, 177, 'total', 'Total:', '$518', 517.5000, 9),
(1655, 178, 'sub_total', 'Sub-Total:', '$650', 650.0000, 1),
(1656, 178, 'coupon', 'Coupon(8888):', '$-65', -65.0000, 4),
(1657, 178, 'total', 'Total:', '$585', 585.0000, 9),
(1658, 179, 'sub_total', 'Sub-Total:', '$630', 630.0000, 1),
(1659, 179, 'coupon', 'Coupon(8888):', '$-63', -63.0000, 4),
(1660, 179, 'total', 'Total:', '$567', 567.0000, 9),
(1661, 180, 'sub_total', '商品总额:', '$1,535', 1535.0000, 1),
(1662, 180, 'coupon', '折扣券(8888):', '$-154', -153.5000, 4),
(1663, 180, 'total', '订单总额:', '$1,382', 1381.5000, 9),
(1664, 181, 'sub_total', '商品总额:', '$932', 932.0000, 1),
(1665, 181, 'coupon', '折扣券(8888):', '$-93', -93.2000, 4),
(1666, 181, 'total', '订单总额:', '$839', 838.8000, 9),
(1667, 182, 'sub_total', '商品总额:', '$1,507', 1507.0000, 1),
(1668, 182, 'coupon', '折扣券(8888):', '$-151', -150.7000, 4),
(1669, 182, 'total', '订单总额:', '$1,356', 1356.3000, 9),
(1670, 183, 'sub_total', '商品总额:', '$630', 630.0000, 1),
(1671, 183, 'voucher', '礼品券(B888CVS):', '$-288', -288.0000, 8),
(1672, 183, 'total', '订单总额:', '$342', 342.0000, 9),
(1673, 184, 'sub_total', '商品总额:', '$945', 945.0000, 1),
(1674, 184, 'voucher', '礼品券(B888CVS):', '$-288', -288.0000, 8),
(1675, 184, 'total', '订单总额:', '$657', 657.0000, 9),
(1676, 185, 'sub_total', 'Sub-Total:', '$315', 315.0000, 1),
(1677, 185, 'total', 'Total:', '$315', 315.0000, 9),
(1678, 186, 'sub_total', '商品总额:', '$3,131', 3131.0000, 1),
(1679, 186, 'coupon', '折扣券(8888):', '$-313', -313.1000, 4),
(1680, 186, 'total', '订单总额:', '$2,818', 2817.9000, 9),
(1681, 187, 'sub_total', '商品总额:', '$3,131', 3131.0000, 1),
(1682, 187, 'coupon', '折扣券(8888):', '$-313', -313.1000, 4),
(1683, 187, 'total', '订单总额:', '$2,818', 2817.9000, 9),
(1684, 188, 'sub_total', 'Sub-Total:', '$960', 960.0000, 1),
(1685, 188, 'coupon', 'Coupon(8888):', '$-96', -96.0000, 4),
(1686, 188, 'total', 'Total:', '$864', 864.0000, 9),
(1687, 189, 'sub_total', 'Sub-Total:', '$7', 7.0000, 1),
(1688, 189, 'total', 'Total:', '$7', 7.0000, 9),
(1689, 190, 'sub_total', 'Sub-Total:', '$25', 25.0000, 1),
(1690, 190, 'total', 'Total:', '$25', 25.0000, 9),
(1691, 191, 'sub_total', 'Sub-Total:', '$25', 25.0000, 1),
(1692, 191, 'total', 'Total:', '$25', 25.0000, 9),
(1693, 192, 'sub_total', '商品总额:', '$575', 575.0000, 1),
(1694, 192, 'total', '订单总额:', '$575', 575.0000, 9),
(1695, 193, 'sub_total', '商品总额:', '$100', 100.0000, 1),
(1696, 193, 'total', '订单总额:', '$100', 100.0000, 9);

-- --------------------------------------------------------

--
-- Table structure for table `product`
--

CREATE TABLE IF NOT EXISTS `product` (
  `product_id` int(11) NOT NULL AUTO_INCREMENT,
  `model` varchar(64) COLLATE utf8_bin NOT NULL,
  `sku` varchar(64) COLLATE utf8_bin NOT NULL,
  `upc` varchar(12) COLLATE utf8_bin NOT NULL,
  `location` varchar(128) COLLATE utf8_bin NOT NULL,
  `quantity` int(4) NOT NULL DEFAULT '0',
  `stock_status_id` int(11) NOT NULL,
  `image` varchar(255) COLLATE utf8_bin DEFAULT NULL,
  `manufacturer_id` int(11) NOT NULL,
  `shipping` int(1) NOT NULL DEFAULT '1',
  `price` int(8) NOT NULL DEFAULT '0',
  `childprice` int(7) NOT NULL,
  `discountchildprice` int(7) NOT NULL,
  `discountprice` int(7) NOT NULL,
  `points` int(8) NOT NULL DEFAULT '0',
  `tax_class_id` int(11) NOT NULL,
  `date_available` date NOT NULL,
  `weight` decimal(5,2) NOT NULL DEFAULT '0.00',
  `weight_class_id` int(11) NOT NULL DEFAULT '0',
  `length` decimal(5,2) NOT NULL DEFAULT '0.00',
  `width` decimal(5,2) NOT NULL DEFAULT '0.00',
  `height` decimal(5,2) NOT NULL DEFAULT '0.00',
  `length_class_id` int(11) NOT NULL DEFAULT '0',
  `subtract` int(1) NOT NULL DEFAULT '1',
  `minimum` int(11) NOT NULL DEFAULT '1',
  `sort_order` int(11) NOT NULL DEFAULT '0',
  `status` int(1) NOT NULL DEFAULT '0',
  `date_added` datetime NOT NULL DEFAULT '0000-00-00 00:00:00',
  `date_modified` datetime NOT NULL DEFAULT '0000-00-00 00:00:00',
  `viewed` int(5) NOT NULL DEFAULT '0',
  `duration` varchar(10) COLLATE utf8_bin NOT NULL,
  `promotion` varchar(100) COLLATE utf8_bin NOT NULL,
  `promotion2` varchar(100) CHARACTER SET utf8 DEFAULT NULL,
  `is_last_minute` int(1) NOT NULL DEFAULT '0',
  PRIMARY KEY (`product_id`)
) ENGINE=MyISAM  DEFAULT CHARSET=utf8 COLLATE=utf8_bin AUTO_INCREMENT=90 ;

--
-- Dumping data for table `product`
--

INSERT INTO `product` (`product_id`, `model`, `sku`, `upc`, `location`, `quantity`, `stock_status_id`, `image`, `manufacturer_id`, `shipping`, `price`, `childprice`, `discountchildprice`, `discountprice`, `points`, `tax_class_id`, `date_available`, `weight`, `weight_class_id`, `length`, `width`, `height`, `length_class_id`, `subtract`, `minimum`, `sort_order`, `status`, `date_added`, `date_modified`, `viewed`, `duration`, `promotion`, `promotion2`, `is_last_minute`) VALUES
(65, 'nyc', '', '', '', 99, 0, 'data/Double Bus copy.jpg', 0, 0, 175, 115, 92, 140, 0, 0, '2012-02-20', 1.00, 1, 0.00, 0.00, 0.00, 0, 0, 0, 2, 0, '2011-06-23 15:33:48', '2013-04-24 09:50:21', 0, '1', '', NULL, 1),
(66, '03', '', '', '', 99, 0, 'data/volcoii.jpg', 0, 0, 0, 0, 9999, 9999, 0, 0, '2011-06-21', 1.00, 1, 0.00, 0.00, 0.00, 0, 0, 0, 3, 0, '2011-06-23 17:32:44', '2013-04-18 21:27:59', 0, '3', '', NULL, 0),
(70, '01', '', '', '', 99, 0, 'data/Bostons.jpg', 0, 0, 0, 0, 9999, 9999, 0, 0, '2011-11-17', 1.00, 1, 0.00, 0.00, 0.00, 0, 1, 1, 5, 0, '2011-07-08 15:08:16', '2013-04-24 09:59:35', 0, '2', '', NULL, 1),
(89, 'USA1', '', '', '', 99, 0, 'data/MYShenendoa-L1042.jpg', 0, 0, 0, 0, 0, 0, 0, 0, '2013-03-14', 1.00, 1, 0.00, 0.00, 0.00, 0, 1, 1, 1, 1, '2013-03-15 10:20:45', '2013-05-03 13:45:44', 22, '2', '', NULL, 1),
(72, 'W1', '', '', '', 99, 0, 'data/grandcanyon-skywalk.jpg', 0, 0, 140, 110, 90, 115, 0, 0, '2012-05-02', 1.00, 1, 0.00, 0.00, 0.00, 0, 1, 1, 1, 1, '2011-10-21 11:10:13', '2013-05-03 18:17:26', 25, '1', '20% OFF', NULL, 1),
(78, 'nyc1', '', '', '', 99, 0, 'data/Bostons.jpg', 0, 0, 35, 20, 10, 10, 0, 0, '2012-02-17', 1.00, 1, 0.00, 0.00, 0.00, 0, 1, 1, 1, 1, '2012-02-18 12:18:18', '2013-05-03 14:47:36', 56, '1', '$25 OFF|折扣$25', NULL, 1),
(84, '07', '', '', '', 99, 0, 'data/Bostons.jpg', 0, 0, 0, 0, 9999, 9999, 0, 0, '2012-11-28', 1.00, 1, 0.00, 0.00, 0.00, 0, 1, 1, 1, 0, '2012-11-29 14:04:49', '2013-04-24 10:09:26', 0, '2', '', NULL, 0),
(86, '1nyc', '', '', '', 99, 0, 'data/16245300764e5e58784e09c.jpg', 0, 0, 35, 25, 10, 10, 0, 0, '2012-11-28', 1.00, 1, 0.00, 0.00, 0.00, 0, 1, 1, 1, 1, '2012-11-29 14:24:29', '2013-04-24 10:12:18', 23, '1', '', NULL, 1),
(88, '1-sp', '', '', '', 99, 0, 'data/BrooklynBridge.jpg', 0, 0, 0, 0, 0, 0, 0, 0, '2013-02-12', 1.00, 1, 0.00, 0.00, 0.00, 0, 1, 1, 1, 0, '2013-02-13 10:58:26', '2013-04-24 09:55:26', 0, '1', '', NULL, 1);

-- --------------------------------------------------------

--
-- Table structure for table `product_attribute`
--

CREATE TABLE IF NOT EXISTS `product_attribute` (
  `product_id` int(11) NOT NULL,
  `attribute_id` int(11) NOT NULL,
  `language_id` int(11) NOT NULL,
  `text` text COLLATE utf8_bin NOT NULL,
  PRIMARY KEY (`product_id`,`attribute_id`,`language_id`)
) ENGINE=MyISAM DEFAULT CHARSET=utf8 COLLATE=utf8_bin;

--
-- Dumping data for table `product_attribute`
--


-- --------------------------------------------------------

--
-- Table structure for table `product_description`
--

CREATE TABLE IF NOT EXISTS `product_description` (
  `product_id` int(11) NOT NULL AUTO_INCREMENT,
  `language_id` int(11) NOT NULL,
  `name` varchar(255) COLLATE utf8_bin NOT NULL,
  `description` text COLLATE utf8_bin NOT NULL,
  `departdate` varchar(255) COLLATE utf8_bin NOT NULL,
  `meta_description` varchar(255) COLLATE utf8_bin NOT NULL,
  `meta_keyword` varchar(255) COLLATE utf8_bin NOT NULL,
  `priceincludes` text COLLATE utf8_bin NOT NULL,
  `pricenotincludes` text COLLATE utf8_bin NOT NULL,
  `departnotice` text COLLATE utf8_bin NOT NULL,
  `highlight` text COLLATE utf8_bin NOT NULL,
  PRIMARY KEY (`product_id`,`language_id`),
  KEY `name` (`name`)
) ENGINE=MyISAM  DEFAULT CHARSET=utf8 COLLATE=utf8_bin AUTO_INCREMENT=90 ;

--
-- Dumping data for table `product_description`
--

INSERT INTO `product_description` (`product_id`, `language_id`, `name`, `description`, `departdate`, `meta_description`, `meta_keyword`, `priceincludes`, `pricenotincludes`, `departnotice`, `highlight`) VALUES
(72, 1, '1 Day 真伟大的网站设计服务，三年修不好的网站', 0x266c743b702667743b0d0a09266c743b7370616e207374796c653d2671756f743b666f6e742d73697a653a20313470782671756f743b2667743b546869732062757320746f75722077696c6c206578706c6f726520746865204772616e642043616e796f6e20576573742052696d2e20556e6c696b652074686520536f75746820616e64204e6f7274682052696d2c204772616e642043616e796f6e2057657374206973206e6f742070617274206f6620746865204772616e642043616e796f6e204e6174696f6e616c205061726b2e204974206973206c6f6361746564206f6e20746865204875616c6170616920496e6469616e205265736572766174696f6e20617420746865207765737465726e204772616e642043616e796f6e20636f727269646f722e20546865204875616c6170616920496e6469616e2054726962652068617320636f6e7374727563746564206120746f75726973742061747472616374696f6e207468617420746865792068617665206e616d65642026616d703b71756f743b54686520576573742052696d206f6620746865204772616e642043616e796f6e26616d703b71756f743b2e204865726520796f752077696c6c20656e6a6f7920612064656c6963696f757320424251206c756e6368206174207468652063616e796f6e2072696d2e205468656e20796f752077696c6c206861766520746865206f7074696f6e20746f2077616c6b206f6e20746865204772616e642043616e796f6e20536b7977616c6b207768696368206973206120676c61737320627269646765207468617420657874656e6473206f757420696e746f206f70656e2073706163652066726f6d207468652063616e796f6e20656467652e205468657265206973206e6f7468696e672062757420676c61737320756e64657220796f7572206665657420616e64206974206665656c73206c696b652077616c6b696e67206f757420696e746f2026616d703b71756f743b61697226616d703b71756f743b2073757370656e64656420342c30303020666565742061626f7665207468652063616e796f6e20666c6f6f7220616e642074686520436f6c6f7261646f2052697665722e20497420697320616e20616d617a696e672073656e736174696f6e207769746820333630206465677265652c20696e6372656469626c652076696577732e204166746572776172647320796f752077696c6c2072657475726e20746f204c617320566567617320696e20746865206576656e696e672e266c743b2f7370616e2667743b266c743b2f702667743b0d0a, '&lt;p&gt;\r\n	Daily from Las Vegas (Mon &amp;amp; Thurs for Chinese speaking tour)&lt;/p&gt;\r\n', '', '', 0x266c743b756c2667743b0d0a09266c743b6c692667743b0d0a0909266c743b7370616e207374796c653d2671756f743b666f6e742d73697a653a20313470782671756f743b2667743b526f756e64747269702064656c7578652061697220636f6e646974696f6e656420627573207472616e73706f72746174696f6e2e266c743b2f7370616e2667743b266c743b2f6c692667743b0d0a09266c743b6c692667743b0d0a0909266c743b7370616e207374796c653d2671756f743b666f6e742d73697a653a20313470782671756f743b2667743b457870657269656e63656420746f7572206c656164657220666f72206561636820746f757220746f206c657420796f7520656e6a6f7920696e2d6465707468207369676874736565696e672e266c743b2f7370616e2667743b266c743b2f6c692667743b0d0a266c743b2f756c2667743b0d0a, 0x266c743b756c2667743b0d0a09266c743b6c692667743b0d0a0909266c743b7370616e207374796c653d2671756f743b666f6e742d73697a653a20313470782671756f743b2667743b416c6c206d65616c7320616e64206472696e6b7320647572696e672074686520747269702c206275742074686520746f75722067756964652077696c6c20617272616e676520666f722069742e266c743b2f7370616e2667743b266c743b2f6c692667743b0d0a09266c743b6c692667743b0d0a0909266c743b7370616e207374796c653d2671756f743b666f6e742d73697a653a20313470782671756f743b2667743b416c6c206f74686572207072697661746520657870656e7365732e266c743b2f7370616e2667743b266c743b2f6c692667743b0d0a09266c743b6c692667743b0d0a0909266c743b7370616e207374796c653d2671756f743b666f6e742d73697a653a20313470782671756f743b2667743b5469707320746f20677569646520616e64206472697665722028537567676573746564207469703a2024372e30302070657220706572736f6e2c2070657220646179292e266c743b2f7370616e2667743b266c743b2f6c692667743b0d0a266c743b2f756c2667743b0d0a266c743b702667743b0d0a0926616d703b6e6273703b266c743b2f702667743b0d0a, 0x266c743b702667743b0d0a09266c743b7370616e207374796c653d2671756f743b666f6e742d73697a653a20313470782671756f743b2667743b363a303020414d20746f20373a303020414d2028446570656e6473206f6e2074686520686f74656c2066726f6d204c617320566567617329266c743b2f7370616e2667743b266c743b2f702667743b0d0a, ''),
(72, 2, '1天   真伟大的网站设计服务，三年修不好的网站', 0x266c743b64697620636c6173733d2671756f743b7469746c652671756f743b2667743b0d0a09266c743b646976207374796c653d2671756f743b70616464696e672d626f74746f6d3a203070783b206d617267696e3a203070783b2070616464696e672d6c6566743a203070783b2070616464696e672d72696768743a203070783b20666f6e742d66616d696c793a205461686f6d612c2047656e6576612c2073616e732d73657269663b20636f6c6f723a2072676228302c302c30293b2070616464696e672d746f703a203070782671756f743b2667743b0d0a0909266c743b7370616e207374796c653d2671756f743b666f6e742d73697a653a20313470782671756f743b2667743b266c743b7374726f6e672667743be5a4a7e5b3bde8b0b7266c743b2f7374726f6e672667743be59ca831e58d83e890ace5b9b4e5898defbc8ce8a2abe4bb8ae697a5e79a84e7a791e7be85e68b89e5a49ae6b2b3e4beb5e89d95e4bbb2e588b7efbc8ce8808ce5bda2e68890e4bb8ae697a5e79a84e5a3afe9ba97e699afe8a780e38082e697a9e59ca831e890ac31e58d83e5b9b4e4bba5e5898defbc8ce98099e8a3a1e5b0b1e69c89e4babae9a19ee79a84e8b9a4e8b7a1efbc8ce4b8a6e4b894e69c89e4b880e4ba9b31353030e5b9b4e5898de79a84e58db0e59cb0e5ae89e58fa4e69687e6988ee38082e6af8fe5b9b4e590b8e5bc95e4ba86e68890e58d83e4b88ae890ace79a84e8a780e58589e5aea2e5898de58ebbe6aca3e8b39ee38082e98099e698afe4b880e5808be99b86e88083e58fa4e38081e59cb0e8b3aae5928ce7949fe6858be792b0e5a283e7ad89e7ad89e79a84e5a4a7e887aae784b6e7a094e7a9b6e5aea4e38082266c743b6272202f2667743b0d0a0909e697a9e4b88ae5b088e8bb8ae5be9ee98592e5ba97e587bae799bcefbc8ce9968be5a78be8a5bfe5b3bde8b0b7e4b98be69785e38082e9a696e58588e588b0e98194e4bd8de4ba8ee585a7e88fafe98194e5b79ee5928ce4ba9ee588a9e6a191e982a3e5b79ee4b98be99693e79a84e883a1e4bd9be6b0b4e5a3a9e38082e5ae83e698afe585a8e7be8ee59c8be69c80e9ab98e79a84e6b0b4e5a3a9efbc8ce59ca831393934e5b9b4e8a2abe7be8ee59c8be59c9fe69ca8e5b7a5e7a88be5adb8e69c83e68a8ae5ae83e58897e782bae7be8ee59c8be4b883e5a4a7e78fbee4bba3e59c9fe69ca8e5b7a5e7a88be5a587e8b99fe4b98be4b880e38082e4b98be5be8ce7a9bfe8b68ae9bb91e5b3bde8b0b7e58f8ae8ae8ae58c96e890ace58d83e79a84e88eabe59388e6af94e5a4a7e6b299e6bca0efbc8ce980b2e585a5e793a6e6b4bee58db0e7acace5ae89e4babae4bf9de79599e58d80e38082266c743b6272202f2667743b0d0a0909e588b0e98194e8a5bfe5b3bde8b0b7e9828ae7b7a3e5be8cefbc8ce4bda0e5b087e59ca8e6b5b7e68b94e59b9be58d83e585abe799bee88bb1e5b0bae79a84e89d99e89da0e5b2a9e4b88aefbc8ce69ab8e69c9be58c97e7be8ee7acace4ba8ce995b7e79a84e7a791e7be85e68b89e5a49ae6b2b3e38082e69bb4e58fafe8a780e8b39ee69c80e696b0e5bbbae68890e79a84e5a4a9e8a18ce8b5b0e5bb8ae78ebbe79283e6a98be38082e4babae9a19ee5b087e58fafe8b88fe59ca8e99ba2e8b0b7e5ba95e69c89342c383030e88bb1e5b0bae9ab98e79a84e9808fe6988ee78ebbe79283e4b88aefbc8ce7acace4b880e6aca1e794a837323026616d703b6465673b20e79a84e8a792e5baa6e8a780e8b39ee5a4a7e5b3bde8b0b7e38082266c743b6272202f2667743b0d0a0909e9a3bde8a6bde5b3bde8b0b7e9a2a8e699afe5be8cefbc8ce9968be5a78be8b5b7e7a88be8bf94e59b9ee68b89e696afe7b6ade58aa0e696afefbc8ce9a086e98193e6aca3e8b39ee4ba9ee588a9e6a191e982a3e5b79ee4b880e69c9be784a1e99a9be79a84e6b299e6bca0e9a2a8e58589e38082e6999ae99693e59b9ee588b0e8bfb7e4babae79a84e68b89e696afe7b6ade58aa0e696afefbc8ce7b590e69d9fe98099e6aca1e4bba4e4babae99ba3e4bba5e5bf98e687b7e79a84e8a18ce7a88be38082266c743b6272202f2667743b0d0a0909266c743b6272202f2667743b0d0a0909266c743b7374726f6e672667743be5a4a9e5a4a9e7a9bae6ada5e98193536b792057616c6b266c743b2f7374726f6e672667743b266c743b6272202f2667743b0d0a0909e5a4a7e5b3bde8b0b7e8a5bfe7b7a3e58a83e4b896e7b480e79a84e58189e5a4a7e5bbbae7af89202de3808232303037e5b9b4e4b889e69c88e4ba8ce58d81e585abe697a5e5ae8ce5b7a5e9968be5b995e38082e5ae83e5b087e5be9ee5a4a7e5b3bde8b0b7e9828ae7b7a3e5bbb6e4bcb820e587ba20e58ebbe4b883e58d81e88bb1e5b0baefbc8ce687b8e68e9be59ca820342c30303020e88bb1e5b0bae79a84e7a9bae4b8ade4b88ae38082e6a0b9e6939ae5b7a5e7a88be5b8abe79a84e8a888e7ae97efbc8ce78ebbe79283e6a98be5b087e58faf3a20e689bfe58f9720373120e69eb6e8bc89e6bbbfe4b998e5aea2e79a84e6b3a2e99fb32037343720e79a84e9a39be6a99fe9878de9878fefbc88e8b685e9818ee4b883e58d83e4b880e799bee890ace7a385e9878defbc89e38082266c743b6272202f2667743b0d0a0909312ee689bfe58f97e5be9ee585abe5808be4b88de5908ce696b9e59091e590b9e4be86e69c89e8b685e9818ee69982e9809fe6af8fe5b08fe69982e4b880e799bee88bb1e9878ce79a84e79a84e58b81e9a2a8e38082266c743b6272202f2667743b0d0a0909322ee689bfe58f97e696b9e59c9320353020e88bb1e9878ce585a720382e3020e7b49ae79a84e59cb0e99c87e38082e69c89e8b685e9818ee4b880e799bee890ace7a385e79a84e98bbce990b5e5b087e794a8e696bce5bbbae980a0e78ebbe79283e6a98be38082e5a4a7e5b3bde8b0b7e594afe4b880e79a84e99cb2e5a4a9e59296e595a1e5bbb3efbc8ce8ae93e4babae58fafe59d90e59ca8e5b3bde8b0b7e9828ae7b7a3e4baabe58f97e4b880e69dafe58fafe58fa3e79a84e9a3b2e69699e38082e8b1aae88fafe9a490e5bbb3e88887e98592e590a7e5bbbae991bfe59ca8e5b3bde8b0b7e79fb3e5a381e4b98be4b8ade38082266c743b2f7370616e2667743b266c743b2f6469762667743b0d0a266c743b2f6469762667743b0d0a266c743b702667743b0d0a0926616d703b6e6273703b266c743b2f702667743b0d0a, '&lt;p&gt;\r\n	&lt;strong&gt;&lt;font color=&quot;#0000ff&quot;&gt;天天出發（星期一、四中文導遊) (拉斯維加斯出發)&lt;/font&gt;&lt;/strong&gt;&lt;/p&gt;\r\n', '', '', 0x266c743b756c2667743b0d0a09266c743b6c692667743b0d0a0909266c743b7370616e207374796c653d2671756f743b666f6e742d73697a653a20313470782671756f743b2667743be5b7b4e5a3abe38081e5b08ee9818ae58f8ae58fb8e6a99fe38082266c743b2f7370616e2667743b266c743b2f6c692667743b0d0a09266c743b6c692667743b0d0a0909266c743b7370616e207374796c653d2671756f743b666f6e742d73697a653a20313470782671756f743b2667743be5a4a9e7a9bae6ada5e98193536b792057616c6befbc8ce78ebbe79283e6a98b266c743b2f7370616e2667743b266c743b2f6c692667743b0d0a266c743b2f756c2667743b0d0a, 0x266c743b702667743b0d0a09266c743b7370616e207374796c653d2671756f743b666f6e742d73697a653a20313470782671756f743b2667743be5b08ee9818ae58f8ae58fb8e6a99fe5b08fe8b2bbefbc8ce5bbbae8adb0e6af8fe4babae6af8fe5a4a924362e3030202824322e353020e58fb8e6a99fe3808124332e353020e5b08ee9818a29e38082266c743b2f7370616e2667743b266c743b2f702667743b0d0a, 0x266c743b702667743b0d0a09266c743b7370616e207374796c653d2671756f743b666f6e742d73697a653a20313470782671756f743b2667743b363a3030e697a9e4b88a20746f20373a3030e697a9e4b88a2028e4b88de5908ce98592e5ba972ce4b88de5908ce69982e99693e3808229266c743b2f7370616e2667743b266c743b2f702667743b0d0a, 0xe5a4a7e5b3bde8b0b7e59ca831e58d83e890ace5b9b4e5898defbc8ce8a2abe4bb8ae697a5e79a84e7a791e7be85e68b89e5a49ae6b2b3e4beb5e89d95e4bbb2e588b7efbc8ce8808ce5bda2e68890e4bb8ae697a5e79a84e5a3afe9ba97e699afe8a780e38082e697a9e59ca831e890ac31e58d83e5b9b4e4bba5e5898defbc8ce98099e8a3a1e5b0b1e69c89e4babae9a19ee79a84e8b9a4e8b7a1efbc8ce4b8a6e4b894e69c89e4b880e4ba9b31353030e5b9b4e5898de79a84e58db0e59cb0e5ae89e58fa4e69687e6988ee38082e6af8fe5b9b4e590b8e5bc95e4ba86e68890e58d83e4b88ae890ace79a84e8a780e58589e5aea2e5898de58ebbe6aca3e8b39ee38082e98099e698afe4b880e5808be99b86e88083e58fa4e38081e59cb0e8b3aae5928ce7949fe6858be792b0e5a283e7ad89e7ad89e79a84e5a4a7e887aae784b6e7a094e7a9b6e5aea4e38082),
(88, 1, '222', '', '', '', '', '', '', '', ''),
(88, 2, '赌东道', '', '', '', '', '', '', '', ''),
(84, 1, '多倫多 - 千島湖  - 渥太華 - 蒙特婁', 0x266c743b68322667743b0d0a09e7acace4b880e5a4a920e7b490e7b484e5b882202d20e5bab7e5afa7e78ebbe79283e4b8ade5bf83202d20e7be8ee5a283e5b0bce58aa0e68b89e78091e5b883266c743b2f68322667743b0d0a266c743b702667743b0d0a09e68891e58091e5b8b6e682a8e5be9ee7b490e7b484e587bae799bcefbc8ce5898de5be80e4bd8de4ba8ee7be8ee59c8be5928ce58aa0e68bbfe5a4a7e9828ae7958ce79a84e59f8ee5b882e5b0bce58aa0e68b89e78091e5b883efbc8ce6b2bfe98094e8a780e8b39ee7be8ee69db1e9a2a8e58589e58f8ae8819ee5908de79a84e5bab7e5afa7e78ebbe79283e4b8ade5bf83efbc8ce7b2bee887b4e8beade79a84e78ebbe79283e588b6e59381e68896e4b883e5bda9e787a6e7889befbc8ce68896e699b6e791a9e58994e9808fefbc8ce4bba4e4babae79cbce88ab1e7b99ae4ba82efbc8ce79baee4b88de69a87e7b5a6e38082e4b880e585b7e4b889e58d83e5b9b426616d703b71756f743be9ab98e9bda126616d703b71756f743be79a84e69ca8e4b983e4bc8ae59ca8e6978be8bd89e78788e58589e785a7e5b084e4b88befbc8ce9a0ade4b88ae4bda9e688b4e79a84e78ebbe79283e9a3bee59381e79280e792a8e5a5aae79baeefbc8ce6b8b8e5aea2e9a99ae59886e881b2e6ada4e8b5b7e5bdbce890bdefbc8ce4b88de7b595e4ba8ee880b3e38082e58f83e8a780e786b1e78ebbe79283e79a84e588b6e980a0e9818ee7a88befbc8ce69bb4e698afe5b7a7e5a5aae5a4a9e5b7a5efbc8ce5a4a7e9968be79cbce7958ce38082e5a49ce5b995e4bd8ee59e82e69982efbc8ce8bb8ae5ad90e68ab5e98194e5b0bce58aa0e68b89e78091e5b883efbc8ce585a5e4bd8fe98592e5ba97e4bc91e681afefbc8ce6999ae4b88ae58fafe5a49ce9818ae4b896e7958ce585abe5a4a7e5a587e699afe4b98be4b880e79a84e5b0bce58aa0e68b89e78091e5b883e58d80efbc8ce6aca3e8b39ee4b883e5bda9e78788e58589e4b88be79a84e78091e5b883efbc8ce58faae8a68be6b0b4e78fa0e59b9be6bfbaefbc8ce78599e99ca7e8bfb7e6bcabefbc8ce5a682e5a4a2e4bcbce5b9bbefbc8ce6b0a3e8b1a1e890ace58d83efbc8ce59ca8e9a99ae6ad8ee4b98be9a498efbc8ce6b581e980a3e4ba8ee98099e5a49ce889b2e5bda9e899b9e380825175616c69747920486f74656c20e68896e5908ce7ad89e7baa7e38082266c743b2f702667743b0d0a266c743b68322667743b0d0a09e7acace4ba8ce5a4a920e5b0bce58aa0e68b89e78091e5b883202d20e5a49ae580abe5a49a266c743b2f68322667743b0d0a266c743b702667743b0d0a0926616d703b6c743be8bf99e5a4a9e697a9e4b88ae68891e58091e7b9bce7ba8ce9818ae8a6bde5b0bce58aa0e68b89e78091e5b883efbc8ce799bde5a4a9e79a84e78091e5b883e699afe889b2e99b84e58189e5a3afe9ba97efbc8ce88887e4ba94e5bda9e7b9bde7b49be79a84e5a49ce699afe688aae784b6e4b88de5908cefbc8ce69caae8a68be78091e5b883efbc8ce58588e8819ee585b6e881b2efbc8ce881b2e58ba2e4b98be6b5a9e5a4a7efbc8ce5a682e890ace9a6ace5a594e9a8b0efbc8ce5a682e698a5e697a5e99bb7e9b3b4efbc8ce58385e883bde4bba526616d703b71756f743be5bf83e9a99ae58b95e9ad8226616d703b71756f743b20e4b880e8a99ee4be86e5bda2e5aeb9efbc81e890ace784a1e4ba91e6998220efbc8ce5809ae89197e6ac84e69d86efbc8ce981a0e79cba26616d703b71756f743be7be8ee59c8be78091e5b88326616d703b71756f743befbc8ce6b0b4e58ba2e4b880e78089e58d83e9878cefbc8ce99bb7e99c86e890ace9889eefbc8ce6b0a3e58ba2e5ae8fe58189efbc8ce9a99ae59886e4b98be4bd99efbc8ce58fafe588a5e5bf98e4ba86e794a8e785a7e79bb8e6a99fe79599e4b88be78f8de8b2b4e79a84e98fa1e9a0ade3808226616d703b71756f743be9a6ace8b984e78091e5b88326616d703b71756f743be58f8a26616d703b71756f743be696b0e5a898e99da2e7b497e78091e5b88326616d703b71756f743be58f88e698afe58fa6e5a496e4b880e795aae699afe8b1a1efbc8ce68890e7bea4e79a84e6b5b7e9b797e59ca8e799bde99ca7e9a8b0e7a9bae4b98be99693e7a9bfe6a2ade79ba4e6978be682a0e99691e887aae59ca8e88887e786b1e9aca7e99b9ce6b293efbc8ce78699e4be86e69498e5be80e79a84e9818ae5aea2efbc8ce6a78be68890e4b880e5b985e69c89e8b6a3e79a84e795abe99da2e38082e5a48fe5a4a9e9818ae5b0bce58aa0e68b89e78091e5b883efbc8ce58fafe690ade4b998e89197e5908de79a8426616d703b71756f743be99ca7e4b8ade5b091e5a5b3e8999f26616d703b71756f743be9818ae888b9e7a9bfe6a2ade4ba8ee6b3a2e6bfa4e8b5b7e4bc8fe79a84e78091e5b883e99693efbc8ce6b0b4e88ab1e8bf8ee99da2e68991e4be86efbc8ce588bae6bf80e7b78ae5bcb5efbc8ce69bb4e6b7bbe58aa0e4b880e4bbbde99c87e692bce58a9be3808220e9818ae5ae8ce5a89fe7a780e99b85e887b4e79a84e585ace7be8ae5b3b6e5908eefbc8ce6848fe78cb6e69caae79ba1e79a84e99ba2e9968be5b0bce58aa0e68b89e78091e5b883efbc8ce8bb8ae5ad90e7b693e9818ee8b1a1e5be81e7be8ee59c8be58f8ae58aa0e68bbfe5a4a7e585a9e59c8be5a085e59bbae58f8be8aabc26616d703b71756f743b20e5bda9e899b9e6a98b26616d703b71756f743befbc8ce980b2e585a5e58aa0e68bbfe5a4a7e38082e58f83e8a780536b796c6f6e20546f776572efbc8ce79c8b496d6178e99bbbe5bdb1efbc8ce4b88be58d88e68ab5e98194e58aa0e68bbfe5a4a7e7acace4b880e5a4a7e59f8ee58f8ae98791e89e8de4b8ade5bf83e5a49ae580abe5a49ae5b882efbc8ce68891e4bbace58f83e8a780434ee5a194efbc8843616e616469616e204e6174696f6e616c20546f77657229efbc8ce799bbe4b88ae9ab98e5a194e4bfafe79eb0e5b882e699afe58f8ae4b880e69c9be784a1e99a9be79a84e5ae89e5a4a7e795a5e6b996efbc8ce99aa8e5908ee5898de5be80e5adb8e69caee7958ce8819ee5908de585a8e58aa0e68bbfe5a4a7e69c80e9ab98e5adb8e5ba9ce4b98be4b880e79a84e5a49ae580abe5a49ae5a4a7e5adb8e38082e6a0a1e58d80e585a7e79a84e5bbbae7ad91e789a9e58fa4e889b2e58fa4e9a699efbc8ce7b6ade5a49ae588a9e4ba9ee5bc8fe5bbbae7ad91e79a84e79c81e8adb0e69c83e5a4a7e5bb88efbc8ce5ba84e59ab4e88285e7a986efb994e59188e585a9e5808be58d8ae59c93e5bda2e8a8ade8a888e79a84e5b882e694bfe5a4a7e5bb88efbc8ce980a0e5bda2e696b0e7a98ee5a587e789b9efbc8ce4baa6e698afe6b8b8e8a6bde79a84e9878de9bb9ee38082e6999ae4b88ae68891e58091e5b087e5b8b6e682a8e5898de5be80e58c97e7be8ee7acace4b889e5a4a7e59490e4babae8a197e794a8e9a490e380825175616c69747920486f74656c20e68896e5908ce7ad89e7baa7266c743b2f702667743b0d0a266c743b68322667743b0d0a09e7acace4b889e5a4a920e5a49ae580abe5a49a202d20e58d83e5b3b6e6b9962028e59b9be69c88202d20e58d81e69c8829202d20e6b8a5e5a4aae88faf202d20e89299e789b9e5a981266c743b2f68322667743b0d0a266c743b702667743b0d0a09e7b693e9818ee4b880e5a49ce79a84e4bc91e681afefbc8ce697a9e4b88ae7b2bee7a59ee9a3bde6bbbfe79a84e5be9ee5a49ae580abe5a49ae587bae799bcefbc8ce4b998e9818ae888b9e9818ae8a6bde88196e7be85e898ade6b2b3e4b88ae79a84e58d83e5b3b6e88196e59cb0efbc8ce58d88e5908ee5898de5be80e58aa0e68bbfe5a4a7e9a696e983bde6b8a5e5a4aae88fafefbc8ce6b2bfe98094e6aca3e8b39ee58aa0e68bbfe5a4a7e981bce9978ae78988e59c96e4b88aefbc8ce9ab98e5b1b1e7bea4e5b3b0e7be85e58897e38081e682a0e99689e99d9ce9a6a8e79a84e98489e69d91e699afe8a780efbc8ce6b8a5e5a4aae88fafefbc8ce58db0e8aa9ee58db3e782ba26616d703b71756f743be6989326616d703b71756f743b2874726164696e6729e4b98be6848fefbc8ce698afe89197e5908de79a84e59586e6a5ade983bde5b882efbc8ce68ab5e98194e5908ee58f83e8a780e695ace7a986e88285e7ab8be79a84e999a3e4baa1e5b087e5a3abe7b480e5bfb5e7a291efbc8ce6b0a3e6b4bee99d9ee587a1e79a84e58aa0e68bbfe5a4a7e59c8be69c83e5a4a7e5bb88efbc8ce9ab98e5baa6e98194e4ba8ce799bee4b99de58d81e4ba94e5b0baefbc8ce585a7e687b8e4ba94e58d81e4b889e5baa7e58fa4e99098e79a84e887aae794b1e99098e5a194efbc8ce9818ae8a6bde6b8a5e5a4aae88fafefbc8ce58c97e4b88ae5898de5be80e58aa0e68bbfe5a4a7e69db1e983a8e69c80e5a4a7e79a84e6b395e8aa9ee59f8ee5b882efbc8ce69c80e585b7e6b395e59c8be69687e58c96e38081e7b4a0e69c8926616d703b71756f743be58c97e7be8ee5b08fe5b7b4e9bb8e26616d703b71756f743be4b98be7a8b1e79a84e89299e789b9e5a981e5b882efbc8ce68ab5e98194e5908ee58f83e8a780e6ada4e4b896e7958ce7acace4ba8ce5a4a7e79a84e59c93e9a082e69599e5a0822ee88196e7b484e7919fe5a4a7e69599e5a082efbc8ce6ada4e69599e5a082e7b3bbe794b1e585b7e682b2e5a4a9e68398e4babae883b8e687b7efbc8ce69c89e5ae97e69599e986abe6b2bbe7a59ee883bde79a84e5ae89e5beb7e9adafe6959920e5a3abe68980e8a8ade7ab8befbc8ce59ca8e6adb7e7b693e58d8ae5808be5a49ae4b896e7b480e6b497e7a6aee5908eefbc8ce887b3e4bb8ae588b0e6ada4e68b9ce8a8aae6b8b8e8a6bde38081e7a59de7a68fe7a588e7a6b1e5b9b6e79ebbe4bbb0e98081e789a9e79a84e4bfa1e5be92efbc8ce4bb8de784b6e7b5a1e7b9b9e4ba8ee98094e38082e6999ae4b88ae58fafe5be9ce8a9b3e4ba8ee8a9b2e5b882e79a84e4b8bbe8a19753742e20436174686572696e65efbc8ce4baabe58f97e6b5aae6bcabe5a49ce699afefbc8ce8aaaae4b88de5ae9ae69c89e6848fe5a496e79a84e98282e98085e593a6e38082486f74656c2044657320536569676e6575727320e68896e5908ce7ad89e7baa7e38082266c743b2f702667743b0d0a, '', '', '', '', '', '', ''),
(84, 2, '多倫多 - 千島湖  - 渥太華 - 蒙特婁', 0x266c743b68322667743b0d0a09e7acace4b889e5a4a920e5a49ae580abe5a49a202d20e58d83e5b3b6e6b9962028e59b9be69c88202d20e58d81e69c8829202d20e6b8a5e5a4aae88faf202d20e89299e789b9e5a981266c743b2f68322667743b0d0a266c743b702667743b0d0a09e7b693e9818ee4b880e5a49ce79a84e4bc91e681afefbc8ce697a9e4b88ae7b2bee7a59ee9a3bde6bbbfe79a84e5be9ee5a49ae580abe5a49ae587bae799bcefbc8ce4b998e9818ae888b9e9818ae8a6bde88196e7be85e898ade6b2b3e4b88ae79a84e58d83e5b3b6e88196e59cb0efbc8ce58d88e5908ee5898de5be80e58aa0e68bbfe5a4a7e9a696e983bde6b8a5e5a4aae88fafefbc8ce6b2bfe98094e6aca3e8b39ee58aa0e68bbfe5a4a7e981bce9978ae78988e59c96e4b88aefbc8ce9ab98e5b1b1e7bea4e5b3b0e7be85e58897e38081e682a0e99689e99d9ce9a6a8e79a84e98489e69d91e699afe8a780efbc8ce6b8a5e5a4aae88fafefbc8ce58db0e8aa9ee58db3e782ba26616d703b71756f743be6989326616d703b71756f743b2874726164696e6729e4b98be6848fefbc8ce698afe89197e5908de79a84e59586e6a5ade983bde5b882efbc8ce68ab5e98194e5908ee58f83e8a780e695ace7a986e88285e7ab8be79a84e999a3e4baa1e5b087e5a3abe7b480e5bfb5e7a291efbc8ce6b0a3e6b4bee99d9ee587a1e79a84e58aa0e68bbfe5a4a7e59c8be69c83e5a4a7e5bb88efbc8ce9ab98e5baa6e98194e4ba8ce799bee4b99de58d81e4ba94e5b0baefbc8ce585a7e687b8e4ba94e58d81e4b889e5baa7e58fa4e99098e79a84e887aae794b1e99098e5a194efbc8ce9818ae8a6bde6b8a5e5a4aae88fafefbc8ce58c97e4b88ae5898de5be80e58aa0e68bbfe5a4a7e69db1e983a8e69c80e5a4a7e79a84e6b395e8aa9ee59f8ee5b882efbc8ce69c80e585b7e6b395e59c8be69687e58c96e38081e7b4a0e69c8926616d703b71756f743be58c97e7be8ee5b08fe5b7b4e9bb8e26616d703b71756f743be4b98be7a8b1e79a84e89299e789b9e5a981e5b882efbc8ce68ab5e98194e5908ee58f83e8a780e6ada4e4b896e7958ce7acace4ba8ce5a4a7e79a84e59c93e9a082e69599e5a0822ee88196e7b484e7919fe5a4a7e69599e5a082efbc8ce6ada4e69599e5a082e7b3bbe794b1e585b7e682b2e5a4a9e68398e4babae883b8e687b7efbc8ce69c89e5ae97e69599e986abe6b2bbe7a59ee883bde79a84e5ae89e5beb7e9adafe6959920e5a3abe68980e8a8ade7ab8befbc8ce59ca8e6adb7e7b693e58d8ae5808be5a49ae4b896e7b480e6b497e7a6aee5908eefbc8ce887b3e4bb8ae588b0e6ada4e68b9ce8a8aae6b8b8e8a6bde38081e7a59de7a68fe7a588e7a6b1e5b9b6e79ebbe4bbb0e98081e789a9e79a84e4bfa1e5be92efbc8ce4bb8de784b6e7b5a1e7b9b9e4ba8ee98094e38082e6999ae4b88ae58fafe5be9ce8a9b3e4ba8ee8a9b2e5b882e79a84e4b8bbe8a19753742e20436174686572696e65efbc8ce4baabe58f97e6b5aae6bcabe5a49ce699afefbc8ce8aaaae4b88de5ae9ae69c89e6848fe5a496e79a84e98282e98085e593a6e38082486f74656c2044657320536569676e6575727320e68896e5908ce7ad89e7baa7e38082266c743b2f702667743b0d0a, '', '', '', '', '', '', 0xe38090e585a8e79083e7acace4b880e59cbae7bd91e69d83e68d8de58dabe68898e38091e794a8e4b887e58583e7be8ee98791e79a84e7bd91e7ab99efbc8ce4b8bae68d8de58dabe7bd91e7ab99e4b8bbe69d832c20e5afb9e68a97e8b4aae5be97e697a0e58e8ce5928ce99cb8e98193e79a8420e7bd91e9a1b520e8aebee8aea1e585ace58fb8e38082),
(78, 1, '这网站还有问题多多', 0x266c743b702667743b0d0a09266c743b7370616e207374796c653d2671756f743b666f6e742d73697a653a20313470782671756f743b2667743b266c743b7374726f6e672667743b546f7572207669736974733a20266c743b2f7374726f6e672667743b496e747265706964205365612c204169722c20616e64205370616365204d757365756d2c456d70697265205374617465204275696c64696e672c20537461747565206f66204c6962657274792c2057616c6c20537472656574202c20526f636b6566656c6c65722043656e7465722c204669667468204176656e7565204e5943202e266c743b2f7370616e2667743b266c743b2f702667743b0d0a266c743b702667743b0d0a09266c743b7370616e207374796c653d2671756f743b666f6e742d73697a653a20313470782671756f743b2667743b5468652062757320746f75722077696c6c2074616b6520796f75206f6e2061204e657720596f726b204369747920746f7572206f662074686520426967204170706c6520776865726520796f752077696c6c206578706c6f7265204368696e61746f776e3b20746865206c61726765737420696e2074686520556e69746564205374617465732e20596f752077696c6c20616c736f20746f757220746865206865617274206f66207468652066696e616e6369616c2064697374726963742061742057616c6c2053747265657420776865726520796f752063616e20616c736f207365652074686520776f726c642066616d6f75732062726f6e7a65206368617267696e672062756c6c3b2074686520756e6f6666696369616c2073796d626f6c206f66207468652066696e616e6369616c2064697374726963742e2054686520746f757220616c736f2074616b657320796f7520746f2047726f756e64205a65726f20776865726520796f752063616e2070617920796f757220726573706563747320746f20746865206576656e74732066726f6d20536570742e2031312c20323030312e2054686520746f757220636f6e74696e756573207468726f75676820646f776e746f776e204e59432077697468206120766973697420746f2074686520536f7574682053747265657420536561706f72743b206120686973746f726963206c616e646d61726b2074686174206f66666572732064696e696e672c206d757365756d732c20616e6420612073686f7070696e67206d616c6c20617420506965722031372e20497420616c736f20666561747572657320616d617a696e67207669657773206f6620746865204561737420526976657220616e64207468652042726f6f6b6c796e204272696467652e20596f752063616e20616c736f2074616b65206120626f61742072696465202857617465722054617869206f7220436972636c65204c696e65202d2061646d697373696f6e207469636b6574206e6f7420696e636c75646564292061726f756e64204d616e68617474616e20686172626f7220776865726520796f752063616e207365652074686520537461747565206f66204c69626572747920616e642074686520696e6372656469626c65204d616e68617474616e20736b7973637261706572732e20596f752077696c6c20616c736f2076697369742074686520776f726c642066616d6f757320456d70697265205374617465204275696c64696e673b2061203130322d73746f727920417274204465636f20736b7973637261706572207768696368206973207468652074616c6c657374206275696c64696e6720696e204e657720596f726b20436974792e20596f752077696c6c2062652061626c6520746f20676f20757020746f20746865203836746820666c6f6f72206f627365727661746f727920616e6420656e6a6f79207468652070616e6f72616d69632076696577732066726f6d2077697468696e206120676c61737320656e636c6f73656420706176696c696f6e20616e642066726f6d2074686520737572726f756e64696e67206f70656e2d6169722070726f6d656e6164652e2054686520746f757220616c736f2074616b657320796f7520746f2074686520556e69746564204e6174696f6e732077686572652031393220636f756e7472696573206d65657420746f206469736375737320697373756573206c696b652068756d616e2072696768747320616e6420616368696576696e6720776f726c642070656163652e20596f752077696c6c20616c736f2073656520526f636b6566656c6c65722043656e74657220776869636820697320686f6d6520746f204e42432073747564696f732c20616e206f7574646f6f7220736b6174696e672072696e6b2c20616e64207468652066616d6f7573204368726973746d61732074726565207768696368206861732064656c6967687465642063726f77647320666f72206f7665722037352079656172732e205468652062757320746f757220616c736f2074616b657320796f75207468726f756768204669667468204176656e7565204e59432077686963682069732072616e6b6564206173206f6e65206f6620746865206d6f737420657870656e73697665207374726565747320696e2074686520776f726c642e20596f752077696c6c20616c736f207365652074686520686973746f72696320616e64206a7573742072656e6f766174656420496e747265706964205365612c20416972266c743b7374726f6e672667743b2c20266c743b2f7374726f6e672667743b616e64205370616365204d757365756d2e20596f752077696c6c20616c736f207669736974207468652026616d703b71756f743b43726f7373726f616473206f662074686520576f726c6426616d703b71756f743b2061742054696d6573205371756172652e266c743b2f7370616e2667743b266c743b2f702667743b0d0a, '&lt;p&gt;\r\n	Everyday&lt;/p&gt;\r\n', '', '', 0x266c743b756c2667743b0d0a09266c743b6c692667743b0d0a0909266c743b7370616e207374796c653d2671756f743b666f6e742d73697a653a20313470782671756f743b2667743b427573207472616e73706f72746174696f6e2e266c743b2f7370616e2667743b266c743b2f6c692667743b0d0a09266c743b6c692667743b0d0a0909266c743b7370616e207374796c653d2671756f743b666f6e742d73697a653a20313470782671756f743b2667743b546f7572206c65616465722f64726976657226616d703b6e6273703b2e266c743b2f7370616e2667743b266c743b2f6c692667743b0d0a266c743b2f756c2667743b0d0a, 0x266c743b702667743b0d0a09266c743b7370616e207374796c653d2671756f743b666f6e742d73697a653a20313470782671756f743b2667743b416c6c206d65616c7320616e64206472696e6b7320647572696e672074686520747269702c206275742074686520746f75722067756964652077696c6c20617272616e676520666f722069742e266c743b2f7370616e2667743b266c743b2f702667743b0d0a266c743b756c2667743b0d0a09266c743b6c692667743b0d0a0909266c743b7370616e207374796c653d2671756f743b666f6e742d73697a653a20313470782671756f743b2667743b416c6c206f746865722061646d697373696f6e206665657320616e6420616c6c206f74686572207072697661746520657870656e7365732e266c743b2f7370616e2667743b266c743b2f6c692667743b0d0a09266c743b6c692667743b0d0a0909266c743b7370616e207374796c653d2671756f743b666f6e742d73697a653a20313470782671756f743b2667743b5469707320746f20677569646520616e64206472697665722e20537567676573746564207469703a2024362e30302070657220706572736f6e202824332e353020666f72206c656164657220616e642024322e353020666f722064726976657229266c743b2f7370616e2667743b266c743b2f6c692667743b0d0a266c743b2f756c2667743b0d0a266c743b702667743b0d0a09266c743b7370616e207374796c653d2671756f743b666f6e742d73697a653a20313470782671756f743b2667743b266c743b666f6e7420636f6c6f723d2671756f743b233030303066662671756f743b2667743b266c743b622667743b41646d697373696f6e205469636b6574733a266c743b2f622667743b266c743b2f666f6e742667743b266c743b2f7370616e2667743b266c743b2f702667743b0d0a266c743b6f6c2667743b0d0a09266c743b6c692667743b0d0a0909266c743b7370616e207374796c653d2671756f743b666f6e742d73697a653a20313470782671756f743b2667743b456d70697265205374617465204275696c64696e67202d204164756c742d2432302e3030202f204368696c642d2431342e3030266c743b2f7370616e2667743b266c743b2f6c692667743b0d0a09266c743b6c692667743b0d0a0909266c743b7370616e207374796c653d2671756f743b666f6e742d73697a653a20313470782671756f743b2667743b55535320496e747265706964202d204164756c742d2432342e3030202f204368696c642d2431392e3030266c743b2f7370616e2667743b266c743b2f6c692667743b0d0a09266c743b6c692667743b0d0a0909266c743b7370616e207374796c653d2671756f743b666f6e742d73697a653a20313470782671756f743b2667743b4d6164656d6520547573736175647320576178204d757365756d202d204164756c742d2432352e3030202f204368696c642d2432302e3030266c743b2f7370616e2667743b266c743b2f6c692667743b0d0a09266c743b6c692667743b0d0a0909266c743b7370616e207374796c653d2671756f743b666f6e742d73697a653a20313470782671756f743b2667743b436972636c65204c696e65204372756973652f204c69626572747920437275697365202d204164756c742d2433302e3030202f204368696c642d2432352e3030266c743b2f7370616e2667743b266c743b2f6c692667743b0d0a266c743b2f6f6c2667743b0d0a, '', 0x204e657720596f726b204369747920746f7572206f662074686520426967204170706c6520776865726520796f752077696c6c206578706c6f7265204368696e61746f776e3b20746865206c61726765737420696e2074686520556e69746564205374617465732e20596f752077696c6c20616c736f20746f757220746865206865617274206f66207468652066696e616e6369616c2064697374726963742061742057616c6c2053747265657420776865726520796f752063616e20616c736f207365652074686520776f726c642066616d6f75732062726f6e7a65206368617267696e672062756c6c3b2074686520756e6f6666696369616c2073796d626f6c206f66207468652066696e616e6369616c2064697374726963742e),
(78, 2, '1 天 网站还有问题多多', 0x266c743b702667743b0d0a09266c743b7370616e207374796c653d2671756f743b666f6e742d66616d696c793a20417269616c3b20636f6c6f723a2072676228302c302c30292671756f743b2667743be7b490e7b484e88fafe59fa0e4b8ade59c8be59f8ee38081e5b882e694bfe5ba9ce5a4a7e6a893e38081e88fafe788bee8a197e38081e887aae794b1e5a5b3e7a59ee5838fefbc88e6b8a1e6b5b7efbc89e38081e89887e88db7e8979de69caee58d80e38081e5b89de59c8be5a4a7e5bb88e38081e881afe59088e59c8be7b8bde983a8e38081e6b49be5858be88fb2e58b92e4b8ade5bf83e38081e4b8ade5a4aee585ace59c92e38081e7acace4ba94e5a4a7e98193e38081266c743b2f7370616e2667743b266c743b7370616e207374796c653d2671756f743b666f6e742d66616d696c793a20417269616c3b20636f6c6f723a2072676228302c302c30292671756f743b2667743be38081e593a5e580abe5b883e5bba3e5a0b4e38081e799bee88081e58cafe6ad8ce58a87e999a2e58d80e38081e69982e5a0b1e5bba3e5a0b4e38081e59b9be58d81e4ba8ce8a197e5928ce888aae7a9bae6af8de889a6e38082266c743b2f7370616e2667743b266c743b2f702667743b0d0a, '&lt;p&gt;\r\n	&amp;nbsp;天天出发&lt;/p&gt;\r\n', '', '', 0x266c743b70207374796c653d2671756f743b666f6e742d7765696768743a20626f6c642671756f743b2667743b0d0a09266c743b7374726f6e672667743be8b2bbe794a8e58c85e68bac266c743b2f7374726f6e672667743b266c743b2f702667743b0d0a266c743b702667743b0d0a09266c743b7370616e207374796c653d2671756f743b666f6e742d73697a653a20313470782671756f743b2667743b266c743b7374726f6e672667743be2978f20266c743b2f7374726f6e672667743be5b7b4e5a3abe38082266c743b2f7370616e2667743b266c743b2f702667743b0d0a266c743b702667743b0d0a09266c743b7370616e207374796c653d2671756f743b666f6e742d73697a653a20313470782671756f743b2667743b266c743b7370616e207374796c653d2671756f743b666f6e742d73697a653a20313470782671756f743b2667743b266c743b7374726f6e672667743be2978f26616d703b6e6273703b266c743b2f7374726f6e672667743b266c743b2f7370616e2667743b26616d703b6e6273703be5b08ee9818ae58fb8e6a99fe38082266c743b2f7370616e2667743b266c743b2f702667743b0d0a, 0x266c743b702667743b0d0a09266c743b7370616e207374796c653d2671756f743b666f6e742d73697a653a20313470782671756f743b2667743b266c743b7374726f6e672667743be887aae8b4b9e9a085e79bae266c743b2f7374726f6e672667743befbc9a266c743b2f7370616e2667743b266c743b2f702667743b0d0a266c743b756c2667743b0d0a09266c743b6c692667743b0d0a0909266c743b7370616e207374796c653d2671756f743b666f6e742d73697a653a20313470782671756f743b2667743be2978f20e888aae7a9bae6af8de889a62d2d2d2de68890e4baba3a202433302e303020e5b08fe7aba53a202432312e3030266c743b2f7370616e2667743b266c743b2f6c692667743b0d0a09266c743b6c692667743b0d0a0909266c743b7370616e207374796c653d2671756f743b666f6e742d73697a653a20313470782671756f743b2667743be2978f20e5b89de59c8be5a4a7e5bb882d2d2d2de68890e4baba3a202432322e303020e5b08fe7aba53a202431362e3030266c743b2f7370616e2667743b266c743b2f6c692667743b0d0a09266c743b6c692667743b0d0a0909266c743b7370616e207374796c653d2671756f743b666f6e742d73697a653a20313470782671756f743b2667743be2978f20e8a09fe5838fe9a4a82d2d2d2d2d2d2de68890e4baba3a202433322e303020e5b08fe7aba53a202432352e3030266c743b2f7370616e2667743b266c743b2f6c692667743b0d0a09266c743b6c692667743b0d0a0909266c743b7370616e207374796c653d2671756f743b666f6e742d73697a653a20313470782671756f743b2667743be2978f20e7b490e7b484e9818ae888b92d2d2d2de68890e4baba3a202433302e303020e5b08fe7aba53a202432352e3030266c743b2f7370616e2667743b266c743b2f6c692667743b0d0a266c743b2f756c2667743b0d0a266c743b702667743b0d0a09266c743b7370616e207374796c653d2671756f743b666f6e742d73697a653a20313470782671756f743b2667743b266c743b7370616e207374796c653d2671756f743b666f6e742d73697a653a20313470782671756f743b2667743b266c743b7374726f6e672667743be2978f20266c743b2f7374726f6e672667743be98592e5ba97e38082266c743b2f7370616e2667743b266c743b2f7370616e2667743b266c743b2f702667743b0d0a266c743b702667743b0d0a09266c743b7370616e207374796c653d2671756f743b666f6e742d73697a653a20313470782671756f743b2667743b266c743b7370616e207374796c653d2671756f743b666f6e742d73697a653a20313470782671756f743b2667743b266c743b7374726f6e672667743be2978f20266c743b2f7374726f6e672667743be5b08fe8b2bb3ae5bbbae8adb0e6af8fe4babae6af8fe5a4a924362e3030266c743b2f7370616e2667743b266c743b2f7370616e2667743b266c743b2f702667743b0d0a, '', 0xe7b490e7b484e88fafe59fa0e4b8ade59c8be59f8ee38081e5b882e694bfe5ba9ce5a4a7e6a893e38081e88fafe788bee8a197e38081e887aae794b1e5a5b3e7a59ee5838fefbc88e6b8a1e6b5b7efbc89e38081e89887e88db7e8979de69caee58d80e38081e5b89de59c8be5a4a7e5bb88e38081e881afe59088e59c8be7b8bde983a8e38081e6b49be5858be88fb2e58b92e4b8ade5bf83e38081e4b8ade5a4aee585ace59c92e38081e7acace4ba94e5a4a7e98193e38081e38081e593a5e580abe5b883e5bba3e5a0b4e38081e799bee88081e58cafe6ad8ce58a87e999a2e58d80e38081e69982e5a0b1e5bba3e5a0b4e38081e59b9be58d81e4ba8ce8a197e5928ce888aae7a9bae6af8de889a6e38082),
(70, 1, '紐約 - 康寧玻璃中心 - 尼亞加拉瀑布', 0x266c743b68322667743b0d0a09e7acace4b880e5a4a920e7b490e7b484202d20e5bab7e5afa7e78ebbe79283e4b8ade5bf83202d20e5b0bce4ba9ee58aa0e68b89e78091e5b883266c743b2f68322667743b0d0a266c743b702667743b0d0a09e68891e58091e5b8b6e682a8e5898de5be80e5bab7e5afa7e78ebbe79283e4b8ade5bf832ce59ca8e982a3e8a3a1e58fafe4bba5e6aca3e8b39e3330303030e5a49ae4bbb6e6adb7e5b9b4e79a84e78ebbe79283e8a3bde593812ce98284e58fafe8a6aae79cbce79baee79db9e695b4e5808be8a3bde4bd9ce9818ee7a88b2ce79c8be9ab98e6baabe79a84e78ebbe79283e6b0b4e6808ee9babce59ca8e883bde5b7a5e5b7a7e58ca0e79a84e6898be8a3a1e8ae8ae68890e7b2bee7be8ee79a84e8979de8a193e59381e38082e682a8e58fafe4bba5e68c91e4b880e4bbb6e4b8ade6848fe79a84e79599e4bd9ce7b480e5bfb5e38082266c743b6272202f2667743b0d0a09e784b6e5be8ce68891e58091e4bebfe5898de5be80e6b0a3e58ba2e7a385e7a4b4e79a84e5b0bce4ba9ee58aa0e68b89e78091e5b8832ce69c89e9a6ace8b984e78091e5b88328486f72736573686f652046616c6c73292c20e7be8ee59c8be78091e5b883e5928ce696b0e5a898e99da2e7b497e78091e5b883e7b584e68890e38082e580bce5be97e4b880e68f90e79a84e698afe5a49ce6999ae79a84e78091e5b883e58886e5a496e8bfb7e4baba2ce8a898e5be97e5ae9ae8a681e68bbfe8b5b7e79bb8e6a99f26616d703b6c6471756f3be59294e59a93e59294e59a9326616d703b68656c6c69703b26616d703b726471756f3be5b087e7be8ee699afe68b8de588b0e6898be8bb9fe782bae6ada22ce5b8b6e59b9ee5aeb6e4be9be5aeb6e4babae5928ce69c8be58f8be58091e6aca3e8b39ee38082e8ae93e68891e58091e4b880e8b5b7e6aca3e8b39ee5a4a7e887aae784b6e79a84e9acbce696a7e7a59ee5b7a5e590a7e3808220486f74656c3a205175616c69747920496ee68896e5908ce7b49ae38082266c743b6272202f2667743b0d0a092a2a266c743b622667743be5b0bce58aa0e68b89e78091e5b883266c743b2f622667743b2026616d703b71756f743b4e6961676172612046616c6c7326616d703b71756f743b20e6ba90e887aae58db0e7acace5ae89e8aa9e2c20e6848fe782bae3808ce99bb7e7a59ee4b98be6b0b4e3808d2c20e5ae83e4bd8de696bce58c97e7be8ee6b4b2e4ba94e5a4a7e6b996e58d802ce7b490e7b484e5b79ee6b0b4e7899be59f8ee99984e8bf91e79a84e7be8ee59c8be88887e58aa0e68bbfe5a4a7e9828ae5a2832ce5b0bce4ba9ee58aa0e68b89e6b2b3e4b88ae79a84e78091e5b8832c20e5b9b3e59d87e6b581e9878f322c343037e7ab8be696b9e7b1b32fe7a792e5b0bce4ba9ee58aa0e68b89e78091e5b883e4bba5e7be8ee9ba97e79a84e699afe889b2e8808ce8819ee5908de696bce4b896e7958c2c20e99d9ee5b8b8e58f97e4b896e7958ce59084e59cb0e79a84e9818ae5aea2e6ada1e8bf8ee79a84e69785e9818ae699afe9bb9ee3808220e78091e5b883e79a84e4b88ae6b8b8e6b0b4e6b581e588b0e4ba86e687b8e5b4962ce4b880e78089e58d83e9878c2ce8b685e9818e313830e88bb1e5b0bae79a84e9ab98e5baa6e5868de58aa0e4b88ae6b4aae6b581e79a84e5b7a8e5a4a7e8a19de58a9b2ce6b296e588b7e587ba37e585ace9878ce995b7e79a84e5b3bde8b0b72ce6be8ee6b983e79a84e6b0a3e58ba22ce78cb6e4bcbce58d83e8bb8de890ace9a6ac2ce59ca8e5b3bde8b0b7e8bfb4e79baae4b88de5b7b22ce4bba4e5b2b8e9828ae79a84e9818ae5aea2e784a1e4b88de5838fe89197e9ad94e4b880e888ac2ce79baee79eaae58fa3e591862ce6b7b1e6b7b1e8a2abe5b0bce4ba9ee58aa0e68b89e78091e5b883e79a84e78886e799bce58a9be99c87e692bc266c743b2f702667743b0d0a, '', '', '', '', '', '', 0xe38090e69697e4ba89e789b9e889b2e38091e88ab1e4ba86e695b4e4b887e58583e7be8ee98791e5819ae79a84e7bd91e7ab99e4b88de883bde794a8efbc8ce58faae69c89e694b9e68890e68d8de58dabe7bd91e7ab99e4b8bbe69d83e79a84e7bd91e7ab99efbc8ce5afb9e68a97e8b4aae5be97e697a0e58e8ce7bd91e7ab99e9a1b5e8aebee8aea1e585ace58fb8e38082),
(70, 2, '2013年奥兰多, 洛杉矶自由行酒店+门票批发价格', 0x266c743b68322667743b0d0a09e7acace4b880e5a4a920e7b490e7b484202d20e5bab7e5afa7e78ebbe79283e4b8ade5bf83202d20e5b0bce4ba9ee58aa0e68b89e78091e5b883266c743b2f68322667743b0d0a266c743b702667743b0d0a09e68891e58091e5b8b6e682a8e5898de5be80e5bab7e5afa7e78ebbe79283e4b8ade5bf832ce59ca8e982a3e8a3a1e58fafe4bba5e6aca3e8b39e3330303030e5a49ae4bbb6e6adb7e5b9b4e79a84e78ebbe79283e8a3bde593812ce98284e58fafe8a6aae79cbce79baee79db9e695b4e5808be8a3bde4bd9ce9818ee7a88b2ce79c8be9ab98e6baabe79a84e78ebbe79283e6b0b4e6808ee9babce59ca8e883bde5b7a5e5b7a7e58ca0e79a84e6898be8a3a1e8ae8ae68890e7b2bee7be8ee79a84e8979de8a193e59381e38082e682a8e58fafe4bba5e68c91e4b880e4bbb6e4b8ade6848fe79a84e79599e4bd9ce7b480e5bfb5e38082266c743b6272202f2667743b0d0a09e784b6e5be8ce68891e58091e4bebfe5898de5be80e6b0a3e58ba2e7a385e7a4b4e79a84e5b0bce4ba9ee58aa0e68b89e78091e5b8832ce69c89e9a6ace8b984e78091e5b88328486f72736573686f652046616c6c73292c20e7be8ee59c8be78091e5b883e5928ce696b0e5a898e99da2e7b497e78091e5b883e7b584e68890e38082e580bce5be97e4b880e68f90e79a84e698afe5a49ce6999ae79a84e78091e5b883e58886e5a496e8bfb7e4baba2ce8a898e5be97e5ae9ae8a681e68bbfe8b5b7e79bb8e6a99f26616d703b6c6471756f3be59294e59a93e59294e59a9326616d703b68656c6c69703b26616d703b726471756f3be5b087e7be8ee699afe68b8de588b0e6898be8bb9fe782bae6ada22ce5b8b6e59b9ee5aeb6e4be9be5aeb6e4babae5928ce69c8be58f8be58091e6aca3e8b39ee38082e8ae93e68891e58091e4b880e8b5b7e6aca3e8b39ee5a4a7e887aae784b6e79a84e9acbce696a7e7a59ee5b7a5e590a7e3808220486f74656c3a205175616c69747920496ee68896e5908ce7b49ae38082266c743b6272202f2667743b0d0a092a2a266c743b622667743be5b0bce58aa0e68b89e78091e5b883266c743b2f622667743b2026616d703b71756f743b4e6961676172612046616c6c7326616d703b71756f743b20e6ba90e887aae58db0e7acace5ae89e8aa9e2c20e6848fe782bae3808ce99bb7e7a59ee4b98be6b0b4e3808d2c20e5ae83e4bd8de696bce58c97e7be8ee6b4b2e4ba94e5a4a7e6b996e58d802ce7b490e7b484e5b79ee6b0b4e7899be59f8ee99984e8bf91e79a84e7be8ee59c8be88887e58aa0e68bbfe5a4a7e9828ae5a2832ce5b0bce4ba9ee58aa0e68b89e6b2b3e4b88ae79a84e78091e5b8832c20e5b9b3e59d87e6b581e9878f322c343037e7ab8be696b9e7b1b32fe7a792e5b0bce4ba9ee58aa0e68b89e78091e5b883e4bba5e7be8ee9ba97e79a84e699afe889b2e8808ce8819ee5908de696bce4b896e7958c2c20e99d9ee5b8b8e58f97e4b896e7958ce59084e59cb0e79a84e9818ae5aea2e6ada1e8bf8ee79a84e69785e9818ae699afe9bb9ee3808220e78091e5b883e79a84e4b88ae6b8b8e6b0b4e6b581e588b0e4ba86e687b8e5b4962ce4b880e78089e58d83e9878c2ce8b685e9818e313830e88bb1e5b0bae79a84e9ab98e5baa6e5868de58aa0e4b88ae6b4aae6b581e79a84e5b7a8e5a4a7e8a19de58a9b2ce6b296e588b7e587ba37e585ace9878ce995b7e79a84e5b3bde8b0b72ce6be8ee6b983e79a84e6b0a3e58ba22ce78cb6e4bcbce58d83e8bb8de890ace9a6ac2ce59ca8e5b3bde8b0b7e8bfb4e79baae4b88de5b7b22ce4bba4e5b2b8e9828ae79a84e9818ae5aea2e784a1e4b88de5838fe89197e9ad94e4b880e888ac2ce79baee79eaae58fa3e591862ce6b7b1e6b7b1e8a2abe5b0bce4ba9ee58aa0e68b89e78091e5b883e79a84e78886e799bce58a9be99c87e692bc266c743b2f702667743b0d0a, '', '', '', '', '', '', 0xe38090e585a8e79083e7acace4b880e59cbae7bd91e69d83e68d8de58dabe68898e38091e794a8e4b887e58583e7be8ee98791e79a84e7bd91e7ab99efbc8ce5819ae4b8bae68d8de58dabe7bd91e7ab99e4b8bbe69d83e79a84e7bd91e7ab992ce38082),
(66, 1, 'DE', '', '', '', '', '', '', '', ''),
(66, 2, 'Dc', '', '&lt;p&gt;\r\n	&lt;span style=&quot;color: rgb(0, 0, 0); line-height: 16px; font-family: Tahoma, Geneva, sans-serif;&quot;&gt;【网权捍卫战】&lt;/span&gt;&lt;/p&gt;\r\n', '', '', '', '', 0x266c743b646976207374796c653d2671756f743b6c696e652d6865696768743a20313530253b2070616464696e672d6c6566743a20323070783b2671756f743b2667743b0d0a09266c743b6469762667743b0d0a090926616d703b6e6273703b266c743b2f6469762667743b0d0a266c743b2f6469762667743b0d0a266c743b702667743b0d0a0926616d703b6e6273703b266c743b2f702667743b0d0a, 0xe38090e585a8e79083e7acace4b880e59cbae7bd91e69d83e68d8de58dabe68898e38091e794a8e4b887e58583e7be8ee98791e79a84e7bd91e7ab99efbc8ce4b8bae68d8de58dabe7bd91e7ab99e4b8bbe69d832c20e5afb9e68a97e8b4aae5be97e697a0e58e8ce5928ce99cb8e98193e79a8420e7bd91e9a1b520e8aebee8aea1e585ace58fb8e38082),
(86, 1, 'Statue of Liberty', 0x266c743b702667743b0d0a09266c743b7370616e207374796c653d2671756f743b666f6e742d73697a653a20313470783b2671756f743b2667743b266c743b7374726f6e672667743b546f7572207669736974733a20266c743b2f7374726f6e672667743b496e747265706964205365612c204169722c20616e64205370616365204d757365756d2c456d70697265205374617465204275696c64696e672c20537461747565206f66204c6962657274792c2057616c6c20537472656574202c20526f636b6566656c6c65722043656e7465722c204669667468204176656e7565204e5943202e266c743b2f7370616e2667743b266c743b2f702667743b0d0a266c743b702667743b0d0a09266c743b7370616e207374796c653d2671756f743b666f6e742d73697a653a20313470783b2671756f743b2667743b5468652062757320746f75722077696c6c2074616b6520796f75206f6e2061204e657720596f726b204369747920746f7572206f662074686520426967204170706c6520776865726520796f752077696c6c206578706c6f7265204368696e61746f776e3b20746865206c61726765737420696e2074686520556e69746564205374617465732e20596f752077696c6c20616c736f20746f757220746865206865617274206f66207468652066696e616e6369616c2064697374726963742061742057616c6c2053747265657420776865726520796f752063616e20616c736f207365652074686520776f726c642066616d6f75732062726f6e7a65206368617267696e672062756c6c3b2074686520756e6f6666696369616c2073796d626f6c206f66207468652066696e616e6369616c2064697374726963742e2054686520746f757220616c736f2074616b657320796f7520746f2047726f756e64205a65726f20776865726520796f752063616e2070617920796f757220726573706563747320746f20746865206576656e74732066726f6d20536570742e2031312c20323030312e2054686520746f757220636f6e74696e756573207468726f75676820646f776e746f776e204e59432077697468206120766973697420746f2074686520536f7574682053747265657420536561706f72743b206120686973746f726963206c616e646d61726b2074686174206f66666572732064696e696e672c206d757365756d732c20616e6420612073686f7070696e67206d616c6c20617420506965722031372e20497420616c736f20666561747572657320616d617a696e67207669657773206f6620746865204561737420526976657220616e64207468652042726f6f6b6c796e204272696467652e20596f752063616e20616c736f2074616b65206120626f61742072696465202857617465722054617869206f7220436972636c65204c696e65202d2061646d697373696f6e207469636b6574206e6f7420696e636c75646564292061726f756e64204d616e68617474616e20686172626f7220776865726520796f752063616e207365652074686520537461747565206f66204c69626572747920616e642074686520696e6372656469626c65204d616e68617474616e20736b7973637261706572732e20596f752077696c6c20616c736f2076697369742074686520776f726c642066616d6f757320456d70697265205374617465204275696c64696e673b2061203130322d73746f727920417274204465636f20736b7973637261706572207768696368206973207468652074616c6c657374206275696c64696e6720696e204e657720596f726b20436974792e20596f752077696c6c2062652061626c6520746f20676f20757020746f20746865203836746820666c6f6f72206f627365727661746f727920616e6420656e6a6f79207468652070616e6f72616d69632076696577732066726f6d2077697468696e206120676c61737320656e636c6f73656420706176696c696f6e20616e642066726f6d2074686520737572726f756e64696e67206f70656e2d6169722070726f6d656e6164652e2054686520746f757220616c736f2074616b657320796f7520746f2074686520556e69746564204e6174696f6e732077686572652031393220636f756e7472696573206d65657420746f206469736375737320697373756573206c696b652068756d616e2072696768747320616e6420616368696576696e6720776f726c642070656163652e20596f752077696c6c20616c736f2073656520526f636b6566656c6c65722043656e74657220776869636820697320686f6d6520746f204e42432073747564696f732c20616e206f7574646f6f7220736b6174696e672072696e6b2c20616e64207468652066616d6f7573204368726973746d61732074726565207768696368206861732064656c6967687465642063726f77647320666f72206f7665722037352079656172732e205468652062757320746f757220616c736f2074616b657320796f75207468726f756768204669667468204176656e7565204e59432077686963682069732072616e6b6564206173206f6e65206f6620746865206d6f737420657870656e73697665207374726565747320696e2074686520776f726c642e20596f752077696c6c20616c736f207365652074686520686973746f72696320616e64206a7573742072656e6f766174656420496e747265706964205365612c20416972266c743b7374726f6e672667743b2c20266c743b2f7374726f6e672667743b616e64205370616365204d757365756d2e20596f752077696c6c20616c736f207669736974207468652026616d703b71756f743b43726f7373726f616473206f662074686520576f726c6426616d703b71756f743b2061742054696d6573205371756172652e266c743b2f7370616e2667743b266c743b2f702667743b0d0a, '', '', '', '', '', 0x266c743b756c207374796c653d2671756f743b6d617267696e3a2037707820307078203070783b2070616464696e673a203070783b20636f6c6f723a2072676228302c20302c2030293b20666f6e742d66616d696c793a205461686f6d612c2047656e6576612c2073616e732d73657269663b206c6973742d7374796c652d747970653a206e6f6e653b2671756f743b2667743b0d0a09266c743b6c6920636c6173733d2671756f743b7374796c65342671756f743b207374796c653d2671756f743b6261636b67726f756e642d706f736974696f6e3a20307078203870783b206d617267696e3a2030707820307078203570783b2070616464696e673a20307078203070782030707820313070783b206c696e652d6865696768743a20313870783b206261636b67726f756e642d696d6167653a2075726c2826616d703b71756f743b687474703a2f2f7573616e79746f7572732e636f6d2f636174616c6f672f766965772f7468656d652f7573746f75722f696d616765732f69636f6e5f646f742e67696626616d703b71756f743b293b2671756f743b2667743b0d0a090926616d703b6e6273703b266c743b2f6c692667743b0d0a266c743b2f756c2667743b0d0a, ''),
(86, 2, '自由女神', 0x266c743b702667743b0d0a09266c743b7370616e207374796c653d2671756f743b666f6e742d73697a653a20313470783b2671756f743b2667743be5be9ee59490e4babae8a197e587bae799bc2ce68891e58091e69c83e5b8b6e682a8e58ebbe5be80e7b490e7b484e5b882e694bfe5ba9ce5a4a7e6a8932ce88fafe788bee8a1972ce887aae794b1e5a5b3e7a59ee5838f28e6b8a1e6b5b7292ce89887e88db7e8979de69caee58d802ce5b89de59c8be5a4a7e5bb882ce881afe59088e59c8be7b8bde983a82ce6b49be5858be88fb2e58b92e4b8ade5bf832ce4b8ade5a4aee585ace59c922ce7acace4ba94e5a4a7e981932ce593a5e580abe5b883e5bba3e5a0b4e2808be2808b2ce799bee88081e58cafe6ad8ce58a87e999a2e58d802ce69982e5a0b1e5bba3e5a0b42ce59b9be58d81e4ba8ce8a197e5928ce888aae7a9bae6af8de889a6e98099e4ba9be699afe9bb9ee980b2e8a18ce58f83e8a780e38082266c743b2f7370616e2667743b266c743b2f702667743b0d0a, '&lt;p&gt;\r\n	Monday&lt;/p&gt;\r\n', '', '', '', '', '', ''),
(65, 1, 'NYC Bus', 0x266c743b702667743b0d0a09737373266c743b2f702667743b0d0a, '&lt;p&gt;\r\n	Every Day&lt;/p&gt;\r\n', '', '', '', '', '', ''),
(65, 2, '1 天 紐約市精華遊 ', 0x266c743b702667743b0d0a09e68891e58091e79a84e8a18ce7a88be5bc80e5a78be4ba8ee4b896e8b4b8e5a790e5a6b9e5a4a7e58ea6e98197e59d802de4b896e8b4b8e4b8ade5bf83e4b880e8999fe5a4a7e58ea628e887aae794b1e5a19429e38081e88fafe788bee8a197e38081e7babde7baa6e8af81e58db7e4baa4e69893e68980e38081e7be8ee59bbde697a7e59bbde4bc9aefbc8ce7be8ee59bbde59bbde788b6e58d8ee79b9be9a1bfe7baaae5bfb5e9939ce5838fefbc8ce887aae794b1e5a5b3e7a59ee5838f28e6b8a1e6b5b729e38081e5b89de59c8be5a4a7e5bb88e38081e881afe59088e59c8be7b8bde983a8e38081e6b49be5858be88fb2e58b92e4b8ade5bf83e38081e4b8ade5a4aee585ace59c92e38081e4ba94e5a4a7e98193e38081e593a5e580abe5b883e5bba3e5a0b4e38081e69982e5a0b1e5bba3e5a0b4e38081e4b896e7958ce89197e5908de79a84e69d9ce88e8ee5a4abe4babae89ca1e5838fe9a686e5928ce888aae7a9bae6af8de889a6e7ad89e7ad89e4b880e4ba9be89197e5908de699afe9bb9ee38082266c743b6272202f2667743b0d0a0926616d703b6e6273703b266c743b2f702667743b0d0a, '&lt;p&gt;\r\n	Busd&lt;/p&gt;\r\n', '', '', '', '', '', 0xe38090e585a8e79083e7acace4b880e59cbae7bd91e69d83e68d8de58dabe68898e38091e794a8e4b887e58583e7be8ee98791e79a84e7bd91e7ab99efbc8ce4b8bae68d8de58dabe7bd91e7ab99e4b8bbe69d832c20e5afb9e68a97e8b4aae5be97e697a0e58e8ce5928ce99cb8e98193e79a8420e7bd91e9a1b520e8aebee8aea1e585ace58fb8e38082);
INSERT INTO `product_description` (`product_id`, `language_id`, `name`, `description`, `departdate`, `meta_description`, `meta_keyword`, `priceincludes`, `pricenotincludes`, `departnotice`, `highlight`) VALUES
(89, 1, '2天-这网站还有问题多多', 0x266c743b68322667743b0d0a09266c743b7370616e207374796c653d2671756f743b666f6e742d73697a653a20313870782671756f743b2667743be7acace4b880e5a4a920e7b490e7b4842de8b2bbe59f8e266c743b2f7370616e2667743b266c743b2f68322667743b0d0a266c743b702667743b0d0a09266c743b7370616e207374796c653d2671756f743b666f6e742d73697a653a20313870782671756f743b2667743be88fafe79b9be9a0934443e6abbbe88ab1e79b9be9968b266c743b666f6e7420636f6c6f723d2671756f743b236461306230302671756f743b2667743b28342d312d32303133e887b330342d372d3230313329266c743b2f666f6e742667743b2ce585b6e4bb96e697a5e5ad90e79a84e88ab1e5be88e5b091e4ba862e2e2e266c743b6272202f2667743b0d0a09e8a18ce7a88be9968be5a78be698afe9809ae9818ee88db7e898ade99aa7e981932ce7b693e9818ee7b490e6bea4e8a5bfe5b79e2ce68ab5e98194e8b393e5a495e587a1e5b0bce4ba9ee5b79ee79a84e8b2bbe59f8e2ce98099e698afe585a9e799bee5b9b4e5898de7be8ee59c8be9a696e983bde79a84e68980e59ca8e59cb02ce7be8ee59c8be79a84e78da8e7ab8be5aea3e8a880e59ca8e6ada4e59cb0e7b0bde8a882e38082e682a8e5b087e69c83e79c8be588b0e69c80e697a9e69c9fe79a84e59c8be69c832ce78da8e7ab8be5aeae2ce887aae794b1e990982ce980a0e5b9a3e5bba0e38082202ae8ab8be9a090e8a882e5898de8a8bbe6848f2ce980a0e5b9a3e5bba0e6989fe69c9fe585ade5928ce6989fe69c9fe697a5e9979ce99680e3808220e4b8ade58d88e68891e58091e99ba2e9968be8b2bbe59f8e2ce7b693e5be97e68b89e793a6e5b79ee68ab5e98194e9a6ace588a9e898ade5b79ee79a84e5908de59f8ee5a0a1e59cb0e7a3a8e5b882e38082e8a9b2e5b882e782bae7be8ee59c8be59c8be6ad8ce79a84e799bce6ba90e59cb02ce78da8e7ab8be688b0e788ade79a84e9878de8a681e6b5b7e6b8af2ce58da0e7be8ee59c8be9968be59c8be58fb2e69c80e9878de8a681e79a84e4b880e9a081e38082266c743b6272202f2667743b0d0a09e68891e58091e588b0e4bc91e681afe7ab99e794a8e5ae8ce58d88e9a490e5be8c2ce69785e9818ae5b7b4e5a3abe7b9bce7ba8ce5898de5be80e7be8ee59c8be9a696e983bde88fafe79b9be9a093444320e588b0e98194e5a4aae7a9bae58d9ae789a9e9a4a8e38082e588b0e7a2bce9a0ade59d90e9818ae888b9e8a780e8b39ee7b8bde7b5b1e6a99fe5a0b42ce99bb7e6a0b9e59c8be99a9be6a99fe5a0b42ce990b5e5a194e5b0bce8999fe781bde99ba3e7b480e5bfb5e7a291e5928ce4ba94e8a792e5a4a7e5bb88e7ad89e38082e69e97e882afe7b480e5bfb5e5a0822ce8b68ae688b0e7b480e5bfb5e789862ce99f93e688b0e7b480e5bfb5e7a2912ce78da8e7ab8be5aea3e8a880e4b98be788b6e69db0e5bc97e9819ce7b480e5bfb52ce4b99fe7b693e9818ee88fafe79b9be9a093e7b480e5bfb5e7a291e5928ce5a082e6b0b4e99680e5a4a7e5bb88e7ad89e38082e6999ae4b88ae68891e58091e5b8b6e682a8e4b8ade59c8be9a490e9a4a8e59083e6999ae9a4902ce59ca8e4bb96e98489e59083e588b0e5aeb6e5b8b8e88f9c2ce982a3e58f88e698afe58fa6e4b880e795aae6bb8be591b3e3808220436f6d666f727420496e6e20e68896e5908ce7b49ae98592e5ba97e38082266c743b2f7370616e2667743b266c743b2f702667743b0d0a266c743b68322667743b0d0a09266c743b7370616e207374796c653d2671756f743b666f6e742d73697a653a20313870782671756f743b2667743be7acace4ba8ce5a4a920e88fafe79b9be9a09344432de7b490e7b484266c743b2f7370616e2667743b266c743b2f68322667743b0d0a266c743b702667743b0d0a09266c743b7370616e207374796c653d2671756f743b666f6e742d73697a653a20313870782671756f743b2667743be5be9ee98592e5ba97e587bae799bc2ce68891e58091e5b087e5b8b6e682a8e588b0e58291e4bd9be9819ce7b480e5bfb5e5a0822ce59c8be69c832ce799bde5aeaee38082e4b98be5be8ce99ba2e9968be88fafe79b9be9a093442e432e2ce4b8ade98094e68891e58091e69c83e782bae682a8e79a84e58d88e9a490e5819ce79599e4b880e6aeb5e69982e996932ce8bf94e59b9ee7b490e7b484e5b882e5908e2ce68891e58091e69c83e59ca8e69cace585ace58fb8e99984e8bf91e88887e682a8e98193e588a52ce69c9fe5be85e4b88be6aca1e88887e682a8e5868de69c83e38082266c743b2f7370616e2667743b266c743b2f702667743b0d0a266c743b702667743b0d0a0926616d703b6e6273703b266c743b2f702667743b0d0a, '&lt;p&gt;\r\n	Monday&lt;/p&gt;\r\n', '', '', '', '', '', ''),
(89, 2, '2天-这网站还有问题多多 ', 0x266c743b68322667743b0d0a09266c743b7370616e207374796c653d2671756f743b666f6e742d73697a653a20313870782671756f743b2667743be7acace4b880e5a4a920e7b490e7b4842de8b2bbe59f8e266c743b2f7370616e2667743b266c743b2f68322667743b0d0a266c743b702667743b0d0a09266c743b7370616e207374796c653d2671756f743b666f6e742d73697a653a20313870782671756f743b2667743be88fafe79b9be9a0934443e6abbbe88ab1e79b9be9968b266c743b666f6e7420636f6c6f723d2671756f743b236461306230302671756f743b2667743b28342d312d32303133e887b330342d372d3230313329266c743b2f666f6e742667743b2ce585b6e4bb96e697a5e5ad90e79a84e88ab1e5be88e5b091e4ba862e2e2e266c743b6272202f2667743b0d0a09e8a18ce7a88be9968be5a78be698afe9809ae9818ee88db7e898ade99aa7e981932ce7b693e9818ee7b490e6bea4e8a5bfe5b79e2ce68ab5e98194e8b393e5a495e587a1e5b0bce4ba9ee5b79ee79a84e8b2bbe59f8e2ce98099e698afe585a9e799bee5b9b4e5898de7be8ee59c8be9a696e983bde79a84e68980e59ca8e59cb02ce7be8ee59c8be79a84e78da8e7ab8be5aea3e8a880e59ca8e6ada4e59cb0e7b0bde8a882e38082e682a8e5b087e69c83e79c8be588b0e69c80e697a9e69c9fe79a84e59c8be69c832ce78da8e7ab8be5aeae2ce887aae794b1e990982ce980a0e5b9a3e5bba0e38082202ae8ab8be9a090e8a882e5898de8a8bbe6848f2ce980a0e5b9a3e5bba0e6989fe69c9fe585ade5928ce6989fe69c9fe697a5e9979ce99680e3808220e4b8ade58d88e68891e58091e99ba2e9968be8b2bbe59f8e2ce7b693e5be97e68b89e793a6e5b79ee68ab5e98194e9a6ace588a9e898ade5b79ee79a84e5908de59f8ee5a0a1e59cb0e7a3a8e5b882e38082e8a9b2e5b882e782bae7be8ee59c8be59c8be6ad8ce79a84e799bce6ba90e59cb02ce78da8e7ab8be688b0e788ade79a84e9878de8a681e6b5b7e6b8af2ce58da0e7be8ee59c8be9968be59c8be58fb2e69c80e9878de8a681e79a84e4b880e9a081e38082266c743b6272202f2667743b0d0a09e68891e58091e588b0e4bc91e681afe7ab99e794a8e5ae8ce58d88e9a490e5be8c2ce69785e9818ae5b7b4e5a3abe7b9bce7ba8ce5898de5be80e7be8ee59c8be9a696e983bde88fafe79b9be9a093444320e588b0e98194e5a4aae7a9bae58d9ae789a9e9a4a8e38082e588b0e7a2bce9a0ade59d90e9818ae888b9e8a780e8b39ee7b8bde7b5b1e6a99fe5a0b42ce99bb7e6a0b9e59c8be99a9be6a99fe5a0b42ce990b5e5a194e5b0bce8999fe781bde99ba3e7b480e5bfb5e7a291e5928ce4ba94e8a792e5a4a7e5bb88e7ad89e38082e69e97e882afe7b480e5bfb5e5a0822ce8b68ae688b0e7b480e5bfb5e789862ce99f93e688b0e7b480e5bfb5e7a2912ce78da8e7ab8be5aea3e8a880e4b98be788b6e69db0e5bc97e9819ce7b480e5bfb52ce4b99fe7b693e9818ee88fafe79b9be9a093e7b480e5bfb5e7a291e5928ce5a082e6b0b4e99680e5a4a7e5bb88e7ad89e38082e6999ae4b88ae68891e58091e5b8b6e682a8e4b8ade59c8be9a490e9a4a8e59083e6999ae9a4902ce59ca8e4bb96e98489e59083e588b0e5aeb6e5b8b8e88f9c2ce982a3e58f88e698afe58fa6e4b880e795aae6bb8be591b3e3808220436f6d666f727420496e6e20e68896e5908ce7b49ae98592e5ba97e38082266c743b2f7370616e2667743b266c743b2f702667743b0d0a266c743b68322667743b0d0a09266c743b7370616e207374796c653d2671756f743b666f6e742d73697a653a20313870782671756f743b2667743be7acace4ba8ce5a4a920e88fafe79b9be9a09344432de7b490e7b484266c743b2f7370616e2667743b266c743b2f68322667743b0d0a266c743b702667743b0d0a09266c743b7370616e207374796c653d2671756f743b666f6e742d73697a653a20313870782671756f743b2667743be5be9ee98592e5ba97e587bae799bc2ce68891e58091e5b087e5b8b6e682a8e588b0e58291e4bd9be9819ce7b480e5bfb5e5a0822ce59c8be69c832ce799bde5aeaee38082e4b98be5be8ce99ba2e9968be88fafe79b9be9a093442e432e2ce4b8ade98094e68891e58091e69c83e782bae682a8e79a84e58d88e9a490e5819ce79599e4b880e6aeb5e69982e996932ce8bf94e59b9ee7b490e7b484e5b882e5908e2ce68891e58091e69c83e59ca8e69cace585ace58fb8e99984e8bf91e88887e682a8e98193e588a52ce69c9fe5be85e4b88be6aca1e88887e682a8e5868de69c83e38082266c743b2f7370616e2667743b266c743b2f702667743b0d0a266c743b702667743b0d0a0926616d703b6e6273703b266c743b2f702667743b0d0a, '&lt;p&gt;\r\n	星期一&lt;/p&gt;\r\n', '', '', '', '', '', '');

-- --------------------------------------------------------

--
-- Table structure for table `product_discount`
--

CREATE TABLE IF NOT EXISTS `product_discount` (
  `product_discount_id` int(11) NOT NULL AUTO_INCREMENT,
  `product_id` int(11) NOT NULL,
  `customer_group_id` int(11) NOT NULL,
  `quantity` int(4) NOT NULL DEFAULT '0',
  `priority` int(5) NOT NULL DEFAULT '1',
  `price` decimal(15,4) NOT NULL DEFAULT '0.0000',
  `date_start` date NOT NULL DEFAULT '0000-00-00',
  `date_end` date NOT NULL DEFAULT '0000-00-00',
  PRIMARY KEY (`product_discount_id`),
  KEY `product_id` (`product_id`)
) ENGINE=MyISAM  DEFAULT CHARSET=utf8 COLLATE=utf8_bin AUTO_INCREMENT=443 ;

--
-- Dumping data for table `product_discount`
--


-- --------------------------------------------------------

--
-- Table structure for table `product_image`
--

CREATE TABLE IF NOT EXISTS `product_image` (
  `product_image_id` int(11) NOT NULL AUTO_INCREMENT,
  `product_id` int(11) NOT NULL,
  `image` varchar(255) COLLATE utf8_bin DEFAULT NULL,
  PRIMARY KEY (`product_image_id`)
) ENGINE=MyISAM  DEFAULT CHARSET=utf8 COLLATE=utf8_bin AUTO_INCREMENT=3762 ;

--
-- Dumping data for table `product_image`
--

INSERT INTO `product_image` (`product_image_id`, `product_id`, `image`) VALUES
(3746, 66, 'data/DC.jpg'),
(3761, 72, 'data/LibertyCruise-3y.jpg'),
(3760, 72, 'data/Double Bus copy.jpg'),
(3753, 70, 'data/RubyFalls.jpg'),
(3752, 65, 'no_image.jpg'),
(3751, 65, 'data/Hawaii.jpg'),
(3759, 78, 'data/attractions/vocano-1.jpg'),
(3758, 78, 'data/Hawaii.jpg');

-- --------------------------------------------------------

--
-- Table structure for table `product_option`
--

CREATE TABLE IF NOT EXISTS `product_option` (
  `product_option_id` int(11) NOT NULL AUTO_INCREMENT,
  `product_id` int(11) NOT NULL,
  `option_id` int(11) NOT NULL,
  `option_value` text COLLATE utf8_bin NOT NULL,
  `required` int(1) NOT NULL,
  PRIMARY KEY (`product_option_id`)
) ENGINE=MyISAM  DEFAULT CHARSET=utf8 COLLATE=utf8_bin AUTO_INCREMENT=227 ;

--
-- Dumping data for table `product_option`
--


-- --------------------------------------------------------

--
-- Table structure for table `product_option_value`
--

CREATE TABLE IF NOT EXISTS `product_option_value` (
  `product_option_value_id` int(11) NOT NULL AUTO_INCREMENT,
  `product_option_id` int(11) NOT NULL,
  `product_id` int(11) NOT NULL,
  `option_id` int(11) NOT NULL,
  `option_value_id` int(11) NOT NULL,
  `quantity` int(3) NOT NULL,
  `subtract` int(1) NOT NULL,
  `price` decimal(15,4) NOT NULL,
  `price_prefix` varchar(1) COLLATE utf8_bin NOT NULL,
  `points` int(8) NOT NULL,
  `points_prefix` varchar(1) COLLATE utf8_bin NOT NULL,
  `weight` decimal(15,8) NOT NULL,
  `weight_prefix` varchar(1) COLLATE utf8_bin NOT NULL,
  PRIMARY KEY (`product_option_value_id`)
) ENGINE=MyISAM  DEFAULT CHARSET=utf8 COLLATE=utf8_bin AUTO_INCREMENT=15 ;

--
-- Dumping data for table `product_option_value`
--


-- --------------------------------------------------------

--
-- Table structure for table `product_price`
--

CREATE TABLE IF NOT EXISTS `product_price` (
  `product_price_id` int(11) NOT NULL AUTO_INCREMENT,
  `product_id` int(11) NOT NULL,
  `psingle` int(7) NOT NULL DEFAULT '0',
  `pdouble` int(7) NOT NULL DEFAULT '0',
  `ptriple` int(7) NOT NULL DEFAULT '0',
  `pquadruple` int(7) NOT NULL DEFAULT '0',
  `thirdchild` int(7) NOT NULL DEFAULT '0',
  `fourthchild` int(7) NOT NULL DEFAULT '0',
  `departdate` text NOT NULL,
  `ptype` int(1) NOT NULL DEFAULT '0',
  PRIMARY KEY (`product_price_id`),
  KEY `product_id` (`product_id`)
) ENGINE=MyISAM  DEFAULT CHARSET=utf8 AUTO_INCREMENT=1446 ;

--
-- Dumping data for table `product_price`
--

INSERT INTO `product_price` (`product_price_id`, `product_id`, `psingle`, `pdouble`, `ptriple`, `pquadruple`, `thirdchild`, `fourthchild`, `departdate`, `ptype`) VALUES
(1431, 65, 180, 100, 95, 95, 70, 70, '12/31/2012, 12/24/2012, 12/17/2012, 12/10/2012, 12/03/2012, 11/26/2012, 11/19/2012, 11/12/2012, 11/05/2012, 11/07/2012, 11/14/2012, 11/21/2012, 11/28/2012, 11/24/2012, 11/17/2012, 11/10/2012, 11/03/2012, 12/01/2012, 12/08/2012, 12/15/2012, 12/22/2012, 12/29/2012, 12/26/2012, 12/19/2012, 12/12/2012, 12/05/2012', 0),
(1444, 78, 10, 10, 10, 10, 10, 10, '05/01/2013, 05/02/2013, 05/03/2013, 05/04/2013, 05/05/2013, 05/06/2013, 05/07/2013, 05/08/2013, 05/09/2013, 05/10/2013, 05/11/2013, 05/12/2013, 05/13/2013, 05/14/2013, 05/15/2013, 05/16/2013, 05/17/2013, 05/18/2013, 05/19/2013, 05/20/2013, 05/21/2013, 05/22/2013, 05/23/2013, 05/24/2013, 05/26/2013, 05/27/2013, 05/28/2013, 05/29/2013, 05/30/2013, 05/31/2013, 05/25/2013', 0),
(1428, 66, 315, 135, 225, 225, 170, 170, '04/01/2013, 04/03/2013, 04/05/2013', 0),
(1433, 88, 0, 0, 0, 0, 0, 0, '', 0),
(1443, 89, 0, 0, 0, 0, 0, 0, '', 0),
(1434, 70, 295, 155, 265, 135, 95, 135, '11/29/2012', 0),
(1435, 84, 0, 0, 0, 0, 0, 0, '', 0),
(1436, 86, 100, 10, 0, 0, 0, 0, '07/01/2013, 07/02/2013, 07/03/2013, 07/04/2013, 07/05/2013, 07/06/2013, 07/07/2013, 07/08/2013, 07/09/2013, 07/10/2013, 07/11/2013, 07/12/2013, 07/13/2013, 07/14/2013, 07/15/2013, 07/16/2013, 07/17/2013, 07/18/2013, 07/19/2013, 07/20/2013', 0),
(1445, 72, 55, 55, 55, 55, 40, 40, '05/01/2013, 05/02/2013, 05/03/2013, 05/04/2013, 05/05/2013, 05/06/2013, 05/07/2013, 05/08/2013, 05/09/2013, 05/10/2013, 05/11/2013, 05/12/2013, 05/13/2013, 05/14/2013, 05/15/2013, 05/16/2013, 05/17/2013, 05/18/2013, 05/19/2013, 05/20/2013, 05/21/2013, 05/22/2013, 05/23/2013, 05/24/2013, 05/26/2013, 05/27/2013, 05/28/2013, 05/29/2013, 05/30/2013, 05/31/2013, 05/25/2013', 0);

-- --------------------------------------------------------

--
-- Table structure for table `product_related`
--

CREATE TABLE IF NOT EXISTS `product_related` (
  `product_id` int(11) NOT NULL,
  `related_id` int(11) NOT NULL,
  PRIMARY KEY (`product_id`,`related_id`)
) ENGINE=MyISAM DEFAULT CHARSET=utf8 COLLATE=utf8_bin;

--
-- Dumping data for table `product_related`
--


-- --------------------------------------------------------

--
-- Table structure for table `product_reward`
--

CREATE TABLE IF NOT EXISTS `product_reward` (
  `product_reward_id` int(11) NOT NULL AUTO_INCREMENT,
  `product_id` int(11) NOT NULL DEFAULT '0',
  `customer_group_id` int(11) NOT NULL DEFAULT '0',
  `points` int(8) NOT NULL DEFAULT '0',
  PRIMARY KEY (`product_reward_id`)
) ENGINE=MyISAM  DEFAULT CHARSET=utf8 COLLATE=utf8_bin AUTO_INCREMENT=2645 ;

--
-- Dumping data for table `product_reward`
--


-- --------------------------------------------------------

--
-- Table structure for table `product_special`
--

CREATE TABLE IF NOT EXISTS `product_special` (
  `product_special_id` int(11) NOT NULL AUTO_INCREMENT,
  `product_id` int(11) NOT NULL,
  `customer_group_id` int(11) NOT NULL,
  `priority` int(5) NOT NULL DEFAULT '1',
  `price` decimal(15,4) NOT NULL DEFAULT '0.0000',
  `date_start` date NOT NULL DEFAULT '0000-00-00',
  `date_end` date NOT NULL DEFAULT '0000-00-00',
  PRIMARY KEY (`product_special_id`),
  KEY `product_id` (`product_id`)
) ENGINE=MyISAM  DEFAULT CHARSET=utf8 COLLATE=utf8_bin AUTO_INCREMENT=420 ;

--
-- Dumping data for table `product_special`
--

INSERT INTO `product_special` (`product_special_id`, `product_id`, `customer_group_id`, `priority`, `price`, `date_start`, `date_end`) VALUES
(391, 50, 8, 1, 90.0000, '0000-00-00', '0000-00-00'),
(390, 50, 8, 1, 50.0000, '2010-02-01', '2010-02-28'),
(392, 51, 8, 1, 90.0000, '0000-00-00', '0000-00-00'),
(397, 52, 8, 1, 90.0000, '0000-00-00', '0000-00-00'),
(396, 52, 8, 1, 50.0000, '2010-02-01', '2010-02-28'),
(393, 53, 8, 1, 90.0000, '0000-00-00', '0000-00-00'),
(399, 54, 8, 1, 90.0000, '0000-00-00', '0000-00-00'),
(398, 54, 8, 1, 50.0000, '2010-02-01', '2010-02-28'),
(400, 55, 8, 1, 90.0000, '0000-00-00', '0000-00-00'),
(395, 56, 8, 1, 90.0000, '0000-00-00', '0000-00-00'),
(394, 56, 8, 1, 50.0000, '2010-02-01', '2010-02-28');

-- --------------------------------------------------------

--
-- Table structure for table `product_tag`
--

CREATE TABLE IF NOT EXISTS `product_tag` (
  `product_tag_id` int(11) NOT NULL AUTO_INCREMENT,
  `product_id` int(11) NOT NULL,
  `language_id` int(11) NOT NULL,
  `tag` varchar(32) COLLATE utf8_bin NOT NULL,
  PRIMARY KEY (`product_tag_id`)
) ENGINE=MyISAM  DEFAULT CHARSET=utf8 COLLATE=utf8_bin AUTO_INCREMENT=345 ;

--
-- Dumping data for table `product_tag`
--


-- --------------------------------------------------------

--
-- Table structure for table `product_to_attraction`
--

CREATE TABLE IF NOT EXISTS `product_to_attraction` (
  `product_id` int(11) NOT NULL,
  `category_id` int(11) NOT NULL,
  PRIMARY KEY (`product_id`,`category_id`)
) ENGINE=MyISAM DEFAULT CHARSET=utf8 COLLATE=utf8_bin;

--
-- Dumping data for table `product_to_attraction`
--


-- --------------------------------------------------------

--
-- Table structure for table `product_to_busstation`
--

CREATE TABLE IF NOT EXISTS `product_to_busstation` (
  `product_id` int(11) NOT NULL,
  `category_id` int(11) NOT NULL,
  PRIMARY KEY (`product_id`,`category_id`)
) ENGINE=MyISAM DEFAULT CHARSET=utf8 COLLATE=utf8_bin;

--
-- Dumping data for table `product_to_busstation`
--

INSERT INTO `product_to_busstation` (`product_id`, `category_id`) VALUES
(65, 11),
(65, 20),
(66, 8),
(66, 11),
(66, 16),
(70, 8),
(70, 10),
(70, 11),
(70, 16),
(72, 20),
(78, 22),
(84, 8),
(84, 11),
(86, 8),
(86, 11);

-- --------------------------------------------------------

--
-- Table structure for table `product_to_category`
--

CREATE TABLE IF NOT EXISTS `product_to_category` (
  `product_id` int(11) NOT NULL,
  `category_id` int(11) NOT NULL,
  PRIMARY KEY (`product_id`,`category_id`)
) ENGINE=MyISAM DEFAULT CHARSET=utf8 COLLATE=utf8_bin;

--
-- Dumping data for table `product_to_category`
--

INSERT INTO `product_to_category` (`product_id`, `category_id`) VALUES
(66, 116),
(66, 119),
(66, 122),
(66, 134),
(70, 116),
(70, 119),
(70, 122),
(70, 134),
(72, 133),
(78, 126),
(84, 116),
(84, 119),
(84, 122),
(84, 134),
(86, 116),
(86, 119),
(86, 134),
(89, 117),
(89, 130);

-- --------------------------------------------------------

--
-- Table structure for table `product_to_departcity`
--

CREATE TABLE IF NOT EXISTS `product_to_departcity` (
  `product_id` int(11) NOT NULL,
  `departcity_id` int(11) NOT NULL,
  PRIMARY KEY (`product_id`,`departcity_id`)
) ENGINE=MyISAM DEFAULT CHARSET=utf8 COLLATE=utf8_bin;

--
-- Dumping data for table `product_to_departcity`
--

INSERT INTO `product_to_departcity` (`product_id`, `departcity_id`) VALUES
(65, 76),
(66, 76),
(70, 76),
(71, 74),
(72, 74),
(73, 76),
(74, 76),
(75, 76),
(76, 76),
(77, 76),
(77, 113),
(78, 113),
(79, 76),
(80, 84),
(81, 76),
(83, 76),
(83, 84),
(84, 76),
(85, 76),
(86, 76),
(87, 76),
(89, 113);

-- --------------------------------------------------------

--
-- Table structure for table `product_to_destination`
--

CREATE TABLE IF NOT EXISTS `product_to_destination` (
  `product_id` int(11) NOT NULL,
  `destination_id` int(11) NOT NULL,
  PRIMARY KEY (`product_id`,`destination_id`)
) ENGINE=MyISAM DEFAULT CHARSET=utf8 COLLATE=utf8_bin;

--
-- Dumping data for table `product_to_destination`
--

INSERT INTO `product_to_destination` (`product_id`, `destination_id`) VALUES
(65, 76),
(66, 76),
(70, 76),
(70, 77),
(70, 80),
(70, 84),
(71, 103),
(72, 76),
(73, 76),
(74, 76),
(75, 104),
(76, 102),
(77, 88),
(78, 63),
(78, 104);

-- --------------------------------------------------------

--
-- Table structure for table `product_to_download`
--

CREATE TABLE IF NOT EXISTS `product_to_download` (
  `product_id` int(11) NOT NULL,
  `download_id` int(11) NOT NULL,
  PRIMARY KEY (`product_id`,`download_id`)
) ENGINE=MyISAM DEFAULT CHARSET=utf8 COLLATE=utf8_bin;

--
-- Dumping data for table `product_to_download`
--


-- --------------------------------------------------------

--
-- Table structure for table `product_to_layout`
--

CREATE TABLE IF NOT EXISTS `product_to_layout` (
  `product_id` int(11) NOT NULL,
  `store_id` int(11) NOT NULL,
  `layout_id` int(11) NOT NULL,
  PRIMARY KEY (`product_id`,`store_id`)
) ENGINE=MyISAM DEFAULT CHARSET=utf8 COLLATE=utf8_bin;

--
-- Dumping data for table `product_to_layout`
--


-- --------------------------------------------------------

--
-- Table structure for table `product_to_store`
--

CREATE TABLE IF NOT EXISTS `product_to_store` (
  `product_id` int(11) NOT NULL,
  `store_id` int(11) NOT NULL DEFAULT '0',
  PRIMARY KEY (`product_id`,`store_id`)
) ENGINE=MyISAM DEFAULT CHARSET=utf8 COLLATE=utf8_bin;

--
-- Dumping data for table `product_to_store`
--

INSERT INTO `product_to_store` (`product_id`, `store_id`) VALUES
(65, 0),
(66, 0),
(70, 0),
(72, 0),
(78, 0),
(84, 0),
(86, 0),
(88, 0),
(89, 0);

-- --------------------------------------------------------

--
-- Table structure for table `return`
--

CREATE TABLE IF NOT EXISTS `return` (
  `return_id` int(11) NOT NULL AUTO_INCREMENT,
  `order_id` int(11) NOT NULL,
  `date_ordered` date NOT NULL,
  `customer_id` int(11) NOT NULL,
  `firstname` varchar(32) COLLATE utf8_bin NOT NULL,
  `lastname` varchar(32) COLLATE utf8_bin NOT NULL,
  `email` varchar(96) COLLATE utf8_bin NOT NULL,
  `telephone` varchar(32) COLLATE utf8_bin NOT NULL,
  `return_status_id` int(11) NOT NULL,
  `comment` text COLLATE utf8_bin,
  `date_added` datetime NOT NULL,
  `date_modified` datetime NOT NULL,
  PRIMARY KEY (`return_id`)
) ENGINE=MyISAM DEFAULT CHARSET=utf8 COLLATE=utf8_bin AUTO_INCREMENT=1 ;

--
-- Dumping data for table `return`
--


-- --------------------------------------------------------

--
-- Table structure for table `return_action`
--

CREATE TABLE IF NOT EXISTS `return_action` (
  `return_action_id` int(11) NOT NULL AUTO_INCREMENT,
  `language_id` int(11) NOT NULL DEFAULT '0',
  `name` varchar(64) COLLATE utf8_bin NOT NULL DEFAULT '',
  PRIMARY KEY (`return_action_id`,`language_id`)
) ENGINE=MyISAM  DEFAULT CHARSET=utf8 COLLATE=utf8_bin AUTO_INCREMENT=4 ;

--
-- Dumping data for table `return_action`
--

INSERT INTO `return_action` (`return_action_id`, `language_id`, `name`) VALUES
(1, 1, 'Refunded'),
(2, 1, 'Credit Issued'),
(3, 1, 'Replacement Sent'),
(1, 2, 'Refunded'),
(2, 2, 'Credit Issued'),
(3, 2, 'Replacement Sent');

-- --------------------------------------------------------

--
-- Table structure for table `return_history`
--

CREATE TABLE IF NOT EXISTS `return_history` (
  `return_history_id` int(11) NOT NULL AUTO_INCREMENT,
  `return_id` int(11) NOT NULL,
  `return_status_id` int(11) NOT NULL,
  `notify` int(1) NOT NULL,
  `comment` text COLLATE utf8_bin NOT NULL,
  `date_added` datetime NOT NULL,
  PRIMARY KEY (`return_history_id`)
) ENGINE=MyISAM DEFAULT CHARSET=utf8 COLLATE=utf8_bin AUTO_INCREMENT=1 ;

--
-- Dumping data for table `return_history`
--


-- --------------------------------------------------------

--
-- Table structure for table `return_product`
--

CREATE TABLE IF NOT EXISTS `return_product` (
  `return_product_id` int(11) NOT NULL AUTO_INCREMENT,
  `return_id` int(11) NOT NULL,
  `product_id` int(11) NOT NULL,
  `name` varchar(255) COLLATE utf8_bin NOT NULL,
  `model` varchar(64) COLLATE utf8_bin NOT NULL,
  `quantity` int(4) NOT NULL,
  `return_reason_id` int(11) NOT NULL,
  `opened` int(1) NOT NULL,
  `comment` text COLLATE utf8_bin NOT NULL,
  `return_action_id` int(11) NOT NULL,
  PRIMARY KEY (`return_product_id`)
) ENGINE=MyISAM DEFAULT CHARSET=utf8 COLLATE=utf8_bin AUTO_INCREMENT=1 ;

--
-- Dumping data for table `return_product`
--


-- --------------------------------------------------------

--
-- Table structure for table `return_reason`
--

CREATE TABLE IF NOT EXISTS `return_reason` (
  `return_reason_id` int(11) NOT NULL AUTO_INCREMENT,
  `language_id` int(11) NOT NULL DEFAULT '0',
  `name` varchar(128) COLLATE utf8_bin NOT NULL DEFAULT '',
  PRIMARY KEY (`return_reason_id`,`language_id`)
) ENGINE=MyISAM  DEFAULT CHARSET=utf8 COLLATE=utf8_bin AUTO_INCREMENT=6 ;

--
-- Dumping data for table `return_reason`
--

INSERT INTO `return_reason` (`return_reason_id`, `language_id`, `name`) VALUES
(1, 1, 'Dead On Arrival'),
(2, 1, 'Received Wrong Item'),
(3, 1, 'Order Error'),
(4, 1, 'Faulty, please supply details'),
(5, 1, 'Other, please supply details'),
(1, 2, 'Dead On Arrival'),
(2, 2, 'Received Wrong Item'),
(3, 2, 'Order Error'),
(4, 2, 'Faulty, please supply details'),
(5, 2, 'Other, please supply details');

-- --------------------------------------------------------

--
-- Table structure for table `return_status`
--

CREATE TABLE IF NOT EXISTS `return_status` (
  `return_status_id` int(11) NOT NULL AUTO_INCREMENT,
  `language_id` int(11) NOT NULL DEFAULT '0',
  `name` varchar(32) COLLATE utf8_bin NOT NULL DEFAULT '',
  PRIMARY KEY (`return_status_id`,`language_id`)
) ENGINE=MyISAM  DEFAULT CHARSET=utf8 COLLATE=utf8_bin AUTO_INCREMENT=4 ;

--
-- Dumping data for table `return_status`
--

INSERT INTO `return_status` (`return_status_id`, `language_id`, `name`) VALUES
(1, 1, 'Pending'),
(3, 1, 'Complete'),
(2, 1, 'Awaiting Products'),
(1, 2, 'Pending'),
(3, 2, 'Complete'),
(2, 2, 'Awaiting Products');

-- --------------------------------------------------------

--
-- Table structure for table `review`
--

CREATE TABLE IF NOT EXISTS `review` (
  `review_id` int(11) NOT NULL AUTO_INCREMENT,
  `language` varchar(10) COLLATE utf8_bin DEFAULT NULL,
  `product_id` int(11) NOT NULL,
  `customer_id` int(11) NOT NULL,
  `author` varchar(64) COLLATE utf8_bin NOT NULL DEFAULT '',
  `text` text COLLATE utf8_bin NOT NULL,
  `rating` int(1) NOT NULL,
  `status` int(1) NOT NULL DEFAULT '0',
  `date_added` datetime NOT NULL DEFAULT '0000-00-00 00:00:00',
  `date_modified` datetime NOT NULL DEFAULT '0000-00-00 00:00:00',
  PRIMARY KEY (`review_id`),
  KEY `product_id` (`product_id`)
) ENGINE=MyISAM  DEFAULT CHARSET=utf8 COLLATE=utf8_bin AUTO_INCREMENT=8 ;

--
-- Dumping data for table `review`
--

INSERT INTO `review` (`review_id`, `language`, `product_id`, `customer_id`, `author`, `text`, `rating`, `status`, `date_added`, `date_modified`) VALUES
(1, 'en', 65, 0, 'Johny Lio', 0x416d617a696e67204368696e657365205472697021, 4, 1, '2012-04-18 19:29:28', '0000-00-00 00:00:00'),
(2, 'en', 0, 0, '', '', 0, 1, '2012-04-08 01:26:11', '0000-00-00 00:00:00'),
(4, 'en', 72, 0, 'Tony', 0x31302d31362d32303132205468697320776173207468652066697273742074696d65207765206576657220746f6f6b206120746f757220616e64206974207774656c79202e2e2e, 5, 1, '2012-10-16 21:37:24', '0000-00-00 00:00:00'),
(5, 'en', 70, 0, 'flower', 0x31302d31362d3230313220457863656c6c656e742072656c6174696f6e20636f73742f62656e656669742e205665727920676f6f6420736572766963652e2049207265636f6d6d656e642e, 5, 1, '2012-10-16 21:37:52', '0000-00-00 00:00:00');

-- --------------------------------------------------------

--
-- Table structure for table `setting`
--

CREATE TABLE IF NOT EXISTS `setting` (
  `setting_id` int(11) NOT NULL AUTO_INCREMENT,
  `store_id` int(11) NOT NULL DEFAULT '0',
  `group` varchar(32) COLLATE utf8_bin NOT NULL,
  `key` varchar(64) COLLATE utf8_bin NOT NULL DEFAULT '',
  `value` text COLLATE utf8_bin NOT NULL,
  PRIMARY KEY (`setting_id`)
) ENGINE=MyISAM  DEFAULT CHARSET=utf8 COLLATE=utf8_bin AUTO_INCREMENT=33313 ;

--
-- Dumping data for table `setting`
--

INSERT INTO `setting` (`setting_id`, `store_id`, `group`, `key`, `value`) VALUES
(9457, 0, 'shipping', 'shipping_sort_order', 0x33),
(28064, 0, 'cod', 'cod_sort_order', 0x35),
(3453, 0, 'sub_total', 'sub_total_sort_order', 0x31),
(28063, 0, 'cod', 'cod_status', 0x30),
(3452, 0, 'sub_total', 'sub_total_status', 0x31),
(28062, 0, 'cod', 'cod_geo_zone_id', 0x30),
(272, 0, 'tax', 'tax_status', 0x31),
(16013, 0, 'total', 'total_sort_order', 0x39),
(16012, 0, 'total', 'total_status', 0x31),
(273, 0, 'tax', 'tax_sort_order', 0x35),
(26217, 0, 'ups', 'ups_weight_class', 0x6c62),
(26216, 0, 'ups', 'ups_weight_code', 0x6c6273),
(23933, 0, 'manufacturer', 'manufacturer_0_sort_order', 0x34),
(3709, 0, 'citylink', 'citylink_geo_zone_id', 0x30),
(3708, 0, 'citylink', 'citylink_tax_class_id', 0x30),
(26215, 0, 'ups', 'ups_display_weight', 0x30),
(19411, 0, 'free_checkout', 'free_checkout_sort_order', 0x31),
(28061, 0, 'cod', 'cod_order_status_id', 0x31),
(28060, 0, 'cod', 'cod_total', 0x30),
(26214, 0, 'ups', 'ups_insurance', 0x30),
(26213, 0, 'ups', 'ups_us_03', 0x31),
(9456, 0, 'shipping', 'shipping_status', 0x31),
(9455, 0, 'shipping', 'shipping_estimator', 0x31),
(27852, 0, 'pp_standard', 'pp_standard_reversed_status_id', 0x3132),
(17343, 0, 'google_base', 'google_base_status', 0x31),
(23931, 0, 'manufacturer', 'manufacturer_0_position', 0x636f6e74656e745f746f70),
(26361, 0, 'information', 'information_0_sort_order', 0x32),
(27851, 0, 'pp_standard', 'pp_standard_refunded_status_id', 0x3131),
(23932, 0, 'manufacturer', 'manufacturer_0_status', 0x30),
(23929, 0, 'manufacturer', 'manufacturer_0_axis', 0x686f72697a6f6e74616c),
(23930, 0, 'manufacturer', 'manufacturer_0_layout_id', 0x31),
(26360, 0, 'information', 'information_0_status', 0x30),
(23566, 0, 'google_talk', 'google_talk_code', 0x676f),
(23928, 0, 'manufacturer', 'manufacturer_0_image_height', 0x31),
(27850, 0, 'pp_standard', 'pp_standard_processed_status_id', 0x3135),
(23926, 0, 'manufacturer', 'manufacturer_0_height', 0x31),
(13801, 0, 'coupon', 'coupon_sort_order', 0x34),
(13800, 0, 'coupon', 'coupon_status', 0x31),
(25771, 0, 'affiliate', 'affiliate_1_position', 0x636f6e74656e745f746f70),
(19508, 0, 'flat', 'flat_sort_order', 0x31),
(19507, 0, 'flat', 'flat_status', 0x31),
(19506, 0, 'flat', 'flat_geo_zone_id', 0x30),
(19505, 0, 'flat', 'flat_tax_class_id', 0x39),
(26212, 0, 'ups', 'ups_us_02', 0x31),
(26211, 0, 'ups', 'ups_quote_type', 0x7265736964656e7469616c),
(26378, 0, 'whybook', 'whybook_3_sort_order', 0x32),
(26377, 0, 'whybook', 'whybook_3_status', 0x31),
(26376, 0, 'whybook', 'whybook_3_position', 0x636f6c756d6e5f6c656674),
(25770, 0, 'affiliate', 'affiliate_1_layout_id', 0x36),
(25824, 0, 'special', 'special_module', 0x302c31),
(26350, 0, 'search', 'search_4_position', 0x636f6c756d6e5f6c656674),
(19504, 0, 'flat', 'flat_cost', 0x352e3030),
(9444, 0, 'credit', 'credit_sort_order', 0x37),
(9443, 0, 'credit', 'credit_status', 0x31),
(25823, 0, 'special', 'special_1_sort_order', 0x2034),
(25590, 0, 'welcome', 'welcome_module', 0x31),
(26359, 0, 'information', 'information_0_position', 0x636f6c756d6e5f7269676874),
(18432, 0, 'reward', 'reward_sort_order', 0x32),
(18431, 0, 'reward', 'reward_status', 0x31),
(23570, 0, 'google_talk', 'google_talk_0_sort_order', ''),
(23569, 0, 'google_talk', 'google_talk_0_status', 0x30),
(25769, 0, 'affiliate', 'affiliate_0_sort_order', 0x33),
(23925, 0, 'manufacturer', 'manufacturer_0_width', 0x31),
(25822, 0, 'special', 'special_1_status', 0x30),
(25780, 0, 'bestseller', 'bestseller_0_status', 0x30),
(26219, 0, 'ups', 'ups_length_class', 0x696e),
(26307, 0, 'account', 'account_module', 0x302c31),
(26218, 0, 'ups', 'ups_length_code', 0x494e),
(30530, 0, 'authorizenet_aim', 'authorizenet_aim_login', 0x3936477132574b7155),
(23886, 0, 'store', 'store_module', 0x30),
(23885, 0, 'store', 'store_0_sort_order', 0x32),
(23884, 0, 'store', 'store_0_status', 0x30),
(23883, 0, 'store', 'store_0_position', 0x636f6c756d6e5f6c656674),
(23058, 0, 'slideshow', 'slideshow_0_status', 0x31),
(23059, 0, 'slideshow', 'slideshow_0_sort_order', ''),
(23057, 0, 'slideshow', 'slideshow_0_position', 0x636f6e74656e745f746f70),
(26306, 0, 'account', 'account_1_sort_order', 0x32),
(16017, 0, 'voucher', 'voucher_sort_order', 0x38),
(16016, 0, 'voucher', 'voucher_status', 0x31),
(26295, 0, 'banner', 'banner_0_position', 0x636f6c756d6e5f6c656674),
(19410, 0, 'free_checkout', 'free_checkout_status', 0x31),
(19409, 0, 'free_checkout', 'free_checkout_order_status_id', 0x31),
(27849, 0, 'pp_standard', 'pp_standard_pending_status_id', 0x31),
(27848, 0, 'pp_standard', 'pp_standard_failed_status_id', 0x3130),
(27847, 0, 'pp_standard', 'pp_standard_expired_status_id', 0x3134),
(27846, 0, 'pp_standard', 'pp_standard_denied_status_id', 0x38),
(27845, 0, 'pp_standard', 'pp_standard_completed_status_id', 0x35),
(27844, 0, 'pp_standard', 'pp_standard_canceled_reversal_status_id', 0x37),
(27843, 0, 'pp_standard', 'pp_standard_total', 0x31302e),
(27842, 0, 'pp_standard', 'pp_standard_debug', 0x31),
(27841, 0, 'pp_standard', 'pp_standard_transaction', 0x31),
(27840, 0, 'pp_standard', 'pp_standard_test', 0x30),
(27839, 0, 'pp_standard', 'pp_standard_pdt_token', ''),
(26210, 0, 'ups', 'ups_test', 0x30),
(26209, 0, 'ups', 'ups_postcode', 0x3934313033),
(26208, 0, 'ups', 'ups_country', 0x556e6974656420537461746573),
(26207, 0, 'ups', 'ups_state', 0x43616c69666f726e6961),
(26206, 0, 'ups', 'ups_city', 0x53616e204672616e636973636f),
(26205, 0, 'ups', 'ups_origin', 0x5553),
(26204, 0, 'ups', 'ups_classification', 0x3031),
(26203, 0, 'ups', 'ups_packaging', 0x3032),
(26202, 0, 'ups', 'ups_pickup', 0x3031),
(26201, 0, 'ups', 'ups_password', 0x323334323432),
(26200, 0, 'ups', 'ups_username', 0x6563616576),
(26199, 0, 'ups', 'ups_key', 0x666166656166),
(26294, 0, 'banner', 'banner_0_layout_id', 0x3131),
(23568, 0, 'google_talk', 'google_talk_0_position', 0x636f6e74656e745f746f70),
(23567, 0, 'google_talk', 'google_talk_0_layout_id', 0x36),
(26293, 0, 'banner', 'banner_0_height', 0x323030),
(26292, 0, 'banner', 'banner_0_width', 0x313830),
(26291, 0, 'banner', 'banner_0_banner_id', 0x38),
(23927, 0, 'manufacturer', 'manufacturer_0_image_width', 0x31),
(25589, 0, 'welcome', 'welcome_1_sort_order', 0x31),
(26349, 0, 'search', 'search_4_layout_id', 0x3134),
(26348, 0, 'search', 'search_3_sort_order', 0x31),
(27838, 0, 'pp_standard', 'pp_standard_email', 0x6d616e6b656d706f6f6e407961686f6f2e636f6d),
(25768, 0, 'affiliate', 'affiliate_0_status', 0x30),
(25926, 0, 'latest', 'latest_module', 0x30),
(25925, 0, 'latest', 'latest_0_sort_order', 0x35),
(25924, 0, 'latest', 'latest_0_status', 0x30),
(25923, 0, 'latest', 'latest_0_position', 0x636f6e74656e745f626f74746f6d),
(25922, 0, 'latest', 'latest_0_layout_id', 0x32),
(26305, 0, 'account', 'account_1_status', 0x30),
(25767, 0, 'affiliate', 'affiliate_0_position', 0x636f6e74656e745f626f74746f6d),
(23056, 0, 'slideshow', 'slideshow_0_layout_id', 0x31),
(23055, 0, 'slideshow', 'slideshow_0_height', 0x323830),
(23054, 0, 'slideshow', 'slideshow_0_width', 0x393830),
(23060, 0, 'slideshow', 'slideshow_1_width', 0x393830),
(23061, 0, 'slideshow', 'slideshow_1_height', 0x323830),
(23062, 0, 'slideshow', 'slideshow_1_layout_id', 0x31),
(23063, 0, 'slideshow', 'slideshow_1_position', 0x636f6e74656e745f626f74746f6d),
(23064, 0, 'slideshow', 'slideshow_1_status', 0x31),
(23065, 0, 'slideshow', 'slideshow_1_sort_order', ''),
(23066, 0, 'slideshow', 'slideshow_module', 0x302c31),
(25821, 0, 'special', 'special_1_position', 0x636f6c756d6e5f6c656674),
(25820, 0, 'special', 'special_1_layout_id', 0x33),
(25819, 0, 'special', 'special_1_image_height', 0x3830),
(25818, 0, 'special', 'special_1_image_width', 0x3830),
(25817, 0, 'special', 'special_1_limit', 0x35),
(25816, 0, 'special', 'special_0_sort_order', 0x34),
(25779, 0, 'bestseller', 'bestseller_0_position', 0x636f6c756d6e5f7269676874),
(25778, 0, 'bestseller', 'bestseller_0_layout_id', 0x32),
(25777, 0, 'bestseller', 'bestseller_0_image_height', 0x313030),
(25921, 0, 'latest', 'latest_0_image_height', 0x313030),
(25920, 0, 'latest', 'latest_0_image_width', 0x313730),
(23882, 0, 'store', 'store_0_layout_id', 0x31),
(23881, 0, 'store', 'store_admin', 0x30),
(26347, 0, 'search', 'search_3_status', 0x31),
(26346, 0, 'search', 'search_3_position', 0x636f6c756d6e5f6c656674),
(23924, 0, 'manufacturer', 'manufacturer_0_scroll', 0x33),
(23923, 0, 'manufacturer', 'manufacturer_0_limit', 0x35),
(25776, 0, 'bestseller', 'bestseller_0_image_width', 0x313730),
(26304, 0, 'account', 'account_1_position', 0x636f6e74656e745f746f70),
(26302, 0, 'account', 'account_0_sort_order', 0x31),
(26303, 0, 'account', 'account_1_layout_id', 0x36),
(26345, 0, 'search', 'search_3_layout_id', 0x3131),
(26344, 0, 'search', 'search_2_sort_order', 0x32),
(25972, 0, 'category', 'category_module', 0x302c31),
(26301, 0, 'account', 'account_0_status', 0x30),
(26329, 0, 'featured', 'featured_0_position', 0x636f6c756d6e5f6c656674),
(26328, 0, 'featured', 'featured_0_layout_id', 0x36),
(23571, 0, 'google_talk', 'google_talk_module', 0x30),
(25919, 0, 'latest', 'latest_0_limit', 0x36),
(26327, 0, 'featured', 'featured_0_image_height', 0x3830),
(25775, 0, 'bestseller', 'bestseller_0_limit', 0x36),
(25815, 0, 'special', 'special_0_status', 0x30),
(25814, 0, 'special', 'special_0_position', 0x636f6e74656e745f626f74746f6d),
(25813, 0, 'special', 'special_0_layout_id', 0x32),
(25812, 0, 'special', 'special_0_image_height', 0x313030),
(25811, 0, 'special', 'special_0_image_width', 0x313730),
(25810, 0, 'special', 'special_0_limit', 0x35),
(25766, 0, 'affiliate', 'affiliate_0_layout_id', 0x31),
(26343, 0, 'search', 'search_2_status', 0x31),
(25970, 0, 'category', 'category_1_status', 0x30),
(25971, 0, 'category', 'category_1_sort_order', 0x33),
(25969, 0, 'category', 'category_1_position', 0x636f6c756d6e5f6c656674),
(25964, 0, 'category', 'category_0_layout_id', 0x33),
(23888, 0, 'google_sitemap', 'google_sitemap_status', 0x30),
(23934, 0, 'manufacturer', 'manufacturer_module', 0x30),
(25588, 0, 'welcome', 'welcome_1_status', 0x31),
(25587, 0, 'welcome', 'welcome_1_position', 0x636f6e74656e745f626f74746f6d),
(25586, 0, 'welcome', 'welcome_1_layout_id', 0x38),
(25585, 0, 'welcome', 'welcome_1_description_2', 0x266c743b702667743b0d0a09e6aca2e8bf8ee58aa0e585a5e7be8ee59bbde69785e6b8b8e7bd91e79a84e4bc9ae59198e38082266c743b2f702667743b0d0a),
(33312, 0, 'config', 'config_google_analytics', ''),
(33311, 0, 'config', 'config_error_filename', 0x6572726f722e747874),
(33310, 0, 'config', 'config_error_log', 0x31),
(33309, 0, 'config', 'config_error_display', 0x30),
(33306, 0, 'config', 'config_maintenance', 0x30),
(33307, 0, 'config', 'config_encryption', 0x38303033383033323139),
(26358, 0, 'information', 'information_0_layout_id', 0x36),
(25584, 0, 'welcome', 'welcome_1_description_1', 0x266c743b702667743b0d0a0957656c636f6d65206a6f696e696e67205553413446756e2e636f6d266c743b2f702667743b0d0a),
(26375, 0, 'whybook', 'whybook_3_layout_id', 0x3134),
(26374, 0, 'whybook', 'whybook_2_sort_order', 0x33),
(25968, 0, 'category', 'category_1_layout_id', 0x32),
(25966, 0, 'category', 'category_0_status', 0x31),
(25967, 0, 'category', 'category_0_sort_order', 0x32),
(26342, 0, 'search', 'search_2_position', 0x636f6c756d6e5f6c656674),
(26341, 0, 'search', 'search_2_layout_id', 0x33),
(26340, 0, 'search', 'search_1_sort_order', 0x33),
(26339, 0, 'search', 'search_1_status', 0x30),
(26299, 0, 'account', 'account_0_layout_id', 0x31),
(25772, 0, 'affiliate', 'affiliate_1_status', 0x30),
(25773, 0, 'affiliate', 'affiliate_1_sort_order', 0x32),
(25774, 0, 'affiliate', 'affiliate_module', 0x302c31),
(25781, 0, 'bestseller', 'bestseller_0_sort_order', 0x33),
(25782, 0, 'bestseller', 'bestseller_module', 0x30),
(26326, 0, 'featured', 'featured_0_image_width', 0x3830),
(26325, 0, 'featured', 'featured_product', ''),
(26324, 0, 'featured', 'product', ''),
(26338, 0, 'search', 'search_1_position', 0x636f6c756d6e5f6c656674),
(25965, 0, 'category', 'category_0_position', 0x636f6c756d6e5f6c656674),
(26337, 0, 'search', 'search_1_layout_id', 0x32),
(26373, 0, 'whybook', 'whybook_2_status', 0x31),
(26372, 0, 'whybook', 'whybook_2_position', 0x636f6c756d6e5f6c656674),
(26371, 0, 'whybook', 'whybook_2_layout_id', 0x33),
(26370, 0, 'whybook', 'whybook_1_sort_order', 0x33),
(26369, 0, 'whybook', 'whybook_1_status', 0x30),
(26336, 0, 'search', 'search_0_sort_order', 0x32),
(26368, 0, 'whybook', 'whybook_1_position', 0x636f6c756d6e5f6c656674),
(26367, 0, 'whybook', 'whybook_1_layout_id', 0x32),
(26335, 0, 'search', 'search_0_status', 0x31),
(26334, 0, 'search', 'search_0_position', 0x636f6c756d6e5f7269676874),
(26366, 0, 'whybook', 'whybook_0_sort_order', 0x33),
(26365, 0, 'whybook', 'whybook_0_status', 0x31),
(26364, 0, 'whybook', 'whybook_0_position', 0x636f6c756d6e5f6c656674),
(26363, 0, 'whybook', 'whybook_0_layout_id', 0x3131),
(30539, 0, 'authorizenet_aim', 'authorizenet_aim_status', 0x31),
(30538, 0, 'authorizenet_aim', 'authorizenet_aim_geo_zone_id', 0x30),
(30537, 0, 'authorizenet_aim', 'authorizenet_aim_order_status_id', 0x31),
(30536, 0, 'authorizenet_aim', 'authorizenet_aim_total', ''),
(30535, 0, 'authorizenet_aim', 'authorizenet_aim_method', 0x617574686f72697a6174696f6e),
(30534, 0, 'authorizenet_aim', 'authorizenet_aim_mode', 0x74657374),
(30531, 0, 'authorizenet_aim', 'authorizenet_aim_key', 0x35573357473278663474365834386468),
(30533, 0, 'authorizenet_aim', 'authorizenet_aim_server', 0x6c697665),
(26220, 0, 'ups', 'ups_length', ''),
(26221, 0, 'ups', 'ups_width', ''),
(26222, 0, 'ups', 'ups_height', ''),
(26223, 0, 'ups', 'ups_tax_class_id', 0x30),
(26224, 0, 'ups', 'ups_geo_zone_id', 0x30),
(26225, 0, 'ups', 'ups_status', 0x30),
(26226, 0, 'ups', 'ups_sort_order', ''),
(26300, 0, 'account', 'account_0_position', 0x636f6c756d6e5f6c656674),
(26333, 0, 'search', 'search_0_layout_id', 0x31),
(26296, 0, 'banner', 'banner_0_status', 0x30),
(26297, 0, 'banner', 'banner_0_sort_order', 0x32),
(26298, 0, 'banner', 'banner_module', 0x30),
(33308, 0, 'config', 'config_compression', 0x30),
(33302, 0, 'config', 'config_account_mail', 0x31),
(33303, 0, 'config', 'config_alert_emails', 0x6d616e6b656d706f6f6e407961686f6f2e636f6d3b0d0a73657276696365407573613466756e2e636f6d3b0d0a6e7963706f6f6e407961686f6f2e636f6d),
(26330, 0, 'featured', 'featured_0_status', 0x30),
(26331, 0, 'featured', 'featured_0_sort_order', 0x36),
(26332, 0, 'featured', 'featured_module', 0x30),
(26351, 0, 'search', 'search_4_status', 0x31),
(26352, 0, 'search', 'search_4_sort_order', 0x31),
(26353, 0, 'search', 'search_5_layout_id', 0x36),
(26354, 0, 'search', 'search_5_position', 0x636f6c756d6e5f6c656674),
(26355, 0, 'search', 'search_5_status', 0x31),
(26356, 0, 'search', 'search_5_sort_order', 0x31),
(26357, 0, 'search', 'search_module', 0x302c312c322c332c342c35),
(26362, 0, 'information', 'information_module', 0x30),
(26379, 0, 'whybook', 'whybook_4_layout_id', 0x36),
(26380, 0, 'whybook', 'whybook_4_position', 0x636f6c756d6e5f6c656674),
(26381, 0, 'whybook', 'whybook_4_status', 0x31),
(26382, 0, 'whybook', 'whybook_4_sort_order', 0x32),
(26383, 0, 'whybook', 'whybook_module', 0x302c312c322c332c34),
(30540, 0, 'authorizenet_aim', 'authorizenet_aim_sort_order', 0x31),
(30532, 0, 'authorizenet_aim', 'authorizenet_aim_hash', 0x7573613466756e),
(33305, 0, 'config', 'config_seo_url', 0x30),
(33304, 0, 'config', 'config_use_ssl', 0x31),
(33300, 0, 'config', 'config_smtp_timeout', 0x3230),
(33301, 0, 'config', 'config_alert_mail', 0x31),
(33299, 0, 'config', 'config_smtp_port', 0x3235),
(33298, 0, 'config', 'config_smtp_host', 0x72656c61792d686f7374696e672e7365637572657365727665722e6e6574),
(33293, 0, 'config', 'config_image_wishlist_width', 0x3530),
(27853, 0, 'pp_standard', 'pp_standard_voided_status_id', 0x3136),
(27854, 0, 'pp_standard', 'pp_standard_geo_zone_id', 0x30),
(27855, 0, 'pp_standard', 'pp_standard_status', 0x31),
(27856, 0, 'pp_standard', 'pp_standard_sort_order', 0x31),
(33297, 0, 'config', 'config_mail_protocol', 0x6d61696c),
(33296, 0, 'config', 'config_image_cart_height', 0x3830),
(33295, 0, 'config', 'config_image_cart_width', 0x3830),
(33294, 0, 'config', 'config_image_wishlist_height', 0x3530),
(33292, 0, 'config', 'config_image_compare_height', 0x3930),
(33291, 0, 'config', 'config_image_compare_width', 0x3930),
(33290, 0, 'config', 'config_image_related_height', 0x3830),
(33289, 0, 'config', 'config_image_related_width', 0x3830),
(33288, 0, 'config', 'config_image_additional_height', 0x3736),
(33287, 0, 'config', 'config_image_additional_width', 0x313031),
(33286, 0, 'config', 'config_image_manufacturer_height', 0x3830),
(33285, 0, 'config', 'config_image_manufacturer_width', 0x3830),
(33284, 0, 'config', 'config_image_category_height', 0x313035),
(33283, 0, 'config', 'config_image_category_width', 0x313430),
(33282, 0, 'config', 'config_image_product_height', 0x313035),
(33281, 0, 'config', 'config_image_product_width', 0x313430),
(33280, 0, 'config', 'config_image_popup_height', 0x353030),
(33279, 0, 'config', 'config_image_popup_width', 0x353030),
(33278, 0, 'config', 'config_image_thumb_height', 0x323239),
(33276, 0, 'config', 'config_icon', 0x646174612f636172742e706e67),
(33277, 0, 'config', 'config_image_thumb_width', 0x333035),
(33274, 0, 'config', 'config_cart_weight', 0x30),
(33275, 0, 'config', 'config_logo', 0x646174612f6c6f676f5f636e202831292e706e67),
(33272, 0, 'config', 'config_download', 0x31),
(33273, 0, 'config', 'config_upload_allowed', 0x6a70672c204a50472c206a7065672c206769662c20706e672c20747874),
(33271, 0, 'config', 'config_review_status', 0x31),
(33270, 0, 'config', 'config_return_status_id', 0x32),
(33269, 0, 'config', 'config_complete_status_id', 0x35),
(33268, 0, 'config', 'config_order_status_id', 0x31),
(33267, 0, 'config', 'config_stock_status_id', 0x36),
(33266, 0, 'config', 'config_stock_checkout', 0x30),
(33265, 0, 'config', 'config_stock_warning', 0x30),
(33264, 0, 'config', 'config_stock_display', 0x30),
(33263, 0, 'config', 'config_commission', 0x3130),
(33262, 0, 'config', 'config_affiliate_id', 0x34),
(33261, 0, 'config', 'config_checkout_id', 0x35),
(33260, 0, 'config', 'config_account_id', 0x33),
(33259, 0, 'config', 'config_guest_checkout', 0x31),
(33258, 0, 'config', 'config_customer_approval', 0x30),
(33257, 0, 'config', 'config_customer_price', 0x30),
(33256, 0, 'config', 'config_customer_group_id', 0x38),
(33255, 0, 'config', 'config_invoice_prefix', 0x494e562d3230313230),
(33254, 0, 'config', 'config_tax', 0x30),
(33253, 0, 'config', 'config_admin_limit', 0x3230),
(33252, 0, 'config', 'config_catalog_limit', 0x3135),
(33251, 0, 'config', 'config_weight_class', 0x6c62),
(33250, 0, 'config', 'config_length_class', 0x696e),
(33249, 0, 'config', 'config_currency_auto', 0x30),
(33248, 0, 'config', 'config_currency', 0x555344),
(33247, 0, 'config', 'config_admin_language', 0x656e),
(33246, 0, 'config', 'config_language', 0x636e),
(33245, 0, 'config', 'config_zone_id', 0x33363535),
(33244, 0, 'config', 'config_country_id', 0x323233),
(33243, 0, 'config', 'config_layout_id', 0x34),
(33241, 0, 'config', 'config_meta_description', 0x4d792053746f7265),
(33242, 0, 'config', 'config_template', 0x7573746f7572),
(33240, 0, 'config', 'config_title', 0x5553413446554e),
(33239, 0, 'config', 'buscharter_banner', 0x646174612f62616e6e65722f626e5f6275732e6a7067),
(33238, 0, 'config', 'airticket_banner', 0x646174612f62616e6e65722f626e5f6169727469636b65742e6a7067),
(33237, 0, 'config', 'cruise_banner', 0x646174612f62616e6e65722f693335385f6372756973652d73686970732d72796e64616d2e6a7067),
(33236, 0, 'config', 'config_time_url', 0x687474703a2f2f7777772e74696d65616e64646174652e636f6d2f776f726c64636c6f636b2f),
(33235, 0, 'config', 'config_traffic_url', 0x687474703a2f2f7777772e6d617071756573742e636f6d2f646972656374696f6e73),
(33233, 0, 'config', 'config_weather_url', 0x687474703a2f2f7777772e776561746865722e636f6d2f666f7265636173742f),
(33234, 0, 'config', 'config_map_url', 0x687474703a2f2f6d6170732e676f6f676c652e636f6d2f),
(33232, 0, 'config', 'austrilia_link', 0x696e6465782e7068703f726f7574653d70726f647563742f63617465676f727926616d703b706174683d313234),
(33231, 0, 'config', 'austrilia_image', 0x646174612f446f75626c652042757320636f70792e6a7067),
(33230, 0, 'config', 'lamerica_link', 0x696e6465782e7068703f726f7574653d70726f647563742f63617465676f727926616d703b706174683d3638),
(33229, 0, 'config', 'lamerica_image', 0x646174612f5379646e65792e6a7067),
(33228, 0, 'config', 'asia_link', 0x696e6465782e7068703f726f7574653d70726f647563742f63617465676f727926616d703b706174683d3637),
(33227, 0, 'config', 'asia_image', 0x646174612f446f75626c65446563332e6a7067),
(33225, 0, 'config', 'europe_image', 0x646174612f667265652e6a7067),
(33226, 0, 'config', 'europe_link', 0x696e6465782e7068703f726f7574653d70726f647563742f63617465676f727926616d703b706174683d3639),
(33223, 0, 'config', 'canada_image', 0x646174612f446f75626c65446563332e6a7067),
(33224, 0, 'config', 'canada_link', 0x696e6465782e7068703f726f7574653d70726f647563742f63617465676f727926616d703b706174),
(33222, 0, 'config', 'hawaii_link', 0x696e6465782e7068703f726f7574653d70726f647563742f63617465676f727926616d703b706174683d313039),
(33220, 0, 'config', 'usawest_link', 0x696e6465782e7068703f726f7574653d70726f647563742f63617465676f727926616d703b706174683d3732),
(33221, 0, 'config', 'hawaii_image', 0x646174612f4d592d4c5f313135382e6a7067),
(33219, 0, 'config', 'usawest_image', 0x646174612f42726f6f6b6c796e4272696467652e6a7067),
(33217, 0, 'config', 'usaeast_image', 0x646174612f4d595f554e5f303734322e6a7067),
(33218, 0, 'config', 'usaeast_link', 0x696e6465782e7068703f726f7574653d70726f647563742f63617465676f727926616d703b706174683d3539),
(33216, 0, 'config', 'config_fax', ''),
(33215, 0, 'config', 'config_telephone_zh', 0x36343633333538333438),
(33214, 0, 'config', 'config_telephone', 0x3634362d3333352d38333438),
(33213, 0, 'config', 'config_email', 0x6e7963706f6f6e407961686f6f2e636f6d),
(33212, 0, 'config', 'config_address', 0x436c6f73656420646f776e2062656361757365206f66207765627369746520756e636f6d706c6574652e),
(33211, 0, 'config', 'config_owner', 0x5553413446756e20496e632e),
(33210, 0, 'config', 'config_name', 0x5553413446756e);

-- --------------------------------------------------------

--
-- Table structure for table `stock_status`
--

CREATE TABLE IF NOT EXISTS `stock_status` (
  `stock_status_id` int(11) NOT NULL AUTO_INCREMENT,
  `language_id` int(11) NOT NULL,
  `name` varchar(32) COLLATE utf8_bin NOT NULL,
  PRIMARY KEY (`stock_status_id`,`language_id`)
) ENGINE=MyISAM  DEFAULT CHARSET=utf8 COLLATE=utf8_bin AUTO_INCREMENT=9 ;

--
-- Dumping data for table `stock_status`
--

INSERT INTO `stock_status` (`stock_status_id`, `language_id`, `name`) VALUES
(7, 1, 'In Stock'),
(8, 1, 'Pre-Order'),
(5, 1, 'Out Of Stock'),
(6, 1, '2 - 3 Days'),
(7, 2, 'In Stock'),
(8, 2, 'Pre-Order'),
(5, 2, 'Out Of Stock'),
(6, 2, '2 - 3 Days');

-- --------------------------------------------------------

--
-- Table structure for table `store`
--

CREATE TABLE IF NOT EXISTS `store` (
  `store_id` int(11) NOT NULL AUTO_INCREMENT,
  `name` varchar(64) COLLATE utf8_bin NOT NULL,
  `url` varchar(255) COLLATE utf8_bin NOT NULL,
  `ssl` varchar(255) COLLATE utf8_bin NOT NULL,
  PRIMARY KEY (`store_id`)
) ENGINE=MyISAM DEFAULT CHARSET=utf8 COLLATE=utf8_bin AUTO_INCREMENT=1 ;

--
-- Dumping data for table `store`
--


-- --------------------------------------------------------

--
-- Table structure for table `tax_class`
--

CREATE TABLE IF NOT EXISTS `tax_class` (
  `tax_class_id` int(11) NOT NULL AUTO_INCREMENT,
  `title` varchar(32) COLLATE utf8_bin NOT NULL DEFAULT '',
  `description` varchar(255) COLLATE utf8_bin NOT NULL DEFAULT '',
  `date_added` datetime NOT NULL DEFAULT '0000-00-00 00:00:00',
  `date_modified` datetime NOT NULL DEFAULT '0000-00-00 00:00:00',
  PRIMARY KEY (`tax_class_id`)
) ENGINE=MyISAM  DEFAULT CHARSET=utf8 COLLATE=utf8_bin AUTO_INCREMENT=10 ;

--
-- Dumping data for table `tax_class`
--

INSERT INTO `tax_class` (`tax_class_id`, `title`, `description`, `date_added`, `date_modified`) VALUES
(9, 'Taxable Goods', 'Taxed Stuff', '2009-01-06 23:21:53', '2011-03-09 21:17:10');

-- --------------------------------------------------------

--
-- Table structure for table `tax_rate`
--

CREATE TABLE IF NOT EXISTS `tax_rate` (
  `tax_rate_id` int(11) NOT NULL AUTO_INCREMENT,
  `geo_zone_id` int(11) NOT NULL DEFAULT '0',
  `tax_class_id` int(11) NOT NULL,
  `priority` int(5) NOT NULL DEFAULT '1',
  `rate` decimal(7,4) NOT NULL DEFAULT '0.0000',
  `description` varchar(255) COLLATE utf8_bin NOT NULL DEFAULT '',
  `date_modified` datetime NOT NULL DEFAULT '0000-00-00 00:00:00',
  `date_added` datetime NOT NULL DEFAULT '0000-00-00 00:00:00',
  PRIMARY KEY (`tax_rate_id`)
) ENGINE=MyISAM  DEFAULT CHARSET=utf8 COLLATE=utf8_bin AUTO_INCREMENT=87 ;

--
-- Dumping data for table `tax_rate`
--

INSERT INTO `tax_rate` (`tax_rate_id`, `geo_zone_id`, `tax_class_id`, `priority`, `rate`, `description`, `date_modified`, `date_added`) VALUES
(86, 3, 9, 1, 17.5000, 'VAT 17.5%', '0000-00-00 00:00:00', '2011-03-09 21:17:10');

-- --------------------------------------------------------

--
-- Table structure for table `url_alias`
--

CREATE TABLE IF NOT EXISTS `url_alias` (
  `url_alias_id` int(11) NOT NULL AUTO_INCREMENT,
  `query` varchar(255) COLLATE utf8_bin NOT NULL,
  `keyword` varchar(255) COLLATE utf8_bin NOT NULL,
  PRIMARY KEY (`url_alias_id`)
) ENGINE=MyISAM  DEFAULT CHARSET=utf8 COLLATE=utf8_bin AUTO_INCREMENT=822 ;

--
-- Dumping data for table `url_alias`
--

INSERT INTO `url_alias` (`url_alias_id`, `query`, `keyword`) VALUES
(821, 'information_id=4', 'about_us');

-- --------------------------------------------------------

--
-- Table structure for table `user`
--

CREATE TABLE IF NOT EXISTS `user` (
  `user_id` int(11) NOT NULL AUTO_INCREMENT,
  `user_group_id` int(11) NOT NULL,
  `username` varchar(20) COLLATE utf8_bin NOT NULL DEFAULT '',
  `password` varchar(32) COLLATE utf8_bin NOT NULL DEFAULT '',
  `firstname` varchar(32) COLLATE utf8_bin NOT NULL DEFAULT '',
  `lastname` varchar(32) COLLATE utf8_bin NOT NULL DEFAULT '',
  `email` varchar(96) COLLATE utf8_bin NOT NULL DEFAULT '',
  `code` varchar(32) COLLATE utf8_bin NOT NULL,
  `ip` varchar(15) COLLATE utf8_bin NOT NULL DEFAULT '',
  `status` int(1) NOT NULL,
  `date_added` datetime NOT NULL DEFAULT '0000-00-00 00:00:00',
  PRIMARY KEY (`user_id`)
) ENGINE=MyISAM  DEFAULT CHARSET=utf8 COLLATE=utf8_bin AUTO_INCREMENT=5 ;

--
-- Dumping data for table `user`
--

INSERT INTO `user` (`user_id`, `user_group_id`, `username`, `password`, `firstname`, `lastname`, `email`, `code`, `ip`, `status`, `date_added`) VALUES
(1, 10, 'admin', '2c637733a336e63cf96287ba1737bf68', 'man', 'Poon', 'nycpoon@yahoo.com', '9b908e6c2b0e8d987ca89cb294b43567', '74.64.29.52', 1, '2011-06-23 14:50:18'),
(3, 1, 'mankempoon', 'd4d3041d84be72d6ec6f4460f385d7b8', 'man', 'poon', 'mankempoon@yahoo.com', 'eeef87d7214b478f815471d1be2f0c20', '24.105.157.232', 1, '2011-11-02 12:23:24');

-- --------------------------------------------------------

--
-- Table structure for table `user_group`
--

CREATE TABLE IF NOT EXISTS `user_group` (
  `user_group_id` int(11) NOT NULL AUTO_INCREMENT,
  `name` varchar(64) COLLATE utf8_bin NOT NULL,
  `permission` text COLLATE utf8_bin NOT NULL,
  PRIMARY KEY (`user_group_id`)
) ENGINE=MyISAM  DEFAULT CHARSET=utf8 COLLATE=utf8_bin AUTO_INCREMENT=13 ;

--
-- Dumping data for table `user_group`
--

INSERT INTO `user_group` (`user_group_id`, `name`, `permission`) VALUES
(1, 'Top Administrator', 0x613a323a7b733a363a22616363657373223b613a3131333a7b693a303b733a31383a22636174616c6f672f61747472616374696f6e223b693a313b733a31373a22636174616c6f672f617474726962757465223b693a323b733a32333a22636174616c6f672f6174747269627574655f67726f7570223b693a333b733a31383a22636174616c6f672f62757363686172746572223b693a343b733a31383a22636174616c6f672f62757373746174696f6e223b693a353b733a31363a22636174616c6f672f63617465676f7279223b693a363b733a31383a22636174616c6f672f64657061727463697479223b693a373b733a31393a22636174616c6f672f64657374696e6174696f6e223b693a383b733a31363a22636174616c6f672f646f776e6c6f6164223b693a393b733a31313a22636174616c6f672f666171223b693a31303b733a31393a22636174616c6f672f696e666f726d6174696f6e223b693a31313b733a32303a22636174616c6f672f6d616e756661637475726572223b693a31323b733a31343a22636174616c6f672f6f7074696f6e223b693a31333b733a31353a22636174616c6f672f70726f64756374223b693a31343b733a31343a22636174616c6f672f726576696577223b693a31353b733a31383a22636f6d6d6f6e2f66696c656d616e61676572223b693a31363b733a31333a2264657369676e2f62616e6e6572223b693a31373b733a31333a2264657369676e2f6c61796f7574223b693a31383b733a31343a22657874656e73696f6e2f66656564223b693a31393b733a31363a22657874656e73696f6e2f6d6f64756c65223b693a32303b733a31373a22657874656e73696f6e2f7061796d656e74223b693a32313b733a31383a22657874656e73696f6e2f7368697070696e67223b693a32323b733a31353a22657874656e73696f6e2f746f74616c223b693a32333b733a31363a22666565642f676f6f676c655f62617365223b693a32343b733a31393a22666565642f676f6f676c655f736974656d6170223b693a32353b733a32303a226c6f63616c69736174696f6e2f636f756e747279223b693a32363b733a32313a226c6f63616c69736174696f6e2f63757272656e6379223b693a32373b733a32313a226c6f63616c69736174696f6e2f67656f5f7a6f6e65223b693a32383b733a32313a226c6f63616c69736174696f6e2f6c616e6775616765223b693a32393b733a32353a226c6f63616c69736174696f6e2f6c656e6774685f636c617373223b693a33303b733a32353a226c6f63616c69736174696f6e2f6f726465725f737461747573223b693a33313b733a32363a226c6f63616c69736174696f6e2f72657475726e5f616374696f6e223b693a33323b733a32363a226c6f63616c69736174696f6e2f72657475726e5f726561736f6e223b693a33333b733a32363a226c6f63616c69736174696f6e2f72657475726e5f737461747573223b693a33343b733a32353a226c6f63616c69736174696f6e2f73746f636b5f737461747573223b693a33353b733a32323a226c6f63616c69736174696f6e2f7461785f636c617373223b693a33363b733a32353a226c6f63616c69736174696f6e2f7765696768745f636c617373223b693a33373b733a31373a226c6f63616c69736174696f6e2f7a6f6e65223b693a33383b733a31343a226d6f64756c652f6163636f756e74223b693a33393b733a31363a226d6f64756c652f616666696c69617465223b693a34303b733a31333a226d6f64756c652f62616e6e6572223b693a34313b733a31373a226d6f64756c652f6265737473656c6c6572223b693a34323b733a31353a226d6f64756c652f63617465676f7279223b693a34333b733a31353a226d6f64756c652f6665617475726564223b693a34343b733a31383a226d6f64756c652f676f6f676c655f74616c6b223b693a34353b733a31383a226d6f64756c652f696e666f726d6174696f6e223b693a34363b733a31333a226d6f64756c652f6c6174657374223b693a34373b733a31393a226d6f64756c652f6d616e756661637475726572223b693a34383b733a31333a226d6f64756c652f736561726368223b693a34393b733a31363a226d6f64756c652f736c69646573686f77223b693a35303b733a31343a226d6f64756c652f7370656369616c223b693a35313b733a31323a226d6f64756c652f73746f7265223b693a35323b733a31343a226d6f64756c652f77656c636f6d65223b693a35333b733a31343a226d6f64756c652f776879626f6f6b223b693a35343b733a31363a227061796d656e742f616c657274706179223b693a35353b733a32343a227061796d656e742f617574686f72697a656e65745f61696d223b693a35363b733a32313a227061796d656e742f62616e6b5f7472616e73666572223b693a35373b733a31343a227061796d656e742f636865717565223b693a35383b733a31313a227061796d656e742f636f64223b693a35393b733a32313a227061796d656e742f667265655f636865636b6f7574223b693a36303b733a31343a227061796d656e742f6c6971706179223b693a36313b733a32303a227061796d656e742f6d6f6e6579626f6f6b657273223b693a36323b733a31343a227061796d656e742f6e6f63686578223b693a36333b733a31353a227061796d656e742f7061796d617465223b693a36343b733a31363a227061796d656e742f706179706f696e74223b693a36353b733a32363a227061796d656e742f70657270657475616c5f7061796d656e7473223b693a36363b733a31343a227061796d656e742f70705f70726f223b693a36373b733a31373a227061796d656e742f70705f70726f5f756b223b693a36383b733a31393a227061796d656e742f70705f7374616e64617264223b693a36393b733a31353a227061796d656e742f73616765706179223b693a37303b733a32323a227061796d656e742f736167657061795f646972656374223b693a37313b733a31383a227061796d656e742f736167657061795f7573223b693a37323b733a31393a227061796d656e742f74776f636865636b6f7574223b693a37333b733a31363a227061796d656e742f776f726c64706179223b693a37343b733a31363a227265706f72742f707572636861736564223b693a37353b733a31313a227265706f72742f73616c65223b693a37363b733a31333a227265706f72742f766965776564223b693a37373b733a31343a2273616c652f616666696c69617465223b693a37383b733a31323a2273616c652f636f6e74616374223b693a37393b733a31313a2273616c652f636f75706f6e223b693a38303b733a31333a2273616c652f637573746f6d6572223b693a38313b733a31393a2273616c652f637573746f6d65725f67726f7570223b693a38323b733a31323a2273616c652f656e7175697279223b693a38333b733a31303a2273616c652f6f72646572223b693a38343b733a31313a2273616c652f72657475726e223b693a38353b733a31323a2273616c652f766f7563686572223b693a38363b733a31383a2273616c652f766f75636865725f7468656d65223b693a38373b733a31353a2273657474696e672f73657474696e67223b693a38383b733a31333a2273657474696e672f73746f7265223b693a38393b733a31373a227368697070696e672f636974796c696e6b223b693a39303b733a31333a227368697070696e672f666c6174223b693a39313b733a31333a227368697070696e672f66726565223b693a39323b733a31333a227368697070696e672f6974656d223b693a39333b733a32333a227368697070696e672f70617263656c666f7263655f3438223b693a39343b733a31353a227368697070696e672f7069636b7570223b693a39353b733a31393a227368697070696e672f726f79616c5f6d61696c223b693a39363b733a31323a227368697070696e672f757073223b693a39373b733a31333a227368697070696e672f75737073223b693a39383b733a31353a227368697070696e672f776569676874223b693a39393b733a31313a22746f6f6c2f6261636b7570223b693a3130303b733a31343a22746f6f6c2f6572726f725f6c6f67223b693a3130313b733a31323a22746f74616c2f636f75706f6e223b693a3130323b733a31323a22746f74616c2f637265646974223b693a3130333b733a31343a22746f74616c2f68616e646c696e67223b693a3130343b733a31393a22746f74616c2f6c6f775f6f726465725f666565223b693a3130353b733a31323a22746f74616c2f726577617264223b693a3130363b733a31343a22746f74616c2f7368697070696e67223b693a3130373b733a31353a22746f74616c2f7375625f746f74616c223b693a3130383b733a393a22746f74616c2f746178223b693a3130393b733a31313a22746f74616c2f746f74616c223b693a3131303b733a31333a22746f74616c2f766f7563686572223b693a3131313b733a393a22757365722f75736572223b693a3131323b733a32303a22757365722f757365725f7065726d697373696f6e223b7d733a363a226d6f64696679223b613a3131353a7b693a303b733a31383a22636174616c6f672f61747472616374696f6e223b693a313b733a31373a22636174616c6f672f617474726962757465223b693a323b733a32333a22636174616c6f672f6174747269627574655f67726f7570223b693a333b733a31383a22636174616c6f672f62757363686172746572223b693a343b733a31383a22636174616c6f672f62757373746174696f6e223b693a353b733a31363a22636174616c6f672f63617465676f7279223b693a363b733a31383a22636174616c6f672f64657061727463697479223b693a373b733a31393a22636174616c6f672f64657374696e6174696f6e223b693a383b733a31363a22636174616c6f672f646f776e6c6f6164223b693a393b733a31313a22636174616c6f672f666171223b693a31303b733a31393a22636174616c6f672f696e666f726d6174696f6e223b693a31313b733a32303a22636174616c6f672f6d616e756661637475726572223b693a31323b733a31343a22636174616c6f672f6f7074696f6e223b693a31333b733a31353a22636174616c6f672f70726f64756374223b693a31343b733a31343a22636174616c6f672f726576696577223b693a31353b733a31383a22636f6d6d6f6e2f66696c656d616e61676572223b693a31363b733a31333a2264657369676e2f62616e6e6572223b693a31373b733a31333a2264657369676e2f6c61796f7574223b693a31383b733a31343a22657874656e73696f6e2f66656564223b693a31393b733a31363a22657874656e73696f6e2f6d6f64756c65223b693a32303b733a31373a22657874656e73696f6e2f7061796d656e74223b693a32313b733a31383a22657874656e73696f6e2f7368697070696e67223b693a32323b733a31353a22657874656e73696f6e2f746f74616c223b693a32333b733a31363a22666565642f676f6f676c655f62617365223b693a32343b733a31393a22666565642f676f6f676c655f736974656d6170223b693a32353b733a32303a226c6f63616c69736174696f6e2f636f756e747279223b693a32363b733a32313a226c6f63616c69736174696f6e2f63757272656e6379223b693a32373b733a32313a226c6f63616c69736174696f6e2f67656f5f7a6f6e65223b693a32383b733a32313a226c6f63616c69736174696f6e2f6c616e6775616765223b693a32393b733a32353a226c6f63616c69736174696f6e2f6c656e6774685f636c617373223b693a33303b733a32353a226c6f63616c69736174696f6e2f6f726465725f737461747573223b693a33313b733a32363a226c6f63616c69736174696f6e2f72657475726e5f616374696f6e223b693a33323b733a32363a226c6f63616c69736174696f6e2f72657475726e5f726561736f6e223b693a33333b733a32363a226c6f63616c69736174696f6e2f72657475726e5f737461747573223b693a33343b733a32353a226c6f63616c69736174696f6e2f73746f636b5f737461747573223b693a33353b733a32323a226c6f63616c69736174696f6e2f7461785f636c617373223b693a33363b733a32353a226c6f63616c69736174696f6e2f7765696768745f636c617373223b693a33373b733a31373a226c6f63616c69736174696f6e2f7a6f6e65223b693a33383b733a31343a226d6f64756c652f6163636f756e74223b693a33393b733a31363a226d6f64756c652f616666696c69617465223b693a34303b733a31333a226d6f64756c652f62616e6e6572223b693a34313b733a31373a226d6f64756c652f6265737473656c6c6572223b693a34323b733a31353a226d6f64756c652f63617465676f7279223b693a34333b733a31353a226d6f64756c652f6665617475726564223b693a34343b733a31383a226d6f64756c652f676f6f676c655f74616c6b223b693a34353b733a31383a226d6f64756c652f696e666f726d6174696f6e223b693a34363b733a31333a226d6f64756c652f6c6174657374223b693a34373b733a31393a226d6f64756c652f6d616e756661637475726572223b693a34383b733a31333a226d6f64756c652f736561726368223b693a34393b733a31363a226d6f64756c652f736c69646573686f77223b693a35303b733a31343a226d6f64756c652f7370656369616c223b693a35313b733a31323a226d6f64756c652f73746f7265223b693a35323b733a31343a226d6f64756c652f77656c636f6d65223b693a35333b733a31343a226d6f64756c652f776879626f6f6b223b693a35343b733a31363a227061796d656e742f616c657274706179223b693a35353b733a32343a227061796d656e742f617574686f72697a656e65745f61696d223b693a35363b733a32313a227061796d656e742f62616e6b5f7472616e73666572223b693a35373b733a31343a227061796d656e742f636865717565223b693a35383b733a31313a227061796d656e742f636f64223b693a35393b733a32313a227061796d656e742f667265655f636865636b6f7574223b693a36303b733a31343a227061796d656e742f6c6971706179223b693a36313b733a32303a227061796d656e742f6d6f6e6579626f6f6b657273223b693a36323b733a31343a227061796d656e742f6e6f63686578223b693a36333b733a31353a227061796d656e742f7061796d617465223b693a36343b733a31363a227061796d656e742f706179706f696e74223b693a36353b733a32363a227061796d656e742f70657270657475616c5f7061796d656e7473223b693a36363b733a31343a227061796d656e742f70705f70726f223b693a36373b733a31373a227061796d656e742f70705f70726f5f756b223b693a36383b733a31393a227061796d656e742f70705f7374616e64617264223b693a36393b733a31353a227061796d656e742f73616765706179223b693a37303b733a32323a227061796d656e742f736167657061795f646972656374223b693a37313b733a31383a227061796d656e742f736167657061795f7573223b693a37323b733a31393a227061796d656e742f74776f636865636b6f7574223b693a37333b733a31363a227061796d656e742f776f726c64706179223b693a37343b733a31353a227265706f72742f637573746f6d6572223b693a37353b733a31363a227265706f72742f707572636861736564223b693a37363b733a31313a227265706f72742f73616c65223b693a37373b733a31333a227265706f72742f766965776564223b693a37383b733a31343a227265706f72742f76697369746f72223b693a37393b733a31343a2273616c652f616666696c69617465223b693a38303b733a31323a2273616c652f636f6e74616374223b693a38313b733a31313a2273616c652f636f75706f6e223b693a38323b733a31333a2273616c652f637573746f6d6572223b693a38333b733a31393a2273616c652f637573746f6d65725f67726f7570223b693a38343b733a31323a2273616c652f656e7175697279223b693a38353b733a31303a2273616c652f6f72646572223b693a38363b733a31313a2273616c652f72657475726e223b693a38373b733a31323a2273616c652f766f7563686572223b693a38383b733a31383a2273616c652f766f75636865725f7468656d65223b693a38393b733a31353a2273657474696e672f73657474696e67223b693a39303b733a31333a2273657474696e672f73746f7265223b693a39313b733a31373a227368697070696e672f636974796c696e6b223b693a39323b733a31333a227368697070696e672f666c6174223b693a39333b733a31333a227368697070696e672f66726565223b693a39343b733a31333a227368697070696e672f6974656d223b693a39353b733a32333a227368697070696e672f70617263656c666f7263655f3438223b693a39363b733a31353a227368697070696e672f7069636b7570223b693a39373b733a31393a227368697070696e672f726f79616c5f6d61696c223b693a39383b733a31323a227368697070696e672f757073223b693a39393b733a31333a227368697070696e672f75737073223b693a3130303b733a31353a227368697070696e672f776569676874223b693a3130313b733a31313a22746f6f6c2f6261636b7570223b693a3130323b733a31343a22746f6f6c2f6572726f725f6c6f67223b693a3130333b733a31323a22746f74616c2f636f75706f6e223b693a3130343b733a31323a22746f74616c2f637265646974223b693a3130353b733a31343a22746f74616c2f68616e646c696e67223b693a3130363b733a31393a22746f74616c2f6c6f775f6f726465725f666565223b693a3130373b733a31323a22746f74616c2f726577617264223b693a3130383b733a31343a22746f74616c2f7368697070696e67223b693a3130393b733a31353a22746f74616c2f7375625f746f74616c223b693a3131303b733a393a22746f74616c2f746178223b693a3131313b733a31313a22746f74616c2f746f74616c223b693a3131323b733a31333a22746f74616c2f766f7563686572223b693a3131333b733a393a22757365722f75736572223b693a3131343b733a32303a22757365722f757365725f7065726d697373696f6e223b7d7d),
(10, 'Administrator', 0x613a323a7b733a363a22616363657373223b613a36363a7b693a303b733a31383a22636174616c6f672f61747472616374696f6e223b693a313b733a31373a22636174616c6f672f617474726962757465223b693a323b733a32333a22636174616c6f672f6174747269627574655f67726f7570223b693a333b733a31383a22636174616c6f672f62757373746174696f6e223b693a343b733a31363a22636174616c6f672f63617465676f7279223b693a353b733a31383a22636174616c6f672f64657061727463697479223b693a363b733a31393a22636174616c6f672f696e666f726d6174696f6e223b693a373b733a31353a22636174616c6f672f70726f64756374223b693a383b733a31343a22636174616c6f672f726576696577223b693a393b733a31383a22636f6d6d6f6e2f66696c656d616e61676572223b693a31303b733a31333a2264657369676e2f62616e6e6572223b693a31313b733a31333a2264657369676e2f6c61796f7574223b693a31323b733a31363a22657874656e73696f6e2f6d6f64756c65223b693a31333b733a31373a22657874656e73696f6e2f7061796d656e74223b693a31343b733a31383a22657874656e73696f6e2f7368697070696e67223b693a31353b733a31353a22657874656e73696f6e2f746f74616c223b693a31363b733a31393a22666565642f676f6f676c655f736974656d6170223b693a31373b733a32303a226c6f63616c69736174696f6e2f636f756e747279223b693a31383b733a32313a226c6f63616c69736174696f6e2f63757272656e6379223b693a31393b733a32313a226c6f63616c69736174696f6e2f6c616e6775616765223b693a32303b733a32353a226c6f63616c69736174696f6e2f6f726465725f737461747573223b693a32313b733a32363a226c6f63616c69736174696f6e2f72657475726e5f616374696f6e223b693a32323b733a32363a226c6f63616c69736174696f6e2f72657475726e5f726561736f6e223b693a32333b733a32363a226c6f63616c69736174696f6e2f72657475726e5f737461747573223b693a32343b733a31373a226c6f63616c69736174696f6e2f7a6f6e65223b693a32353b733a31343a226d6f64756c652f6163636f756e74223b693a32363b733a31333a226d6f64756c652f62616e6e6572223b693a32373b733a31373a226d6f64756c652f6265737473656c6c6572223b693a32383b733a31353a226d6f64756c652f63617465676f7279223b693a32393b733a31353a226d6f64756c652f6665617475726564223b693a33303b733a31383a226d6f64756c652f696e666f726d6174696f6e223b693a33313b733a31333a226d6f64756c652f6c6174657374223b693a33323b733a31363a226d6f64756c652f736c69646573686f77223b693a33333b733a31343a226d6f64756c652f77656c636f6d65223b693a33343b733a32343a227061796d656e742f617574686f72697a656e65745f61696d223b693a33353b733a31343a227061796d656e742f70705f70726f223b693a33363b733a31393a227061796d656e742f70705f7374616e64617264223b693a33373b733a31353a227265706f72742f637573746f6d6572223b693a33383b733a31363a227265706f72742f707572636861736564223b693a33393b733a31353a227265706f72742f7265666572726572223b693a34303b733a31313a227265706f72742f73616c65223b693a34313b733a31333a227265706f72742f766965776564223b693a34323b733a31343a227265706f72742f76697369746f72223b693a34333b733a31343a2273616c652f616666696c69617465223b693a34343b733a31323a2273616c652f636f6e74616374223b693a34353b733a31313a2273616c652f636f75706f6e223b693a34363b733a31333a2273616c652f637573746f6d6572223b693a34373b733a31393a2273616c652f637573746f6d65725f67726f7570223b693a34383b733a31303a2273616c652f6f72646572223b693a34393b733a31313a2273616c652f72657475726e223b693a35303b733a31323a2273616c652f766f7563686572223b693a35313b733a31383a2273616c652f766f75636865725f7468656d65223b693a35323b733a31353a2273657474696e672f73657474696e67223b693a35333b733a31333a2273657474696e672f73746f7265223b693a35343b733a31373a227368697070696e672f636974796c696e6b223b693a35353b733a31333a227368697070696e672f66726565223b693a35363b733a31333a227368697070696e672f6974656d223b693a35373b733a31353a227368697070696e672f7069636b7570223b693a35383b733a31313a22746f6f6c2f6261636b7570223b693a35393b733a31343a22746f6f6c2f6572726f725f6c6f67223b693a36303b733a31323a22746f74616c2f636f75706f6e223b693a36313b733a31323a22746f74616c2f637265646974223b693a36323b733a31323a22746f74616c2f726577617264223b693a36333b733a31353a22746f74616c2f7375625f746f74616c223b693a36343b733a393a22757365722f75736572223b693a36353b733a32303a22757365722f757365725f7065726d697373696f6e223b7d733a363a226d6f64696679223b613a33303a7b693a303b733a31383a22636174616c6f672f61747472616374696f6e223b693a313b733a31373a22636174616c6f672f617474726962757465223b693a323b733a32333a22636174616c6f672f6174747269627574655f67726f7570223b693a333b733a31383a22636174616c6f672f62757373746174696f6e223b693a343b733a31363a22636174616c6f672f63617465676f7279223b693a353b733a31353a22636174616c6f672f636f6e74616374223b693a363b733a31313a22636174616c6f672f666171223b693a373b733a31393a22636174616c6f672f696e666f726d6174696f6e223b693a383b733a31353a22636174616c6f672f70726f64756374223b693a393b733a31343a22636174616c6f672f726576696577223b693a31303b733a31383a22636f6d6d6f6e2f66696c656d616e61676572223b693a31313b733a31333a2264657369676e2f62616e6e6572223b693a31323b733a31373a22657874656e73696f6e2f7061796d656e74223b693a31333b733a31363a22666565642f676f6f676c655f62617365223b693a31343b733a31393a22666565642f676f6f676c655f736974656d6170223b693a31353b733a32303a226c6f63616c69736174696f6e2f636f756e747279223b693a31363b733a32313a226c6f63616c69736174696f6e2f63757272656e6379223b693a31373b733a32363a226c6f63616c69736174696f6e2f72657475726e5f726561736f6e223b693a31383b733a32363a226c6f63616c69736174696f6e2f72657475726e5f737461747573223b693a31393b733a32353a226c6f63616c69736174696f6e2f73746f636b5f737461747573223b693a32303b733a31343a226d6f64756c652f6163636f756e74223b693a32313b733a31363a226d6f64756c652f616666696c69617465223b693a32323b733a31333a226d6f64756c652f62616e6e6572223b693a32333b733a31373a226d6f64756c652f6265737473656c6c6572223b693a32343b733a31353a226d6f64756c652f63617465676f7279223b693a32353b733a31343a226d6f64756c652f7370656369616c223b693a32363b733a31323a226d6f64756c652f73746f7265223b693a32373b733a31343a226d6f64756c652f77656c636f6d65223b693a32383b733a31343a226d6f64756c652f776879626f6f6b223b693a32393b733a32343a227061796d656e742f617574686f72697a656e65745f61696d223b7d7d),
(11, 'Agent-Officer', 0x613a323a7b733a363a22616363657373223b613a333a7b693a303b733a31353a227265706f72742f637573746f6d6572223b693a313b733a31353a227265706f72742f7265666572726572223b693a323b733a31333a227265706f72742f766965776564223b7d733a363a226d6f64696679223b613a323a7b693a303b733a31313a227265706f72742f73616c65223b693a313b733a31333a227265706f72742f766965776564223b7d7d),
(12, 'VIP Member', 0x613a313a7b733a363a22616363657373223b613a323a7b693a303b733a31363a227265706f72742f707572636861736564223b693a313b733a31353a227265706f72742f7265666572726572223b7d7d);

-- --------------------------------------------------------

--
-- Table structure for table `voucher`
--

CREATE TABLE IF NOT EXISTS `voucher` (
  `voucher_id` int(11) NOT NULL AUTO_INCREMENT,
  `order_id` int(11) NOT NULL,
  `code` varchar(10) COLLATE utf8_bin NOT NULL,
  `from_name` varchar(64) COLLATE utf8_bin NOT NULL,
  `from_email` varchar(96) COLLATE utf8_bin NOT NULL,
  `to_name` varchar(64) COLLATE utf8_bin NOT NULL,
  `to_email` varchar(96) COLLATE utf8_bin NOT NULL,
  `message` text COLLATE utf8_bin NOT NULL,
  `amount` decimal(15,4) NOT NULL,
  `voucher_theme_id` int(11) NOT NULL,
  `status` int(1) NOT NULL,
  `date_added` datetime NOT NULL DEFAULT '0000-00-00 00:00:00',
  PRIMARY KEY (`voucher_id`)
) ENGINE=MyISAM  DEFAULT CHARSET=utf8 COLLATE=utf8_bin AUTO_INCREMENT=4 ;

--
-- Dumping data for table `voucher`
--

INSERT INTO `voucher` (`voucher_id`, `order_id`, `code`, `from_name`, `from_email`, `to_name`, `to_email`, `message`, `amount`, `voucher_theme_id`, `status`, `date_added`) VALUES
(1, 0, 'B888CVS', 'poo', 'admer999@yahoo.com', 'poon', 'jason.yibada@gmail.com', 0x466f7220796f7520746f206275792042697274686461792070726573656e742e, 288.0000, 7, 1, '2012-06-17 22:29:34'),
(2, 0, '8888', 'qqq', 'admer999@ahoo.com', 'test gift', 'nycpoon@yahoo.com', 0x68656c6c6f, 200.0000, 7, 1, '2012-06-18 10:09:02'),
(3, 0, '8899', 'sasa', 'admer999@ahoo.com', 'poon', 'nycpoon@yahoo.com', 0x6f66666572, 500.0000, 7, 1, '2012-08-01 18:02:55');

-- --------------------------------------------------------

--
-- Table structure for table `voucher_history`
--

CREATE TABLE IF NOT EXISTS `voucher_history` (
  `voucher_history_id` int(11) NOT NULL AUTO_INCREMENT,
  `voucher_id` int(11) NOT NULL,
  `order_id` int(11) NOT NULL,
  `amount` decimal(15,4) NOT NULL,
  `date_added` datetime NOT NULL,
  PRIMARY KEY (`voucher_history_id`)
) ENGINE=MyISAM  DEFAULT CHARSET=utf8 COLLATE=utf8_bin AUTO_INCREMENT=2 ;

--
-- Dumping data for table `voucher_history`
--

INSERT INTO `voucher_history` (`voucher_history_id`, `voucher_id`, `order_id`, `amount`, `date_added`) VALUES
(1, 1, 184, -288.0000, '2012-06-18 10:01:06');

-- --------------------------------------------------------

--
-- Table structure for table `voucher_theme`
--

CREATE TABLE IF NOT EXISTS `voucher_theme` (
  `voucher_theme_id` int(11) NOT NULL AUTO_INCREMENT,
  `image` varchar(255) COLLATE utf8_bin NOT NULL,
  PRIMARY KEY (`voucher_theme_id`)
) ENGINE=MyISAM  DEFAULT CHARSET=utf8 COLLATE=utf8_bin AUTO_INCREMENT=9 ;

--
-- Dumping data for table `voucher_theme`
--

INSERT INTO `voucher_theme` (`voucher_theme_id`, `image`) VALUES
(8, 'data/HAPPYVIP-Logo copy.jpg'),
(7, 'data/gift-voucher-birthday.jpg'),
(6, 'data/apple_logo.jpg');

-- --------------------------------------------------------

--
-- Table structure for table `voucher_theme_description`
--

CREATE TABLE IF NOT EXISTS `voucher_theme_description` (
  `voucher_theme_id` int(11) NOT NULL,
  `language_id` int(11) NOT NULL,
  `name` varchar(32) COLLATE utf8_bin NOT NULL,
  PRIMARY KEY (`voucher_theme_id`,`language_id`)
) ENGINE=MyISAM DEFAULT CHARSET=utf8 COLLATE=utf8_bin;

--
-- Dumping data for table `voucher_theme_description`
--

INSERT INTO `voucher_theme_description` (`voucher_theme_id`, `language_id`, `name`) VALUES
(6, 1, 'Christmas'),
(7, 1, 'Birthday'),
(8, 2, 'General'),
(6, 2, 'Christmas'),
(7, 2, 'Birthday'),
(8, 1, 'General');

-- --------------------------------------------------------

--
-- Table structure for table `weight_class`
--

CREATE TABLE IF NOT EXISTS `weight_class` (
  `weight_class_id` int(11) NOT NULL AUTO_INCREMENT,
  `value` decimal(15,8) NOT NULL DEFAULT '0.00000000',
  PRIMARY KEY (`weight_class_id`)
) ENGINE=MyISAM  DEFAULT CHARSET=utf8 COLLATE=utf8_bin AUTO_INCREMENT=7 ;

--
-- Dumping data for table `weight_class`
--

INSERT INTO `weight_class` (`weight_class_id`, `value`) VALUES
(1, 1.00000000),
(2, 1000.00000000),
(5, 2.20460000),
(6, 35.27400000);

-- --------------------------------------------------------

--
-- Table structure for table `weight_class_description`
--

CREATE TABLE IF NOT EXISTS `weight_class_description` (
  `weight_class_id` int(11) NOT NULL AUTO_INCREMENT,
  `language_id` int(11) NOT NULL,
  `title` varchar(32) COLLATE utf8_bin NOT NULL,
  `unit` varchar(4) COLLATE utf8_bin NOT NULL DEFAULT '',
  PRIMARY KEY (`weight_class_id`,`language_id`)
) ENGINE=MyISAM  DEFAULT CHARSET=utf8 COLLATE=utf8_bin AUTO_INCREMENT=7 ;

--
-- Dumping data for table `weight_class_description`
--

INSERT INTO `weight_class_description` (`weight_class_id`, `language_id`, `title`, `unit`) VALUES
(1, 1, 'Kilogram', 'kg'),
(2, 1, 'Gram', 'g'),
(5, 1, 'Pound ', 'lb'),
(6, 1, 'Ounce', 'oz'),
(1, 2, 'Kilogram', 'kg'),
(2, 2, 'Gram', 'g'),
(5, 2, 'Pound ', 'lb'),
(6, 2, 'Ounce', 'oz');

-- --------------------------------------------------------

--
-- Table structure for table `zone`
--

CREATE TABLE IF NOT EXISTS `zone` (
  `zone_id` int(11) NOT NULL AUTO_INCREMENT,
  `country_id` int(11) NOT NULL,
  `code` varchar(32) COLLATE utf8_bin NOT NULL DEFAULT '',
  `name` varchar(128) COLLATE utf8_bin NOT NULL,
  `status` int(1) NOT NULL DEFAULT '1',
  PRIMARY KEY (`zone_id`)
) ENGINE=MyISAM  DEFAULT CHARSET=utf8 COLLATE=utf8_bin AUTO_INCREMENT=3956 ;

--
-- Dumping data for table `zone`
--

INSERT INTO `zone` (`zone_id`, `country_id`, `code`, `name`, `status`) VALUES
(1, 1, 'BDS', 'Badakhshan', 1),
(2, 1, 'BDG', 'Badghis', 1),
(3, 1, 'BGL', 'Baghlan', 1),
(4, 1, 'BAL', 'Balkh', 1),
(5, 1, 'BAM', 'Bamian', 1),
(6, 1, 'FRA', 'Farah', 1),
(7, 1, 'FYB', 'Faryab', 1),
(8, 1, 'GHA', 'Ghazni', 1),
(9, 1, 'GHO', 'Ghowr', 1),
(10, 1, 'HEL', 'Helmand', 1),
(11, 1, 'HER', 'Herat', 1),
(12, 1, 'JOW', 'Jowzjan', 1),
(13, 1, 'KAB', 'Kabul', 1),
(14, 1, 'KAN', 'Kandahar', 1),
(15, 1, 'KAP', 'Kapisa', 1),
(16, 1, 'KHO', 'Khost', 1),
(17, 1, 'KNR', 'Konar', 1),
(18, 1, 'KDZ', 'Kondoz', 1),
(19, 1, 'LAG', 'Laghman', 1),
(20, 1, 'LOW', 'Lowgar', 1),
(21, 1, 'NAN', 'Nangrahar', 1),
(22, 1, 'NIM', 'Nimruz', 1),
(23, 1, 'NUR', 'Nurestan', 1),
(24, 1, 'ORU', 'Oruzgan', 1),
(25, 1, 'PIA', 'Paktia', 1),
(26, 1, 'PKA', 'Paktika', 1),
(27, 1, 'PAR', 'Parwan', 1),
(28, 1, 'SAM', 'Samangan', 1),
(29, 1, 'SAR', 'Sar-e Pol', 1),
(30, 1, 'TAK', 'Takhar', 1),
(31, 1, 'WAR', 'Wardak', 1),
(32, 1, 'ZAB', 'Zabol', 1),
(33, 2, 'BR', 'Berat', 1),
(34, 2, 'BU', 'Bulqize', 1),
(35, 2, 'DL', 'Delvine', 1),
(36, 2, 'DV', 'Devoll', 1),
(37, 2, 'DI', 'Diber', 1),
(38, 2, 'DR', 'Durres', 1),
(39, 2, 'EL', 'Elbasan', 1),
(40, 2, 'ER', 'Kolonje', 1),
(41, 2, 'FR', 'Fier', 1),
(42, 2, 'GJ', 'Gjirokaster', 1),
(43, 2, 'GR', 'Gramsh', 1),
(44, 2, 'HA', 'Has', 1),
(45, 2, 'KA', 'Kavaje', 1),
(46, 2, 'KB', 'Kurbin', 1),
(47, 2, 'KC', 'Kucove', 1),
(48, 2, 'KO', 'Korce', 1),
(49, 2, 'KR', 'Kruje', 1),
(50, 2, 'KU', 'Kukes', 1),
(51, 2, 'LB', 'Librazhd', 1),
(52, 2, 'LE', 'Lezhe', 1),
(53, 2, 'LU', 'Lushnje', 1),
(54, 2, 'MM', 'Malesi e Madhe', 1),
(55, 2, 'MK', 'Mallakaster', 1),
(56, 2, 'MT', 'Mat', 1),
(57, 2, 'MR', 'Mirdite', 1),
(58, 2, 'PQ', 'Peqin', 1),
(59, 2, 'PR', 'Permet', 1),
(60, 2, 'PG', 'Pogradec', 1),
(61, 2, 'PU', 'Puke', 1),
(62, 2, 'SH', 'Shkoder', 1),
(63, 2, 'SK', 'Skrapar', 1),
(64, 2, 'SR', 'Sarande', 1),
(65, 2, 'TE', 'Tepelene', 1),
(66, 2, 'TP', 'Tropoje', 1),
(67, 2, 'TR', 'Tirane', 1),
(68, 2, 'VL', 'Vlore', 1),
(69, 3, 'ADR', 'Adrar', 1),
(70, 3, 'ADE', 'Ain Defla', 1),
(71, 3, 'ATE', 'Ain Temouchent', 1),
(72, 3, 'ALG', 'Alger', 1),
(73, 3, 'ANN', 'Annaba', 1),
(74, 3, 'BAT', 'Batna', 1),
(75, 3, 'BEC', 'Bechar', 1),
(76, 3, 'BEJ', 'Bejaia', 1),
(77, 3, 'BIS', 'Biskra', 1),
(78, 3, 'BLI', 'Blida', 1),
(79, 3, 'BBA', 'Bordj Bou Arreridj', 1),
(80, 3, 'BOA', 'Bouira', 1),
(81, 3, 'BMD', 'Boumerdes', 1),
(82, 3, 'CHL', 'Chlef', 1),
(83, 3, 'CON', 'Constantine', 1),
(84, 3, 'DJE', 'Djelfa', 1),
(85, 3, 'EBA', 'El Bayadh', 1),
(86, 3, 'EOU', 'El Oued', 1),
(87, 3, 'ETA', 'El Tarf', 1),
(88, 3, 'GHA', 'Ghardaia', 1),
(89, 3, 'GUE', 'Guelma', 1),
(90, 3, 'ILL', 'Illizi', 1),
(91, 3, 'JIJ', 'Jijel', 1),
(92, 3, 'KHE', 'Khenchela', 1),
(93, 3, 'LAG', 'Laghouat', 1),
(94, 3, 'MUA', 'Muaskar', 1),
(95, 3, 'MED', 'Medea', 1),
(96, 3, 'MIL', 'Mila', 1),
(97, 3, 'MOS', 'Mostaganem', 1),
(98, 3, 'MSI', 'M''Sila', 1),
(99, 3, 'NAA', 'Naama', 1),
(100, 3, 'ORA', 'Oran', 1),
(101, 3, 'OUA', 'Ouargla', 1),
(102, 3, 'OEB', 'Oum el-Bouaghi', 1),
(103, 3, 'REL', 'Relizane', 1),
(104, 3, 'SAI', 'Saida', 1),
(105, 3, 'SET', 'Setif', 1),
(106, 3, 'SBA', 'Sidi Bel Abbes', 1),
(107, 3, 'SKI', 'Skikda', 1),
(108, 3, 'SAH', 'Souk Ahras', 1),
(109, 3, 'TAM', 'Tamanghasset', 1),
(110, 3, 'TEB', 'Tebessa', 1),
(111, 3, 'TIA', 'Tiaret', 1),
(112, 3, 'TIN', 'Tindouf', 1),
(113, 3, 'TIP', 'Tipaza', 1),
(114, 3, 'TIS', 'Tissemsilt', 1),
(115, 3, 'TOU', 'Tizi Ouzou', 1),
(116, 3, 'TLE', 'Tlemcen', 1),
(117, 4, 'E', 'Eastern', 1),
(118, 4, 'M', 'Manu''a', 1),
(119, 4, 'R', 'Rose Island', 1),
(120, 4, 'S', 'Swains Island', 1),
(121, 4, 'W', 'Western', 1),
(122, 5, 'ALV', 'Andorra la Vella', 1),
(123, 5, 'CAN', 'Canillo', 1),
(124, 5, 'ENC', 'Encamp', 1),
(125, 5, 'ESE', 'Escaldes-Engordany', 1),
(126, 5, 'LMA', 'La Massana', 1),
(127, 5, 'ORD', 'Ordino', 1),
(128, 5, 'SJL', 'Sant Julia de Loria', 1),
(129, 6, 'BGO', 'Bengo', 1),
(130, 6, 'BGU', 'Benguela', 1),
(131, 6, 'BIE', 'Bie', 1),
(132, 6, 'CAB', 'Cabinda', 1),
(133, 6, 'CCU', 'Cuando-Cubango', 1),
(134, 6, 'CNO', 'Cuanza Norte', 1),
(135, 6, 'CUS', 'Cuanza Sul', 1),
(136, 6, 'CNN', 'Cunene', 1),
(137, 6, 'HUA', 'Huambo', 1),
(138, 6, 'HUI', 'Huila', 1),
(139, 6, 'LUA', 'Luanda', 1),
(140, 6, 'LNO', 'Lunda Norte', 1),
(141, 6, 'LSU', 'Lunda Sul', 1),
(142, 6, 'MAL', 'Malange', 1),
(143, 6, 'MOX', 'Moxico', 1),
(144, 6, 'NAM', 'Namibe', 1),
(145, 6, 'UIG', 'Uige', 1),
(146, 6, 'ZAI', 'Zaire', 1),
(147, 9, 'ASG', 'Saint George', 1),
(148, 9, 'ASJ', 'Saint John', 1),
(149, 9, 'ASM', 'Saint Mary', 1),
(150, 9, 'ASL', 'Saint Paul', 1),
(151, 9, 'ASR', 'Saint Peter', 1),
(152, 9, 'ASH', 'Saint Philip', 1),
(153, 9, 'BAR', 'Barbuda', 1),
(154, 9, 'RED', 'Redonda', 1),
(155, 10, 'AN', 'Antartida e Islas del Atlantico', 1),
(156, 10, 'BA', 'Buenos Aires', 1),
(157, 10, 'CA', 'Catamarca', 1),
(158, 10, 'CH', 'Chaco', 1),
(159, 10, 'CU', 'Chubut', 1),
(160, 10, 'CO', 'Cordoba', 1),
(161, 10, 'CR', 'Corrientes', 1),
(162, 10, 'DF', 'Distrito Federal', 1),
(163, 10, 'ER', 'Entre Rios', 1),
(164, 10, 'FO', 'Formosa', 1),
(165, 10, 'JU', 'Jujuy', 1),
(166, 10, 'LP', 'La Pampa', 1),
(167, 10, 'LR', 'La Rioja', 1),
(168, 10, 'ME', 'Mendoza', 1),
(169, 10, 'MI', 'Misiones', 1),
(170, 10, 'NE', 'Neuquen', 1),
(171, 10, 'RN', 'Rio Negro', 1),
(172, 10, 'SA', 'Salta', 1),
(173, 10, 'SJ', 'San Juan', 1),
(174, 10, 'SL', 'San Luis', 1),
(175, 10, 'SC', 'Santa Cruz', 1),
(176, 10, 'SF', 'Santa Fe', 1),
(177, 10, 'SD', 'Santiago del Estero', 1),
(178, 10, 'TF', 'Tierra del Fuego', 1),
(179, 10, 'TU', 'Tucuman', 1),
(180, 11, 'AGT', 'Aragatsotn', 1),
(181, 11, 'ARR', 'Ararat', 1),
(182, 11, 'ARM', 'Armavir', 1),
(183, 11, 'GEG', 'Geghark''unik''', 1),
(184, 11, 'KOT', 'Kotayk''', 1),
(185, 11, 'LOR', 'Lorri', 1),
(186, 11, 'SHI', 'Shirak', 1),
(187, 11, 'SYU', 'Syunik''', 1),
(188, 11, 'TAV', 'Tavush', 1),
(189, 11, 'VAY', 'Vayots'' Dzor', 1),
(190, 11, 'YER', 'Yerevan', 1),
(191, 13, 'ACT', 'Australian Capital Territory', 1),
(192, 13, 'NSW', 'New South Wales', 1),
(193, 13, 'NT', 'Northern Territory', 1),
(194, 13, 'QLD', 'Queensland', 1),
(195, 13, 'SA', 'South Australia', 1),
(196, 13, 'TAS', 'Tasmania', 1),
(197, 13, 'VIC', 'Victoria', 1),
(198, 13, 'WA', 'Western Australia', 1),
(199, 14, 'BUR', 'Burgenland', 1),
(200, 14, 'KAR', 'K?rnten', 1),
(201, 14, 'NOS', 'Nieder&ouml;sterreich', 1),
(202, 14, 'OOS', 'Ober&ouml;sterreich', 1),
(203, 14, 'SAL', 'Salzburg', 1),
(204, 14, 'STE', 'Steiermark', 1),
(205, 14, 'TIR', 'Tirol', 1),
(206, 14, 'VOR', 'Vorarlberg', 1),
(207, 14, 'WIE', 'Wien', 1),
(208, 15, 'AB', 'Ali Bayramli', 1),
(209, 15, 'ABS', 'Abseron', 1),
(210, 15, 'AGC', 'AgcabAdi', 1),
(211, 15, 'AGM', 'Agdam', 1),
(212, 15, 'AGS', 'Agdas', 1),
(213, 15, 'AGA', 'Agstafa', 1),
(214, 15, 'AGU', 'Agsu', 1),
(215, 15, 'AST', 'Astara', 1),
(216, 15, 'BA', 'Baki', 1),
(217, 15, 'BAB', 'BabAk', 1),
(218, 15, 'BAL', 'BalakAn', 1),
(219, 15, 'BAR', 'BArdA', 1),
(220, 15, 'BEY', 'Beylaqan', 1),
(221, 15, 'BIL', 'Bilasuvar', 1),
(222, 15, 'CAB', 'Cabrayil', 1),
(223, 15, 'CAL', 'Calilabab', 1),
(224, 15, 'CUL', 'Culfa', 1),
(225, 15, 'DAS', 'Daskasan', 1),
(226, 15, 'DAV', 'Davaci', 1),
(227, 15, 'FUZ', 'Fuzuli', 1),
(228, 15, 'GA', 'Ganca', 1),
(229, 15, 'GAD', 'Gadabay', 1),
(230, 15, 'GOR', 'Goranboy', 1),
(231, 15, 'GOY', 'Goycay', 1),
(232, 15, 'HAC', 'Haciqabul', 1),
(233, 15, 'IMI', 'Imisli', 1),
(234, 15, 'ISM', 'Ismayilli', 1),
(235, 15, 'KAL', 'Kalbacar', 1),
(236, 15, 'KUR', 'Kurdamir', 1),
(237, 15, 'LA', 'Lankaran', 1),
(238, 15, 'LAC', 'Lacin', 1),
(239, 15, 'LAN', 'Lankaran', 1),
(240, 15, 'LER', 'Lerik', 1),
(241, 15, 'MAS', 'Masalli', 1),
(242, 15, 'MI', 'Mingacevir', 1),
(243, 15, 'NA', 'Naftalan', 1),
(244, 15, 'NEF', 'Neftcala', 1),
(245, 15, 'OGU', 'Oguz', 1),
(246, 15, 'ORD', 'Ordubad', 1),
(247, 15, 'QAB', 'Qabala', 1),
(248, 15, 'QAX', 'Qax', 1),
(249, 15, 'QAZ', 'Qazax', 1),
(250, 15, 'QOB', 'Qobustan', 1),
(251, 15, 'QBA', 'Quba', 1),
(252, 15, 'QBI', 'Qubadli', 1),
(253, 15, 'QUS', 'Qusar', 1),
(254, 15, 'SA', 'Saki', 1),
(255, 15, 'SAT', 'Saatli', 1),
(256, 15, 'SAB', 'Sabirabad', 1),
(257, 15, 'SAD', 'Sadarak', 1),
(258, 15, 'SAH', 'Sahbuz', 1),
(259, 15, 'SAK', 'Saki', 1),
(260, 15, 'SAL', 'Salyan', 1),
(261, 15, 'SM', 'Sumqayit', 1),
(262, 15, 'SMI', 'Samaxi', 1),
(263, 15, 'SKR', 'Samkir', 1),
(264, 15, 'SMX', 'Samux', 1),
(265, 15, 'SAR', 'Sarur', 1),
(266, 15, 'SIY', 'Siyazan', 1),
(267, 15, 'SS', 'Susa', 1),
(268, 15, 'SUS', 'Susa', 1),
(269, 15, 'TAR', 'Tartar', 1),
(270, 15, 'TOV', 'Tovuz', 1),
(271, 15, 'UCA', 'Ucar', 1),
(272, 15, 'XA', 'Xankandi', 1),
(273, 15, 'XAC', 'Xacmaz', 1),
(274, 15, 'XAN', 'Xanlar', 1),
(275, 15, 'XIZ', 'Xizi', 1),
(276, 15, 'XCI', 'Xocali', 1),
(277, 15, 'XVD', 'Xocavand', 1),
(278, 15, 'YAR', 'Yardimli', 1),
(279, 15, 'YEV', 'Yevlax', 1),
(280, 15, 'ZAN', 'Zangilan', 1),
(281, 15, 'ZAQ', 'Zaqatala', 1),
(282, 15, 'ZAR', 'Zardab', 1),
(283, 15, 'NX', 'Naxcivan', 1),
(284, 16, 'ACK', 'Acklins', 1),
(285, 16, 'BER', 'Berry Islands', 1),
(286, 16, 'BIM', 'Bimini', 1),
(287, 16, 'BLK', 'Black Point', 1),
(288, 16, 'CAT', 'Cat Island', 1),
(289, 16, 'CAB', 'Central Abaco', 1),
(290, 16, 'CAN', 'Central Andros', 1),
(291, 16, 'CEL', 'Central Eleuthera', 1),
(292, 16, 'FRE', 'City of Freeport', 1),
(293, 16, 'CRO', 'Crooked Island', 1),
(294, 16, 'EGB', 'East Grand Bahama', 1),
(295, 16, 'EXU', 'Exuma', 1),
(296, 16, 'GRD', 'Grand Cay', 1),
(297, 16, 'HAR', 'Harbour Island', 1),
(298, 16, 'HOP', 'Hope Town', 1),
(299, 16, 'INA', 'Inagua', 1),
(300, 16, 'LNG', 'Long Island', 1),
(301, 16, 'MAN', 'Mangrove Cay', 1),
(302, 16, 'MAY', 'Mayaguana', 1),
(303, 16, 'MOO', 'Moore''s Island', 1),
(304, 16, 'NAB', 'North Abaco', 1),
(305, 16, 'NAN', 'North Andros', 1),
(306, 16, 'NEL', 'North Eleuthera', 1),
(307, 16, 'RAG', 'Ragged Island', 1),
(308, 16, 'RUM', 'Rum Cay', 1),
(309, 16, 'SAL', 'San Salvador', 1),
(310, 16, 'SAB', 'South Abaco', 1),
(311, 16, 'SAN', 'South Andros', 1),
(312, 16, 'SEL', 'South Eleuthera', 1),
(313, 16, 'SWE', 'Spanish Wells', 1),
(314, 16, 'WGB', 'West Grand Bahama', 1),
(315, 17, 'CAP', 'Capital', 1),
(316, 17, 'CEN', 'Central', 1),
(317, 17, 'MUH', 'Muharraq', 1),
(318, 17, 'NOR', 'Northern', 1),
(319, 17, 'SOU', 'Southern', 1),
(320, 18, 'BAR', 'Barisal', 1),
(321, 18, 'CHI', 'Chittagong', 1),
(322, 18, 'DHA', 'Dhaka', 1),
(323, 18, 'KHU', 'Khulna', 1),
(324, 18, 'RAJ', 'Rajshahi', 1),
(325, 18, 'SYL', 'Sylhet', 1),
(326, 19, 'CC', 'Christ Church', 1),
(327, 19, 'AND', 'Saint Andrew', 1),
(328, 19, 'GEO', 'Saint George', 1),
(329, 19, 'JAM', 'Saint James', 1),
(330, 19, 'JOH', 'Saint John', 1),
(331, 19, 'JOS', 'Saint Joseph', 1),
(332, 19, 'LUC', 'Saint Lucy', 1),
(333, 19, 'MIC', 'Saint Michael', 1),
(334, 19, 'PET', 'Saint Peter', 1),
(335, 19, 'PHI', 'Saint Philip', 1),
(336, 19, 'THO', 'Saint Thomas', 1),
(337, 20, 'BR', 'Brestskaya (Brest)', 1),
(338, 20, 'HO', 'Homyel''skaya (Homyel'')', 1),
(339, 20, 'HM', 'Horad Minsk', 1),
(340, 20, 'HR', 'Hrodzyenskaya (Hrodna)', 1),
(341, 20, 'MA', 'Mahilyowskaya (Mahilyow)', 1),
(342, 20, 'MI', 'Minskaya', 1),
(343, 20, 'VI', 'Vitsyebskaya (Vitsyebsk)', 1),
(344, 21, 'VAN', 'Antwerpen', 1),
(345, 21, 'WBR', 'Brabant Wallon', 1),
(346, 21, 'WHT', 'Hainaut', 1),
(347, 21, 'WLG', 'Liege', 1),
(348, 21, 'VLI', 'Limburg', 1),
(349, 21, 'WLX', 'Luxembourg', 1),
(350, 21, 'WNA', 'Namur', 1),
(351, 21, 'VOV', 'Oost-Vlaanderen', 1),
(352, 21, 'VBR', 'Vlaams Brabant', 1),
(353, 21, 'VWV', 'West-Vlaanderen', 1),
(354, 22, 'BZ', 'Belize', 1),
(355, 22, 'CY', 'Cayo', 1),
(356, 22, 'CR', 'Corozal', 1),
(357, 22, 'OW', 'Orange Walk', 1),
(358, 22, 'SC', 'Stann Creek', 1),
(359, 22, 'TO', 'Toledo', 1),
(360, 23, 'AL', 'Alibori', 1),
(361, 23, 'AK', 'Atakora', 1),
(362, 23, 'AQ', 'Atlantique', 1),
(363, 23, 'BO', 'Borgou', 1),
(364, 23, 'CO', 'Collines', 1),
(365, 23, 'DO', 'Donga', 1),
(366, 23, 'KO', 'Kouffo', 1),
(367, 23, 'LI', 'Littoral', 1),
(368, 23, 'MO', 'Mono', 1),
(369, 23, 'OU', 'Oueme', 1),
(370, 23, 'PL', 'Plateau', 1),
(371, 23, 'ZO', 'Zou', 1),
(372, 24, 'DS', 'Devonshire', 1),
(373, 24, 'HC', 'Hamilton City', 1),
(374, 24, 'HA', 'Hamilton', 1),
(375, 24, 'PG', 'Paget', 1),
(376, 24, 'PB', 'Pembroke', 1),
(377, 24, 'GC', 'Saint George City', 1),
(378, 24, 'SG', 'Saint George''s', 1),
(379, 24, 'SA', 'Sandys', 1),
(380, 24, 'SM', 'Smith''s', 1),
(381, 24, 'SH', 'Southampton', 1),
(382, 24, 'WA', 'Warwick', 1),
(383, 25, 'BUM', 'Bumthang', 1),
(384, 25, 'CHU', 'Chukha', 1),
(385, 25, 'DAG', 'Dagana', 1),
(386, 25, 'GAS', 'Gasa', 1),
(387, 25, 'HAA', 'Haa', 1),
(388, 25, 'LHU', 'Lhuntse', 1),
(389, 25, 'MON', 'Mongar', 1),
(390, 25, 'PAR', 'Paro', 1),
(391, 25, 'PEM', 'Pemagatshel', 1),
(392, 25, 'PUN', 'Punakha', 1),
(393, 25, 'SJO', 'Samdrup Jongkhar', 1),
(394, 25, 'SAT', 'Samtse', 1),
(395, 25, 'SAR', 'Sarpang', 1),
(396, 25, 'THI', 'Thimphu', 1),
(397, 25, 'TRG', 'Trashigang', 1),
(398, 25, 'TRY', 'Trashiyangste', 1),
(399, 25, 'TRO', 'Trongsa', 1),
(400, 25, 'TSI', 'Tsirang', 1),
(401, 25, 'WPH', 'Wangdue Phodrang', 1),
(402, 25, 'ZHE', 'Zhemgang', 1),
(403, 26, 'BEN', 'Beni', 1),
(404, 26, 'CHU', 'Chuquisaca', 1),
(405, 26, 'COC', 'Cochabamba', 1),
(406, 26, 'LPZ', 'La Paz', 1),
(407, 26, 'ORU', 'Oruro', 1),
(408, 26, 'PAN', 'Pando', 1),
(409, 26, 'POT', 'Potosi', 1),
(410, 26, 'SCZ', 'Santa Cruz', 1),
(411, 26, 'TAR', 'Tarija', 1),
(412, 27, 'BRO', 'Brcko district', 1),
(413, 27, 'FUS', 'Unsko-Sanski Kanton', 1),
(414, 27, 'FPO', 'Posavski Kanton', 1),
(415, 27, 'FTU', 'Tuzlanski Kanton', 1),
(416, 27, 'FZE', 'Zenicko-Dobojski Kanton', 1),
(417, 27, 'FBP', 'Bosanskopodrinjski Kanton', 1),
(418, 27, 'FSB', 'Srednjebosanski Kanton', 1),
(419, 27, 'FHN', 'Hercegovacko-neretvanski Kanton', 1),
(420, 27, 'FZH', 'Zapadnohercegovacka Zupanija', 1),
(421, 27, 'FSA', 'Kanton Sarajevo', 1),
(422, 27, 'FZA', 'Zapadnobosanska', 1),
(423, 27, 'SBL', 'Banja Luka', 1),
(424, 27, 'SDO', 'Doboj', 1),
(425, 27, 'SBI', 'Bijeljina', 1),
(426, 27, 'SVL', 'Vlasenica', 1),
(427, 27, 'SSR', 'Sarajevo-Romanija or Sokolac', 1),
(428, 27, 'SFO', 'Foca', 1),
(429, 27, 'STR', 'Trebinje', 1),
(430, 28, 'CE', 'Central', 1),
(431, 28, 'GH', 'Ghanzi', 1),
(432, 28, 'KD', 'Kgalagadi', 1),
(433, 28, 'KT', 'Kgatleng', 1),
(434, 28, 'KW', 'Kweneng', 1),
(435, 28, 'NG', 'Ngamiland', 1),
(436, 28, 'NE', 'North East', 1),
(437, 28, 'NW', 'North West', 1),
(438, 28, 'SE', 'South East', 1),
(439, 28, 'SO', 'Southern', 1),
(440, 30, 'AC', 'Acre', 1),
(441, 30, 'AL', 'Alagoas', 1),
(442, 30, 'AP', 'Amapa', 1),
(443, 30, 'AM', 'Amazonas', 1),
(444, 30, 'BA', 'Bahia', 1),
(445, 30, 'CE', 'Ceara', 1),
(446, 30, 'DF', 'Distrito Federal', 1),
(447, 30, 'ES', 'Espirito Santo', 1),
(448, 30, 'GO', 'Goias', 1),
(449, 30, 'MA', 'Maranhao', 1),
(450, 30, 'MT', 'Mato Grosso', 1),
(451, 30, 'MS', 'Mato Grosso do Sul', 1),
(452, 30, 'MG', 'Minas Gerais', 1),
(453, 30, 'PA', 'Para', 1),
(454, 30, 'PB', 'Paraiba', 1),
(455, 30, 'PR', 'Parana', 1),
(456, 30, 'PE', 'Pernambuco', 1),
(457, 30, 'PI', 'Piaui', 1),
(458, 30, 'RJ', 'Rio de Janeiro', 1),
(459, 30, 'RN', 'Rio Grande do Norte', 1),
(460, 30, 'RS', 'Rio Grande do Sul', 1),
(461, 30, 'RO', 'Rondonia', 1),
(462, 30, 'RR', 'Roraima', 1),
(463, 30, 'SC', 'Santa Catarina', 1),
(464, 30, 'SP', 'Sao Paulo', 1),
(465, 30, 'SE', 'Sergipe', 1),
(466, 30, 'TO', 'Tocantins', 1),
(467, 31, 'PB', 'Peros Banhos', 1),
(468, 31, 'SI', 'Salomon Islands', 1),
(469, 31, 'NI', 'Nelsons Island', 1),
(470, 31, 'TB', 'Three Brothers', 1),
(471, 31, 'EA', 'Eagle Islands', 1),
(472, 31, 'DI', 'Danger Island', 1),
(473, 31, 'EG', 'Egmont Islands', 1),
(474, 31, 'DG', 'Diego Garcia', 1),
(475, 32, 'BEL', 'Belait', 1),
(476, 32, 'BRM', 'Brunei and Muara', 1),
(477, 32, 'TEM', 'Temburong', 1),
(478, 32, 'TUT', 'Tutong', 1),
(479, 33, '', 'Blagoevgrad', 1),
(480, 33, '', 'Burgas', 1),
(481, 33, '', 'Dobrich', 1),
(482, 33, '', 'Gabrovo', 1),
(483, 33, '', 'Haskovo', 1),
(484, 33, '', 'Kardjali', 1),
(485, 33, '', 'Kyustendil', 1),
(486, 33, '', 'Lovech', 1),
(487, 33, '', 'Montana', 1),
(488, 33, '', 'Pazardjik', 1),
(489, 33, '', 'Pernik', 1),
(490, 33, '', 'Pleven', 1),
(491, 33, '', 'Plovdiv', 1),
(492, 33, '', 'Razgrad', 1),
(493, 33, '', 'Shumen', 1),
(494, 33, '', 'Silistra', 1),
(495, 33, '', 'Sliven', 1),
(496, 33, '', 'Smolyan', 1),
(497, 33, '', 'Sofia', 1),
(498, 33, '', 'Sofia - town', 1),
(499, 33, '', 'Stara Zagora', 1),
(500, 33, '', 'Targovishte', 1),
(501, 33, '', 'Varna', 1),
(502, 33, '', 'Veliko Tarnovo', 1),
(503, 33, '', 'Vidin', 1),
(504, 33, '', 'Vratza', 1),
(505, 33, '', 'Yambol', 1),
(506, 34, 'BAL', 'Bale', 1),
(507, 34, 'BAM', 'Bam', 1),
(508, 34, 'BAN', 'Banwa', 1),
(509, 34, 'BAZ', 'Bazega', 1),
(510, 34, 'BOR', 'Bougouriba', 1),
(511, 34, 'BLG', 'Boulgou', 1),
(512, 34, 'BOK', 'Boulkiemde', 1),
(513, 34, 'COM', 'Comoe', 1),
(514, 34, 'GAN', 'Ganzourgou', 1),
(515, 34, 'GNA', 'Gnagna', 1),
(516, 34, 'GOU', 'Gourma', 1),
(517, 34, 'HOU', 'Houet', 1),
(518, 34, 'IOA', 'Ioba', 1),
(519, 34, 'KAD', 'Kadiogo', 1),
(520, 34, 'KEN', 'Kenedougou', 1),
(521, 34, 'KOD', 'Komondjari', 1),
(522, 34, 'KOP', 'Kompienga', 1),
(523, 34, 'KOS', 'Kossi', 1),
(524, 34, 'KOL', 'Koulpelogo', 1),
(525, 34, 'KOT', 'Kouritenga', 1),
(526, 34, 'KOW', 'Kourweogo', 1),
(527, 34, 'LER', 'Leraba', 1),
(528, 34, 'LOR', 'Loroum', 1),
(529, 34, 'MOU', 'Mouhoun', 1),
(530, 34, 'NAH', 'Nahouri', 1),
(531, 34, 'NAM', 'Namentenga', 1),
(532, 34, 'NAY', 'Nayala', 1),
(533, 34, 'NOU', 'Noumbiel', 1),
(534, 34, 'OUB', 'Oubritenga', 1),
(535, 34, 'OUD', 'Oudalan', 1),
(536, 34, 'PAS', 'Passore', 1),
(537, 34, 'PON', 'Poni', 1),
(538, 34, 'SAG', 'Sanguie', 1),
(539, 34, 'SAM', 'Sanmatenga', 1),
(540, 34, 'SEN', 'Seno', 1),
(541, 34, 'SIS', 'Sissili', 1),
(542, 34, 'SOM', 'Soum', 1),
(543, 34, 'SOR', 'Sourou', 1),
(544, 34, 'TAP', 'Tapoa', 1),
(545, 34, 'TUY', 'Tuy', 1),
(546, 34, 'YAG', 'Yagha', 1),
(547, 34, 'YAT', 'Yatenga', 1),
(548, 34, 'ZIR', 'Ziro', 1),
(549, 34, 'ZOD', 'Zondoma', 1),
(550, 34, 'ZOW', 'Zoundweogo', 1),
(551, 35, 'BB', 'Bubanza', 1),
(552, 35, 'BJ', 'Bujumbura', 1),
(553, 35, 'BR', 'Bururi', 1),
(554, 35, 'CA', 'Cankuzo', 1),
(555, 35, 'CI', 'Cibitoke', 1),
(556, 35, 'GI', 'Gitega', 1),
(557, 35, 'KR', 'Karuzi', 1),
(558, 35, 'KY', 'Kayanza', 1),
(559, 35, 'KI', 'Kirundo', 1),
(560, 35, 'MA', 'Makamba', 1),
(561, 35, 'MU', 'Muramvya', 1),
(562, 35, 'MY', 'Muyinga', 1),
(563, 35, 'MW', 'Mwaro', 1),
(564, 35, 'NG', 'Ngozi', 1),
(565, 35, 'RT', 'Rutana', 1),
(566, 35, 'RY', 'Ruyigi', 1),
(567, 36, 'PP', 'Phnom Penh', 1),
(568, 36, 'PS', 'Preah Seihanu (Kompong Som or Sihanoukville)', 1),
(569, 36, 'PA', 'Pailin', 1),
(570, 36, 'KB', 'Keb', 1),
(571, 36, 'BM', 'Banteay Meanchey', 1),
(572, 36, 'BA', 'Battambang', 1),
(573, 36, 'KM', 'Kampong Cham', 1),
(574, 36, 'KN', 'Kampong Chhnang', 1),
(575, 36, 'KU', 'Kampong Speu', 1),
(576, 36, 'KO', 'Kampong Som', 1),
(577, 36, 'KT', 'Kampong Thom', 1),
(578, 36, 'KP', 'Kampot', 1),
(579, 36, 'KL', 'Kandal', 1),
(580, 36, 'KK', 'Kaoh Kong', 1),
(581, 36, 'KR', 'Kratie', 1),
(582, 36, 'MK', 'Mondul Kiri', 1),
(583, 36, 'OM', 'Oddar Meancheay', 1),
(584, 36, 'PU', 'Pursat', 1),
(585, 36, 'PR', 'Preah Vihear', 1),
(586, 36, 'PG', 'Prey Veng', 1),
(587, 36, 'RK', 'Ratanak Kiri', 1),
(588, 36, 'SI', 'Siemreap', 1),
(589, 36, 'ST', 'Stung Treng', 1),
(590, 36, 'SR', 'Svay Rieng', 1),
(591, 36, 'TK', 'Takeo', 1),
(592, 37, 'ADA', 'Adamawa (Adamaoua)', 1),
(593, 37, 'CEN', 'Centre', 1),
(594, 37, 'EST', 'East (Est)', 1),
(595, 37, 'EXN', 'Extreme North (Extreme-Nord)', 1),
(596, 37, 'LIT', 'Littoral', 1),
(597, 37, 'NOR', 'North (Nord)', 1),
(598, 37, 'NOT', 'Northwest (Nord-Ouest)', 1),
(599, 37, 'OUE', 'West (Ouest)', 1),
(600, 37, 'SUD', 'South (Sud)', 1),
(601, 37, 'SOU', 'Southwest (Sud-Ouest).', 1),
(602, 38, 'AB', 'Alberta', 1),
(603, 38, 'BC', 'British Columbia', 1),
(604, 38, 'MB', 'Manitoba', 1),
(605, 38, 'NB', 'New Brunswick', 1),
(606, 38, 'NL', 'Newfoundland and Labrador', 1),
(607, 38, 'NT', 'Northwest Territories', 1),
(608, 38, 'NS', 'Nova Scotia', 1),
(609, 38, 'NU', 'Nunavut', 1),
(610, 38, 'ON', 'Ontario', 1),
(611, 38, 'PE', 'Prince Edward Island', 1),
(612, 38, 'QC', 'Qu&eacute;bec', 1),
(613, 38, 'SK', 'Saskatchewan', 1),
(614, 38, 'YT', 'Yukon Territory', 1),
(615, 39, 'BV', 'Boa Vista', 1),
(616, 39, 'BR', 'Brava', 1),
(617, 39, 'CS', 'Calheta de Sao Miguel', 1),
(618, 39, 'MA', 'Maio', 1),
(619, 39, 'MO', 'Mosteiros', 1),
(620, 39, 'PA', 'Paul', 1),
(621, 39, 'PN', 'Porto Novo', 1),
(622, 39, 'PR', 'Praia', 1),
(623, 39, 'RG', 'Ribeira Grande', 1),
(624, 39, 'SL', 'Sal', 1),
(625, 39, 'CA', 'Santa Catarina', 1),
(626, 39, 'CR', 'Santa Cruz', 1),
(627, 39, 'SD', 'Sao Domingos', 1),
(628, 39, 'SF', 'Sao Filipe', 1),
(629, 39, 'SN', 'Sao Nicolau', 1),
(630, 39, 'SV', 'Sao Vicente', 1),
(631, 39, 'TA', 'Tarrafal', 1),
(632, 40, 'CR', 'Creek', 1),
(633, 40, 'EA', 'Eastern', 1),
(634, 40, 'ML', 'Midland', 1),
(635, 40, 'ST', 'South Town', 1),
(636, 40, 'SP', 'Spot Bay', 1),
(637, 40, 'SK', 'Stake Bay', 1),
(638, 40, 'WD', 'West End', 1),
(639, 40, 'WN', 'Western', 1),
(640, 41, 'BBA', 'Bamingui-Bangoran', 1),
(641, 41, 'BKO', 'Basse-Kotto', 1),
(642, 41, 'HKO', 'Haute-Kotto', 1),
(643, 41, 'HMB', 'Haut-Mbomou', 1),
(644, 41, 'KEM', 'Kemo', 1),
(645, 41, 'LOB', 'Lobaye', 1),
(646, 41, 'MKD', 'Mambere-Kade?', 1),
(647, 41, 'MBO', 'Mbomou', 1),
(648, 41, 'NMM', 'Nana-Mambere', 1),
(649, 41, 'OMP', 'Ombella-M''Poko', 1),
(650, 41, 'OUK', 'Ouaka', 1),
(651, 41, 'OUH', 'Ouham', 1),
(652, 41, 'OPE', 'Ouham-Pende', 1),
(653, 41, 'VAK', 'Vakaga', 1),
(654, 41, 'NGR', 'Nana-Grebizi', 1),
(655, 41, 'SMB', 'Sangha-Mbaere', 1),
(656, 41, 'BAN', 'Bangui', 1),
(657, 42, 'BA', 'Batha', 1),
(658, 42, 'BI', 'Biltine', 1),
(659, 42, 'BE', 'Borkou-Ennedi-Tibesti', 1),
(660, 42, 'CB', 'Chari-Baguirmi', 1),
(661, 42, 'GU', 'Guera', 1),
(662, 42, 'KA', 'Kanem', 1),
(663, 42, 'LA', 'Lac', 1),
(664, 42, 'LC', 'Logone Occidental', 1),
(665, 42, 'LR', 'Logone Oriental', 1),
(666, 42, 'MK', 'Mayo-Kebbi', 1),
(667, 42, 'MC', 'Moyen-Chari', 1),
(668, 42, 'OU', 'Ouaddai', 1),
(669, 42, 'SA', 'Salamat', 1),
(670, 42, 'TA', 'Tandjile', 1),
(671, 43, 'AI', 'Aisen del General Carlos Ibanez', 1),
(672, 43, 'AN', 'Antofagasta', 1),
(673, 43, 'AR', 'Araucania', 1),
(674, 43, 'AT', 'Atacama', 1),
(675, 43, 'BI', 'Bio-Bio', 1),
(676, 43, 'CO', 'Coquimbo', 1),
(677, 43, 'LI', 'Libertador General Bernardo O''Hi', 1),
(678, 43, 'LL', 'Los Lagos', 1),
(679, 43, 'MA', 'Magallanes y de la Antartica Chi', 1),
(680, 43, 'ML', 'Maule', 1),
(681, 43, 'RM', 'Region Metropolitana', 1),
(682, 43, 'TA', 'Tarapaca', 1),
(683, 43, 'VS', 'Valparaiso', 1),
(684, 44, 'AN', 'Anhui', 1),
(685, 44, 'BE', 'Beijing', 1),
(686, 44, 'CH', 'Chongqing', 1),
(687, 44, 'FU', 'Fujian', 1),
(688, 44, 'GA', 'Gansu', 1),
(689, 44, 'GU', 'Guangdong', 1),
(690, 44, 'GX', 'Guangxi', 1),
(691, 44, 'GZ', 'Guizhou', 1),
(692, 44, 'HA', 'Hainan', 1),
(693, 44, 'HB', 'Hebei', 1),
(694, 44, 'HL', 'Heilongjiang', 1),
(695, 44, 'HE', 'Henan', 1),
(696, 44, 'HK', 'Hong Kong', 1),
(697, 44, 'HU', 'Hubei', 1),
(698, 44, 'HN', 'Hunan', 1),
(699, 44, 'IM', 'Inner Mongolia', 1),
(700, 44, 'JI', 'Jiangsu', 1),
(701, 44, 'JX', 'Jiangxi', 1),
(702, 44, 'JL', 'Jilin', 1),
(703, 44, 'LI', 'Liaoning', 1),
(704, 44, 'MA', 'Macau', 1),
(705, 44, 'NI', 'Ningxia', 1),
(706, 44, 'SH', 'Shaanxi', 1),
(707, 44, 'SA', 'Shandong', 1),
(708, 44, 'SG', 'Shanghai', 1),
(709, 44, 'SX', 'Shanxi', 1),
(710, 44, 'SI', 'Sichuan', 1),
(711, 44, 'TI', 'Tianjin', 1),
(712, 44, 'XI', 'Xinjiang', 1),
(713, 44, 'YU', 'Yunnan', 1),
(714, 44, 'ZH', 'Zhejiang', 1),
(715, 46, 'D', 'Direction Island', 1),
(716, 46, 'H', 'Home Island', 1),
(717, 46, 'O', 'Horsburgh Island', 1),
(718, 46, 'S', 'South Island', 1),
(719, 46, 'W', 'West Island', 1),
(720, 47, 'AMZ', 'Amazonas', 1),
(721, 47, 'ANT', 'Antioquia', 1),
(722, 47, 'ARA', 'Arauca', 1),
(723, 47, 'ATL', 'Atlantico', 1),
(724, 47, 'BDC', 'Bogota D.C.', 1),
(725, 47, 'BOL', 'Bolivar', 1),
(726, 47, 'BOY', 'Boyaca', 1),
(727, 47, 'CAL', 'Caldas', 1),
(728, 47, 'CAQ', 'Caqueta', 1),
(729, 47, 'CAS', 'Casanare', 1),
(730, 47, 'CAU', 'Cauca', 1),
(731, 47, 'CES', 'Cesar', 1),
(732, 47, 'CHO', 'Choco', 1),
(733, 47, 'COR', 'Cordoba', 1),
(734, 47, 'CAM', 'Cundinamarca', 1),
(735, 47, 'GNA', 'Guainia', 1),
(736, 47, 'GJR', 'Guajira', 1),
(737, 47, 'GVR', 'Guaviare', 1),
(738, 47, 'HUI', 'Huila', 1),
(739, 47, 'MAG', 'Magdalena', 1),
(740, 47, 'MET', 'Meta', 1),
(741, 47, 'NAR', 'Narino', 1),
(742, 47, 'NDS', 'Norte de Santander', 1),
(743, 47, 'PUT', 'Putumayo', 1),
(744, 47, 'QUI', 'Quindio', 1),
(745, 47, 'RIS', 'Risaralda', 1),
(746, 47, 'SAP', 'San Andres y Providencia', 1),
(747, 47, 'SAN', 'Santander', 1),
(748, 47, 'SUC', 'Sucre', 1),
(749, 47, 'TOL', 'Tolima', 1),
(750, 47, 'VDC', 'Valle del Cauca', 1),
(751, 47, 'VAU', 'Vaupes', 1),
(752, 47, 'VIC', 'Vichada', 1),
(753, 48, 'G', 'Grande Comore', 1),
(754, 48, 'A', 'Anjouan', 1),
(755, 48, 'M', 'Moheli', 1),
(756, 49, 'BO', 'Bouenza', 1),
(757, 49, 'BR', 'Brazzaville', 1),
(758, 49, 'CU', 'Cuvette', 1),
(759, 49, 'CO', 'Cuvette-Ouest', 1),
(760, 49, 'KO', 'Kouilou', 1),
(761, 49, 'LE', 'Lekoumou', 1),
(762, 49, 'LI', 'Likouala', 1),
(763, 49, 'NI', 'Niari', 1),
(764, 49, 'PL', 'Plateaux', 1),
(765, 49, 'PO', 'Pool', 1),
(766, 49, 'SA', 'Sangha', 1),
(767, 50, 'PU', 'Pukapuka', 1),
(768, 50, 'RK', 'Rakahanga', 1),
(769, 50, 'MK', 'Manihiki', 1),
(770, 50, 'PE', 'Penrhyn', 1),
(771, 50, 'NI', 'Nassau Island', 1),
(772, 50, 'SU', 'Surwarrow', 1),
(773, 50, 'PA', 'Palmerston', 1),
(774, 50, 'AI', 'Aitutaki', 1),
(775, 50, 'MA', 'Manuae', 1),
(776, 50, 'TA', 'Takutea', 1),
(777, 50, 'MT', 'Mitiaro', 1),
(778, 50, 'AT', 'Atiu', 1),
(779, 50, 'MU', 'Mauke', 1),
(780, 50, 'RR', 'Rarotonga', 1),
(781, 50, 'MG', 'Mangaia', 1),
(782, 51, 'AL', 'Alajuela', 1),
(783, 51, 'CA', 'Cartago', 1),
(784, 51, 'GU', 'Guanacaste', 1),
(785, 51, 'HE', 'Heredia', 1),
(786, 51, 'LI', 'Limon', 1),
(787, 51, 'PU', 'Puntarenas', 1),
(788, 51, 'SJ', 'San Jose', 1),
(789, 52, 'ABE', 'Abengourou', 1),
(790, 52, 'ABI', 'Abidjan', 1),
(791, 52, 'ABO', 'Aboisso', 1),
(792, 52, 'ADI', 'Adiake', 1),
(793, 52, 'ADZ', 'Adzope', 1),
(794, 52, 'AGB', 'Agboville', 1),
(795, 52, 'AGN', 'Agnibilekrou', 1),
(796, 52, 'ALE', 'Alepe', 1),
(797, 52, 'BOC', 'Bocanda', 1),
(798, 52, 'BAN', 'Bangolo', 1),
(799, 52, 'BEO', 'Beoumi', 1),
(800, 52, 'BIA', 'Biankouma', 1),
(801, 52, 'BDK', 'Bondoukou', 1),
(802, 52, 'BGN', 'Bongouanou', 1),
(803, 52, 'BFL', 'Bouafle', 1),
(804, 52, 'BKE', 'Bouake', 1),
(805, 52, 'BNA', 'Bouna', 1),
(806, 52, 'BDL', 'Boundiali', 1),
(807, 52, 'DKL', 'Dabakala', 1),
(808, 52, 'DBU', 'Dabou', 1),
(809, 52, 'DAL', 'Daloa', 1),
(810, 52, 'DAN', 'Danane', 1),
(811, 52, 'DAO', 'Daoukro', 1),
(812, 52, 'DIM', 'Dimbokro', 1),
(813, 52, 'DIV', 'Divo', 1),
(814, 52, 'DUE', 'Duekoue', 1),
(815, 52, 'FER', 'Ferkessedougou', 1),
(816, 52, 'GAG', 'Gagnoa', 1),
(817, 52, 'GBA', 'Grand-Bassam', 1),
(818, 52, 'GLA', 'Grand-Lahou', 1),
(819, 52, 'GUI', 'Guiglo', 1),
(820, 52, 'ISS', 'Issia', 1),
(821, 52, 'JAC', 'Jacqueville', 1),
(822, 52, 'KAT', 'Katiola', 1),
(823, 52, 'KOR', 'Korhogo', 1),
(824, 52, 'LAK', 'Lakota', 1),
(825, 52, 'MAN', 'Man', 1),
(826, 52, 'MKN', 'Mankono', 1),
(827, 52, 'MBA', 'Mbahiakro', 1),
(828, 52, 'ODI', 'Odienne', 1),
(829, 52, 'OUM', 'Oume', 1),
(830, 52, 'SAK', 'Sakassou', 1),
(831, 52, 'SPE', 'San-Pedro', 1),
(832, 52, 'SAS', 'Sassandra', 1),
(833, 52, 'SEG', 'Seguela', 1),
(834, 52, 'SIN', 'Sinfra', 1),
(835, 52, 'SOU', 'Soubre', 1),
(836, 52, 'TAB', 'Tabou', 1),
(837, 52, 'TAN', 'Tanda', 1),
(838, 52, 'TIE', 'Tiebissou', 1),
(839, 52, 'TIN', 'Tingrela', 1),
(840, 52, 'TIA', 'Tiassale', 1),
(841, 52, 'TBA', 'Touba', 1),
(842, 52, 'TLP', 'Toulepleu', 1),
(843, 52, 'TMD', 'Toumodi', 1),
(844, 52, 'VAV', 'Vavoua', 1),
(845, 52, 'YAM', 'Yamoussoukro', 1),
(846, 52, 'ZUE', 'Zuenoula', 1),
(847, 53, 'BB', 'Bjelovar-Bilogora', 1),
(848, 53, 'CZ', 'City of Zagreb', 1),
(849, 53, 'DN', 'Dubrovnik-Neretva', 1),
(850, 53, 'IS', 'Istra', 1),
(851, 53, 'KA', 'Karlovac', 1),
(852, 53, 'KK', 'Koprivnica-Krizevci', 1),
(853, 53, 'KZ', 'Krapina-Zagorje', 1),
(854, 53, 'LS', 'Lika-Senj', 1),
(855, 53, 'ME', 'Medimurje', 1),
(856, 53, 'OB', 'Osijek-Baranja', 1),
(857, 53, 'PS', 'Pozega-Slavonia', 1),
(858, 53, 'PG', 'Primorje-Gorski Kotar', 1),
(859, 53, 'SI', 'Sibenik', 1),
(860, 53, 'SM', 'Sisak-Moslavina', 1),
(861, 53, 'SB', 'Slavonski Brod-Posavina', 1),
(862, 53, 'SD', 'Split-Dalmatia', 1),
(863, 53, 'VA', 'Varazdin', 1),
(864, 53, 'VP', 'Virovitica-Podravina', 1),
(865, 53, 'VS', 'Vukovar-Srijem', 1),
(866, 53, 'ZK', 'Zadar-Knin', 1),
(867, 53, 'ZA', 'Zagreb', 1),
(868, 54, 'CA', 'Camaguey', 1),
(869, 54, 'CD', 'Ciego de Avila', 1),
(870, 54, 'CI', 'Cienfuegos', 1),
(871, 54, 'CH', 'Ciudad de La Habana', 1),
(872, 54, 'GR', 'Granma', 1),
(873, 54, 'GU', 'Guantanamo', 1),
(874, 54, 'HO', 'Holguin', 1),
(875, 54, 'IJ', 'Isla de la Juventud', 1),
(876, 54, 'LH', 'La Habana', 1),
(877, 54, 'LT', 'Las Tunas', 1),
(878, 54, 'MA', 'Matanzas', 1),
(879, 54, 'PR', 'Pinar del Rio', 1),
(880, 54, 'SS', 'Sancti Spiritus', 1),
(881, 54, 'SC', 'Santiago de Cuba', 1),
(882, 54, 'VC', 'Villa Clara', 1),
(883, 55, 'F', 'Famagusta', 1),
(884, 55, 'K', 'Kyrenia', 1),
(885, 55, 'A', 'Larnaca', 1),
(886, 55, 'I', 'Limassol', 1),
(887, 55, 'N', 'Nicosia', 1),
(888, 55, 'P', 'Paphos', 1),
(889, 56, 'U', 'Ustecky', 1),
(890, 56, 'C', 'Jihocesky', 1),
(891, 56, 'B', 'Jihomoravsky', 1),
(892, 56, 'K', 'Karlovarsky', 1),
(893, 56, 'H', 'Kralovehradecky', 1),
(894, 56, 'L', 'Liberecky', 1),
(895, 56, 'T', 'Moravskoslezsky', 1),
(896, 56, 'M', 'Olomoucky', 1),
(897, 56, 'E', 'Pardubicky', 1),
(898, 56, 'P', 'Plzensky', 1),
(899, 56, 'A', 'Praha', 1),
(900, 56, 'S', 'Stredocesky', 1),
(901, 56, 'J', 'Vysocina', 1),
(902, 56, 'Z', 'Zlinsky', 1),
(903, 57, 'AR', 'Arhus', 1),
(904, 57, 'BH', 'Bornholm', 1),
(905, 57, 'CO', 'Copenhagen', 1),
(906, 57, 'FO', 'Faroe Islands', 1),
(907, 57, 'FR', 'Frederiksborg', 1),
(908, 57, 'FY', 'Fyn', 1),
(909, 57, 'KO', 'Kobenhavn', 1),
(910, 57, 'NO', 'Nordjylland', 1),
(911, 57, 'RI', 'Ribe', 1),
(912, 57, 'RK', 'Ringkobing', 1),
(913, 57, 'RO', 'Roskilde', 1),
(914, 57, 'SO', 'Sonderjylland', 1),
(915, 57, 'ST', 'Storstrom', 1),
(916, 57, 'VK', 'Vejle', 1),
(917, 57, 'VJ', 'Vestj&aelig;lland', 1),
(918, 57, 'VB', 'Viborg', 1),
(919, 58, 'S', '''Ali Sabih', 1),
(920, 58, 'K', 'Dikhil', 1),
(921, 58, 'J', 'Djibouti', 1),
(922, 58, 'O', 'Obock', 1),
(923, 58, 'T', 'Tadjoura', 1),
(924, 59, 'AND', 'Saint Andrew Parish', 1),
(925, 59, 'DAV', 'Saint David Parish', 1),
(926, 59, 'GEO', 'Saint George Parish', 1),
(927, 59, 'JOH', 'Saint John Parish', 1),
(928, 59, 'JOS', 'Saint Joseph Parish', 1),
(929, 59, 'LUK', 'Saint Luke Parish', 1),
(930, 59, 'MAR', 'Saint Mark Parish', 1),
(931, 59, 'PAT', 'Saint Patrick Parish', 1),
(932, 59, 'PAU', 'Saint Paul Parish', 1),
(933, 59, 'PET', 'Saint Peter Parish', 1),
(934, 60, 'DN', 'Distrito Nacional', 1),
(935, 60, 'AZ', 'Azua', 1),
(936, 60, 'BC', 'Baoruco', 1),
(937, 60, 'BH', 'Barahona', 1),
(938, 60, 'DJ', 'Dajabon', 1),
(939, 60, 'DU', 'Duarte', 1),
(940, 60, 'EL', 'Elias Pina', 1),
(941, 60, 'SY', 'El Seybo', 1),
(942, 60, 'ET', 'Espaillat', 1),
(943, 60, 'HM', 'Hato Mayor', 1),
(944, 60, 'IN', 'Independencia', 1),
(945, 60, 'AL', 'La Altagracia', 1),
(946, 60, 'RO', 'La Romana', 1),
(947, 60, 'VE', 'La Vega', 1),
(948, 60, 'MT', 'Maria Trinidad Sanchez', 1),
(949, 60, 'MN', 'Monsenor Nouel', 1),
(950, 60, 'MC', 'Monte Cristi', 1),
(951, 60, 'MP', 'Monte Plata', 1),
(952, 60, 'PD', 'Pedernales', 1),
(953, 60, 'PR', 'Peravia (Bani)', 1),
(954, 60, 'PP', 'Puerto Plata', 1),
(955, 60, 'SL', 'Salcedo', 1),
(956, 60, 'SM', 'Samana', 1),
(957, 60, 'SH', 'Sanchez Ramirez', 1),
(958, 60, 'SC', 'San Cristobal', 1),
(959, 60, 'JO', 'San Jose de Ocoa', 1),
(960, 60, 'SJ', 'San Juan', 1),
(961, 60, 'PM', 'San Pedro de Macoris', 1),
(962, 60, 'SA', 'Santiago', 1),
(963, 60, 'ST', 'Santiago Rodriguez', 1),
(964, 60, 'SD', 'Santo Domingo', 1),
(965, 60, 'VA', 'Valverde', 1),
(966, 61, 'AL', 'Aileu', 1),
(967, 61, 'AN', 'Ainaro', 1),
(968, 61, 'BA', 'Baucau', 1),
(969, 61, 'BO', 'Bobonaro', 1),
(970, 61, 'CO', 'Cova Lima', 1),
(971, 61, 'DI', 'Dili', 1),
(972, 61, 'ER', 'Ermera', 1),
(973, 61, 'LA', 'Lautem', 1),
(974, 61, 'LI', 'Liquica', 1),
(975, 61, 'MT', 'Manatuto', 1),
(976, 61, 'MF', 'Manufahi', 1),
(977, 61, 'OE', 'Oecussi', 1),
(978, 61, 'VI', 'Viqueque', 1),
(979, 62, 'AZU', 'Azuay', 1),
(980, 62, 'BOL', 'Bolivar', 1),
(981, 62, 'CAN', 'Ca&ntilde;ar', 1),
(982, 62, 'CAR', 'Carchi', 1),
(983, 62, 'CHI', 'Chimborazo', 1),
(984, 62, 'COT', 'Cotopaxi', 1),
(985, 62, 'EOR', 'El Oro', 1),
(986, 62, 'ESM', 'Esmeraldas', 1),
(987, 62, 'GPS', 'Gal&aacute;pagos', 1),
(988, 62, 'GUA', 'Guayas', 1),
(989, 62, 'IMB', 'Imbabura', 1),
(990, 62, 'LOJ', 'Loja', 1),
(991, 62, 'LRO', 'Los Rios', 1),
(992, 62, 'MAN', 'Manab&iacute;', 1),
(993, 62, 'MSA', 'Morona Santiago', 1),
(994, 62, 'NAP', 'Napo', 1),
(995, 62, 'ORE', 'Orellana', 1),
(996, 62, 'PAS', 'Pastaza', 1),
(997, 62, 'PIC', 'Pichincha', 1),
(998, 62, 'SUC', 'Sucumb&iacute;os', 1),
(999, 62, 'TUN', 'Tungurahua', 1),
(1000, 62, 'ZCH', 'Zamora Chinchipe', 1),
(1001, 63, 'DHY', 'Ad Daqahliyah', 1),
(1002, 63, 'BAM', 'Al Bahr al Ahmar', 1),
(1003, 63, 'BHY', 'Al Buhayrah', 1),
(1004, 63, 'FYM', 'Al Fayyum', 1),
(1005, 63, 'GBY', 'Al Gharbiyah', 1),
(1006, 63, 'IDR', 'Al Iskandariyah', 1),
(1007, 63, 'IML', 'Al Isma''iliyah', 1),
(1008, 63, 'JZH', 'Al Jizah', 1),
(1009, 63, 'MFY', 'Al Minufiyah', 1),
(1010, 63, 'MNY', 'Al Minya', 1),
(1011, 63, 'QHR', 'Al Qahirah', 1),
(1012, 63, 'QLY', 'Al Qalyubiyah', 1),
(1013, 63, 'WJD', 'Al Wadi al Jadid', 1),
(1014, 63, 'SHQ', 'Ash Sharqiyah', 1),
(1015, 63, 'SWY', 'As Suways', 1),
(1016, 63, 'ASW', 'Aswan', 1),
(1017, 63, 'ASY', 'Asyut', 1),
(1018, 63, 'BSW', 'Bani Suwayf', 1),
(1019, 63, 'BSD', 'Bur Sa''id', 1),
(1020, 63, 'DMY', 'Dumyat', 1),
(1021, 63, 'JNS', 'Janub Sina''', 1),
(1022, 63, 'KSH', 'Kafr ash Shaykh', 1),
(1023, 63, 'MAT', 'Matruh', 1),
(1024, 63, 'QIN', 'Qina', 1),
(1025, 63, 'SHS', 'Shamal Sina''', 1),
(1026, 63, 'SUH', 'Suhaj', 1),
(1027, 64, 'AH', 'Ahuachapan', 1),
(1028, 64, 'CA', 'Cabanas', 1),
(1029, 64, 'CH', 'Chalatenango', 1),
(1030, 64, 'CU', 'Cuscatlan', 1),
(1031, 64, 'LB', 'La Libertad', 1),
(1032, 64, 'PZ', 'La Paz', 1),
(1033, 64, 'UN', 'La Union', 1),
(1034, 64, 'MO', 'Morazan', 1),
(1035, 64, 'SM', 'San Miguel', 1),
(1036, 64, 'SS', 'San Salvador', 1),
(1037, 64, 'SV', 'San Vicente', 1),
(1038, 64, 'SA', 'Santa Ana', 1),
(1039, 64, 'SO', 'Sonsonate', 1),
(1040, 64, 'US', 'Usulutan', 1),
(1041, 65, 'AN', 'Provincia Annobon', 1),
(1042, 65, 'BN', 'Provincia Bioko Norte', 1),
(1043, 65, 'BS', 'Provincia Bioko Sur', 1),
(1044, 65, 'CS', 'Provincia Centro Sur', 1),
(1045, 65, 'KN', 'Provincia Kie-Ntem', 1),
(1046, 65, 'LI', 'Provincia Litoral', 1),
(1047, 65, 'WN', 'Provincia Wele-Nzas', 1),
(1048, 66, 'MA', 'Central (Maekel)', 1),
(1049, 66, 'KE', 'Anseba (Keren)', 1),
(1050, 66, 'DK', 'Southern Red Sea (Debub-Keih-Bahri)', 1),
(1051, 66, 'SK', 'Northern Red Sea (Semien-Keih-Bahri)', 1),
(1052, 66, 'DE', 'Southern (Debub)', 1),
(1053, 66, 'BR', 'Gash-Barka (Barentu)', 1),
(1054, 67, 'HA', 'Harjumaa (Tallinn)', 1),
(1055, 67, 'HI', 'Hiiumaa (Kardla)', 1),
(1056, 67, 'IV', 'Ida-Virumaa (Johvi)', 1),
(1057, 67, 'JA', 'Jarvamaa (Paide)', 1),
(1058, 67, 'JO', 'Jogevamaa (Jogeva)', 1),
(1059, 67, 'LV', 'Laane-Virumaa (Rakvere)', 1),
(1060, 67, 'LA', 'Laanemaa (Haapsalu)', 1),
(1061, 67, 'PA', 'Parnumaa (Parnu)', 1),
(1062, 67, 'PO', 'Polvamaa (Polva)', 1),
(1063, 67, 'RA', 'Raplamaa (Rapla)', 1),
(1064, 67, 'SA', 'Saaremaa (Kuessaare)', 1),
(1065, 67, 'TA', 'Tartumaa (Tartu)', 1),
(1066, 67, 'VA', 'Valgamaa (Valga)', 1),
(1067, 67, 'VI', 'Viljandimaa (Viljandi)', 1),
(1068, 67, 'VO', 'Vorumaa (Voru)', 1),
(1069, 68, 'AF', 'Afar', 1),
(1070, 68, 'AH', 'Amhara', 1),
(1071, 68, 'BG', 'Benishangul-Gumaz', 1),
(1072, 68, 'GB', 'Gambela', 1),
(1073, 68, 'HR', 'Hariai', 1),
(1074, 68, 'OR', 'Oromia', 1),
(1075, 68, 'SM', 'Somali', 1),
(1076, 68, 'SN', 'Southern Nations - Nationalities and Peoples Region', 1),
(1077, 68, 'TG', 'Tigray', 1),
(1078, 68, 'AA', 'Addis Ababa', 1),
(1079, 68, 'DD', 'Dire Dawa', 1),
(1080, 71, 'C', 'Central Division', 1),
(1081, 71, 'N', 'Northern Division', 1),
(1082, 71, 'E', 'Eastern Division', 1),
(1083, 71, 'W', 'Western Division', 1),
(1084, 71, 'R', 'Rotuma', 1),
(1085, 72, 'AL', 'Ahvenanmaan Laani', 1),
(1086, 72, 'ES', 'Etela-Suomen Laani', 1),
(1087, 72, 'IS', 'Ita-Suomen Laani', 1),
(1088, 72, 'LS', 'Lansi-Suomen Laani', 1),
(1089, 72, 'LA', 'Lapin Lanani', 1),
(1090, 72, 'OU', 'Oulun Laani', 1),
(1091, 73, 'AL', 'Alsace', 1),
(1092, 73, 'AQ', 'Aquitaine', 1),
(1093, 73, 'AU', 'Auvergne', 1),
(1094, 73, 'BR', 'Brittany', 1),
(1095, 73, 'BU', 'Burgundy', 1),
(1096, 73, 'CE', 'Center Loire Valley', 1),
(1097, 73, 'CH', 'Champagne', 1),
(1098, 73, 'CO', 'Corse', 1),
(1099, 73, 'FR', 'France Comte', 1),
(1100, 73, 'LA', 'Languedoc Roussillon', 1),
(1101, 73, 'LI', 'Limousin', 1),
(1102, 73, 'LO', 'Lorraine', 1),
(1103, 73, 'MI', 'Midi Pyrenees', 1),
(1104, 73, 'NO', 'Nord Pas de Calais', 1),
(1105, 73, 'NR', 'Normandy', 1),
(1106, 73, 'PA', 'Paris / Ill de France', 1),
(1107, 73, 'PI', 'Picardie', 1),
(1108, 73, 'PO', 'Poitou Charente', 1),
(1109, 73, 'PR', 'Provence', 1),
(1110, 73, 'RH', 'Rhone Alps', 1),
(1111, 73, 'RI', 'Riviera', 1),
(1112, 73, 'WE', 'Western Loire Valley', 1),
(1113, 74, 'Et', 'Etranger', 1),
(1114, 74, '01', 'Ain', 1),
(1115, 74, '02', 'Aisne', 1),
(1116, 74, '03', 'Allier', 1),
(1117, 74, '04', 'Alpes de Haute Provence', 1),
(1118, 74, '05', 'Hautes-Alpes', 1),
(1119, 74, '06', 'Alpes Maritimes', 1),
(1120, 74, '07', 'Ard&egrave;che', 1),
(1121, 74, '08', 'Ardennes', 1),
(1122, 74, '09', 'Ari&egrave;ge', 1),
(1123, 74, '10', 'Aube', 1),
(1124, 74, '11', 'Aude', 1),
(1125, 74, '12', 'Aveyron', 1),
(1126, 74, '13', 'Bouches du Rh&ocirc;ne', 1),
(1127, 74, '14', 'Calvados', 1),
(1128, 74, '15', 'Cantal', 1),
(1129, 74, '16', 'Charente', 1),
(1130, 74, '17', 'Charente Maritime', 1),
(1131, 74, '18', 'Cher', 1),
(1132, 74, '19', 'Corr&egrave;ze', 1),
(1133, 74, '2A', 'Corse du Sud', 1),
(1134, 74, '2B', 'Haute Corse', 1),
(1135, 74, '21', 'C&ocirc;te d&#039;or', 1),
(1136, 74, '22', 'C&ocirc;tes d&#039;Armor', 1),
(1137, 74, '23', 'Creuse', 1),
(1138, 74, '24', 'Dordogne', 1),
(1139, 74, '25', 'Doubs', 1),
(1140, 74, '26', 'Dr&ocirc;me', 1),
(1141, 74, '27', 'Eure', 1),
(1142, 74, '28', 'Eure et Loir', 1),
(1143, 74, '29', 'Finist&egrave;re', 1),
(1144, 74, '30', 'Gard', 1),
(1145, 74, '31', 'Haute Garonne', 1),
(1146, 74, '32', 'Gers', 1),
(1147, 74, '33', 'Gironde', 1),
(1148, 74, '34', 'H&eacute;rault', 1),
(1149, 74, '35', 'Ille et Vilaine', 1),
(1150, 74, '36', 'Indre', 1),
(1151, 74, '37', 'Indre et Loire', 1),
(1152, 74, '38', 'Is&eacute;re', 1),
(1153, 74, '39', 'Jura', 1),
(1154, 74, '40', 'Landes', 1),
(1155, 74, '41', 'Loir et Cher', 1),
(1156, 74, '42', 'Loire', 1),
(1157, 74, '43', 'Haute Loire', 1),
(1158, 74, '44', 'Loire Atlantique', 1),
(1159, 74, '45', 'Loiret', 1),
(1160, 74, '46', 'Lot', 1),
(1161, 74, '47', 'Lot et Garonne', 1),
(1162, 74, '48', 'Loz&egrave;re', 1),
(1163, 74, '49', 'Maine et Loire', 1),
(1164, 74, '50', 'Manche', 1),
(1165, 74, '51', 'Marne', 1),
(1166, 74, '52', 'Haute Marne', 1),
(1167, 74, '53', 'Mayenne', 1),
(1168, 74, '54', 'Meurthe et Moselle', 1),
(1169, 74, '55', 'Meuse', 1),
(1170, 74, '56', 'Morbihan', 1),
(1171, 74, '57', 'Moselle', 1),
(1172, 74, '58', 'Ni&egrave;vre', 1),
(1173, 74, '59', 'Nord', 1),
(1174, 74, '60', 'Oise', 1),
(1175, 74, '61', 'Orne', 1),
(1176, 74, '62', 'Pas de Calais', 1),
(1177, 74, '63', 'Puy de D&ocirc;me', 1),
(1178, 74, '64', 'Pyr&eacute;n&eacute;es Atlantiques', 1),
(1179, 74, '65', 'Hautes Pyr&eacute;n&eacute;es', 1),
(1180, 74, '66', 'Pyr&eacute;n&eacute;es Orientales', 1),
(1181, 74, '67', 'Bas Rhin', 1),
(1182, 74, '68', 'Haut Rhin', 1),
(1183, 74, '69', 'Rh&ocirc;ne', 1),
(1184, 74, '70', 'Haute Sa&ocirc;ne', 1),
(1185, 74, '71', 'Sa&ocirc;ne et Loire', 1),
(1186, 74, '72', 'Sarthe', 1),
(1187, 74, '73', 'Savoie', 1),
(1188, 74, '74', 'Haute Savoie', 1),
(1189, 74, '75', 'Paris', 1),
(1190, 74, '76', 'Seine Maritime', 1),
(1191, 74, '77', 'Seine et Marne', 1),
(1192, 74, '78', 'Yvelines', 1),
(1193, 74, '79', 'Deux S&egrave;vres', 1),
(1194, 74, '80', 'Somme', 1),
(1195, 74, '81', 'Tarn', 1),
(1196, 74, '82', 'Tarn et Garonne', 1),
(1197, 74, '83', 'Var', 1),
(1198, 74, '84', 'Vaucluse', 1),
(1199, 74, '85', 'Vend&eacute;e', 1),
(1200, 74, '86', 'Vienne', 1),
(1201, 74, '87', 'Haute Vienne', 1),
(1202, 74, '88', 'Vosges', 1),
(1203, 74, '89', 'Yonne', 1),
(1204, 74, '90', 'Territoire de Belfort', 1),
(1205, 74, '91', 'Essonne', 1),
(1206, 74, '92', 'Hauts de Seine', 1),
(1207, 74, '93', 'Seine St-Denis', 1),
(1208, 74, '94', 'Val de Marne', 1),
(1209, 74, '95', 'Val d''Oise', 1),
(1210, 76, 'M', 'Archipel des Marquises', 1),
(1211, 76, 'T', 'Archipel des Tuamotu', 1),
(1212, 76, 'I', 'Archipel des Tubuai', 1),
(1213, 76, 'V', 'Iles du Vent', 1),
(1214, 76, 'S', 'Iles Sous-le-Vent', 1),
(1215, 77, 'C', 'Iles Crozet', 1),
(1216, 77, 'K', 'Iles Kerguelen', 1),
(1217, 77, 'A', 'Ile Amsterdam', 1),
(1218, 77, 'P', 'Ile Saint-Paul', 1),
(1219, 77, 'D', 'Adelie Land', 1),
(1220, 78, 'ES', 'Estuaire', 1),
(1221, 78, 'HO', 'Haut-Ogooue', 1),
(1222, 78, 'MO', 'Moyen-Ogooue', 1),
(1223, 78, 'NG', 'Ngounie', 1),
(1224, 78, 'NY', 'Nyanga', 1),
(1225, 78, 'OI', 'Ogooue-Ivindo', 1),
(1226, 78, 'OL', 'Ogooue-Lolo', 1),
(1227, 78, 'OM', 'Ogooue-Maritime', 1),
(1228, 78, 'WN', 'Woleu-Ntem', 1),
(1229, 79, 'BJ', 'Banjul', 1),
(1230, 79, 'BS', 'Basse', 1),
(1231, 79, 'BR', 'Brikama', 1),
(1232, 79, 'JA', 'Janjangbure', 1),
(1233, 79, 'KA', 'Kanifeng', 1),
(1234, 79, 'KE', 'Kerewan', 1),
(1235, 79, 'KU', 'Kuntaur', 1),
(1236, 79, 'MA', 'Mansakonko', 1),
(1237, 79, 'LR', 'Lower River', 1),
(1238, 79, 'CR', 'Central River', 1),
(1239, 79, 'NB', 'North Bank', 1),
(1240, 79, 'UR', 'Upper River', 1),
(1241, 79, 'WE', 'Western', 1),
(1242, 80, 'AB', 'Abkhazia', 1),
(1243, 80, 'AJ', 'Ajaria', 1),
(1244, 80, 'TB', 'Tbilisi', 1),
(1245, 80, 'GU', 'Guria', 1),
(1246, 80, 'IM', 'Imereti', 1),
(1247, 80, 'KA', 'Kakheti', 1),
(1248, 80, 'KK', 'Kvemo Kartli', 1),
(1249, 80, 'MM', 'Mtskheta-Mtianeti', 1),
(1250, 80, 'RL', 'Racha Lechkhumi and Kvemo Svanet', 1),
(1251, 80, 'SZ', 'Samegrelo-Zemo Svaneti', 1),
(1252, 80, 'SJ', 'Samtskhe-Javakheti', 1),
(1253, 80, 'SK', 'Shida Kartli', 1),
(1254, 81, 'BAW', 'Baden-W&uuml;rttemberg', 1),
(1255, 81, 'BAY', 'Bayern', 1),
(1256, 81, 'BER', 'Berlin', 1),
(1257, 81, 'BRG', 'Brandenburg', 1),
(1258, 81, 'BRE', 'Bremen', 1),
(1259, 81, 'HAM', 'Hamburg', 1),
(1260, 81, 'HES', 'Hessen', 1),
(1261, 81, 'MEC', 'Mecklenburg-Vorpommern', 1),
(1262, 81, 'NDS', 'Niedersachsen', 1),
(1263, 81, 'NRW', 'Nordrhein-Westfalen', 1),
(1264, 81, 'RHE', 'Rheinland-Pfalz', 1),
(1265, 81, 'SAR', 'Saarland', 1),
(1266, 81, 'SAS', 'Sachsen', 1),
(1267, 81, 'SAC', 'Sachsen-Anhalt', 1),
(1268, 81, 'SCN', 'Schleswig-Holstein', 1),
(1269, 81, 'THE', 'Th&uuml;ringen', 1),
(1270, 82, 'AS', 'Ashanti Region', 1),
(1271, 82, 'BA', 'Brong-Ahafo Region', 1),
(1272, 82, 'CE', 'Central Region', 1),
(1273, 82, 'EA', 'Eastern Region', 1),
(1274, 82, 'GA', 'Greater Accra Region', 1),
(1275, 82, 'NO', 'Northern Region', 1),
(1276, 82, 'UE', 'Upper East Region', 1),
(1277, 82, 'UW', 'Upper West Region', 1),
(1278, 82, 'VO', 'Volta Region', 1),
(1279, 82, 'WE', 'Western Region', 1),
(1280, 84, 'AT', 'Attica', 1),
(1281, 84, 'CN', 'Central Greece', 1),
(1282, 84, 'CM', 'Central Macedonia', 1),
(1283, 84, 'CR', 'Crete', 1),
(1284, 84, 'EM', 'East Macedonia and Thrace', 1),
(1285, 84, 'EP', 'Epirus', 1),
(1286, 84, 'II', 'Ionian Islands', 1),
(1287, 84, 'NA', 'North Aegean', 1),
(1288, 84, 'PP', 'Peloponnesos', 1),
(1289, 84, 'SA', 'South Aegean', 1),
(1290, 84, 'TH', 'Thessaly', 1),
(1291, 84, 'WG', 'West Greece', 1),
(1292, 84, 'WM', 'West Macedonia', 1),
(1293, 85, 'A', 'Avannaa', 1),
(1294, 85, 'T', 'Tunu', 1),
(1295, 85, 'K', 'Kitaa', 1),
(1296, 86, 'A', 'Saint Andrew', 1),
(1297, 86, 'D', 'Saint David', 1),
(1298, 86, 'G', 'Saint George', 1),
(1299, 86, 'J', 'Saint John', 1),
(1300, 86, 'M', 'Saint Mark', 1),
(1301, 86, 'P', 'Saint Patrick', 1),
(1302, 86, 'C', 'Carriacou', 1),
(1303, 86, 'Q', 'Petit Martinique', 1),
(1304, 89, 'AV', 'Alta Verapaz', 1),
(1305, 89, 'BV', 'Baja Verapaz', 1),
(1306, 89, 'CM', 'Chimaltenango', 1),
(1307, 89, 'CQ', 'Chiquimula', 1),
(1308, 89, 'PE', 'El Peten', 1),
(1309, 89, 'PR', 'El Progreso', 1),
(1310, 89, 'QC', 'El Quiche', 1),
(1311, 89, 'ES', 'Escuintla', 1),
(1312, 89, 'GU', 'Guatemala', 1),
(1313, 89, 'HU', 'Huehuetenango', 1),
(1314, 89, 'IZ', 'Izabal', 1),
(1315, 89, 'JA', 'Jalapa', 1),
(1316, 89, 'JU', 'Jutiapa', 1),
(1317, 89, 'QZ', 'Quetzaltenango', 1),
(1318, 89, 'RE', 'Retalhuleu', 1),
(1319, 89, 'ST', 'Sacatepequez', 1),
(1320, 89, 'SM', 'San Marcos', 1),
(1321, 89, 'SR', 'Santa Rosa', 1),
(1322, 89, 'SO', 'Solola', 1),
(1323, 89, 'SU', 'Suchitepequez', 1),
(1324, 89, 'TO', 'Totonicapan', 1),
(1325, 89, 'ZA', 'Zacapa', 1),
(1326, 90, 'CNK', 'Conakry', 1),
(1327, 90, 'BYL', 'Beyla', 1),
(1328, 90, 'BFA', 'Boffa', 1),
(1329, 90, 'BOK', 'Boke', 1),
(1330, 90, 'COY', 'Coyah', 1),
(1331, 90, 'DBL', 'Dabola', 1),
(1332, 90, 'DLB', 'Dalaba', 1),
(1333, 90, 'DGR', 'Dinguiraye', 1),
(1334, 90, 'DBR', 'Dubreka', 1),
(1335, 90, 'FRN', 'Faranah', 1),
(1336, 90, 'FRC', 'Forecariah', 1),
(1337, 90, 'FRI', 'Fria', 1),
(1338, 90, 'GAO', 'Gaoual', 1),
(1339, 90, 'GCD', 'Gueckedou', 1),
(1340, 90, 'KNK', 'Kankan', 1),
(1341, 90, 'KRN', 'Kerouane', 1),
(1342, 90, 'KND', 'Kindia', 1),
(1343, 90, 'KSD', 'Kissidougou', 1),
(1344, 90, 'KBA', 'Koubia', 1),
(1345, 90, 'KDA', 'Koundara', 1),
(1346, 90, 'KRA', 'Kouroussa', 1),
(1347, 90, 'LAB', 'Labe', 1),
(1348, 90, 'LLM', 'Lelouma', 1),
(1349, 90, 'LOL', 'Lola', 1),
(1350, 90, 'MCT', 'Macenta', 1),
(1351, 90, 'MAL', 'Mali', 1),
(1352, 90, 'MAM', 'Mamou', 1),
(1353, 90, 'MAN', 'Mandiana', 1),
(1354, 90, 'NZR', 'Nzerekore', 1),
(1355, 90, 'PIT', 'Pita', 1),
(1356, 90, 'SIG', 'Siguiri', 1),
(1357, 90, 'TLM', 'Telimele', 1),
(1358, 90, 'TOG', 'Tougue', 1),
(1359, 90, 'YOM', 'Yomou', 1),
(1360, 91, 'BF', 'Bafata Region', 1),
(1361, 91, 'BB', 'Biombo Region', 1),
(1362, 91, 'BS', 'Bissau Region', 1),
(1363, 91, 'BL', 'Bolama Region', 1),
(1364, 91, 'CA', 'Cacheu Region', 1),
(1365, 91, 'GA', 'Gabu Region', 1),
(1366, 91, 'OI', 'Oio Region', 1),
(1367, 91, 'QU', 'Quinara Region', 1),
(1368, 91, 'TO', 'Tombali Region', 1),
(1369, 92, 'BW', 'Barima-Waini', 1),
(1370, 92, 'CM', 'Cuyuni-Mazaruni', 1),
(1371, 92, 'DM', 'Demerara-Mahaica', 1),
(1372, 92, 'EC', 'East Berbice-Corentyne', 1),
(1373, 92, 'EW', 'Essequibo Islands-West Demerara', 1),
(1374, 92, 'MB', 'Mahaica-Berbice', 1),
(1375, 92, 'PM', 'Pomeroon-Supenaam', 1),
(1376, 92, 'PI', 'Potaro-Siparuni', 1),
(1377, 92, 'UD', 'Upper Demerara-Berbice', 1),
(1378, 92, 'UT', 'Upper Takutu-Upper Essequibo', 1),
(1379, 93, 'AR', 'Artibonite', 1),
(1380, 93, 'CE', 'Centre', 1),
(1381, 93, 'GA', 'Grand''Anse', 1),
(1382, 93, 'ND', 'Nord', 1),
(1383, 93, 'NE', 'Nord-Est', 1),
(1384, 93, 'NO', 'Nord-Ouest', 1),
(1385, 93, 'OU', 'Ouest', 1),
(1386, 93, 'SD', 'Sud', 1),
(1387, 93, 'SE', 'Sud-Est', 1),
(1388, 94, 'F', 'Flat Island', 1),
(1389, 94, 'M', 'McDonald Island', 1),
(1390, 94, 'S', 'Shag Island', 1),
(1391, 94, 'H', 'Heard Island', 1),
(1392, 95, 'AT', 'Atlantida', 1),
(1393, 95, 'CH', 'Choluteca', 1),
(1394, 95, 'CL', 'Colon', 1),
(1395, 95, 'CM', 'Comayagua', 1),
(1396, 95, 'CP', 'Copan', 1),
(1397, 95, 'CR', 'Cortes', 1),
(1398, 95, 'PA', 'El Paraiso', 1),
(1399, 95, 'FM', 'Francisco Morazan', 1),
(1400, 95, 'GD', 'Gracias a Dios', 1),
(1401, 95, 'IN', 'Intibuca', 1),
(1402, 95, 'IB', 'Islas de la Bahia (Bay Islands)', 1),
(1403, 95, 'PZ', 'La Paz', 1),
(1404, 95, 'LE', 'Lempira', 1),
(1405, 95, 'OC', 'Ocotepeque', 1),
(1406, 95, 'OL', 'Olancho', 1),
(1407, 95, 'SB', 'Santa Barbara', 1),
(1408, 95, 'VA', 'Valle', 1),
(1409, 95, 'YO', 'Yoro', 1),
(1410, 96, 'HCW', 'Central and Western Hong Kong Island', 1),
(1411, 96, 'HEA', 'Eastern Hong Kong Island', 1),
(1412, 96, 'HSO', 'Southern Hong Kong Island', 1),
(1413, 96, 'HWC', 'Wan Chai Hong Kong Island', 1),
(1414, 96, 'KKC', 'Kowloon City Kowloon', 1),
(1415, 96, 'KKT', 'Kwun Tong Kowloon', 1),
(1416, 96, 'KSS', 'Sham Shui Po Kowloon', 1),
(1417, 96, 'KWT', 'Wong Tai Sin Kowloon', 1),
(1418, 96, 'KYT', 'Yau Tsim Mong Kowloon', 1),
(1419, 96, 'NIS', 'Islands New Territories', 1),
(1420, 96, 'NKT', 'Kwai Tsing New Territories', 1),
(1421, 96, 'NNO', 'North New Territories', 1),
(1422, 96, 'NSK', 'Sai Kung New Territories', 1),
(1423, 96, 'NST', 'Sha Tin New Territories', 1),
(1424, 96, 'NTP', 'Tai Po New Territories', 1),
(1425, 96, 'NTW', 'Tsuen Wan New Territories', 1),
(1426, 96, 'NTM', 'Tuen Mun New Territories', 1),
(1427, 96, 'NYL', 'Yuen Long New Territories', 1),
(1428, 97, 'BK', 'Bacs-Kiskun', 1),
(1429, 97, 'BA', 'Baranya', 1),
(1430, 97, 'BE', 'Bekes', 1),
(1431, 97, 'BS', 'Bekescsaba', 1),
(1432, 97, 'BZ', 'Borsod-Abauj-Zemplen', 1),
(1433, 97, 'BU', 'Budapest', 1),
(1434, 97, 'CS', 'Csongrad', 1),
(1435, 97, 'DE', 'Debrecen', 1),
(1436, 97, 'DU', 'Dunaujvaros', 1),
(1437, 97, 'EG', 'Eger', 1),
(1438, 97, 'FE', 'Fejer', 1),
(1439, 97, 'GY', 'Gyor', 1),
(1440, 97, 'GM', 'Gyor-Moson-Sopron', 1),
(1441, 97, 'HB', 'Hajdu-Bihar', 1),
(1442, 97, 'HE', 'Heves', 1),
(1443, 97, 'HO', 'Hodmezovasarhely', 1),
(1444, 97, 'JN', 'Jasz-Nagykun-Szolnok', 1),
(1445, 97, 'KA', 'Kaposvar', 1),
(1446, 97, 'KE', 'Kecskemet', 1),
(1447, 97, 'KO', 'Komarom-Esztergom', 1),
(1448, 97, 'MI', 'Miskolc', 1),
(1449, 97, 'NA', 'Nagykanizsa', 1),
(1450, 97, 'NO', 'Nograd', 1),
(1451, 97, 'NY', 'Nyiregyhaza', 1),
(1452, 97, 'PE', 'Pecs', 1),
(1453, 97, 'PS', 'Pest', 1),
(1454, 97, 'SO', 'Somogy', 1),
(1455, 97, 'SP', 'Sopron', 1),
(1456, 97, 'SS', 'Szabolcs-Szatmar-Bereg', 1),
(1457, 97, 'SZ', 'Szeged', 1),
(1458, 97, 'SE', 'Szekesfehervar', 1),
(1459, 97, 'SL', 'Szolnok', 1),
(1460, 97, 'SM', 'Szombathely', 1),
(1461, 97, 'TA', 'Tatabanya', 1),
(1462, 97, 'TO', 'Tolna', 1),
(1463, 97, 'VA', 'Vas', 1),
(1464, 97, 'VE', 'Veszprem', 1),
(1465, 97, 'ZA', 'Zala', 1),
(1466, 97, 'ZZ', 'Zalaegerszeg', 1),
(1467, 98, 'AL', 'Austurland', 1),
(1468, 98, 'HF', 'Hofuoborgarsvaeoi', 1),
(1469, 98, 'NE', 'Norourland eystra', 1),
(1470, 98, 'NV', 'Norourland vestra', 1),
(1471, 98, 'SL', 'Suourland', 1),
(1472, 98, 'SN', 'Suournes', 1),
(1473, 98, 'VF', 'Vestfiroir', 1),
(1474, 98, 'VL', 'Vesturland', 1),
(1475, 99, 'AN', 'Andaman and Nicobar Islands', 1),
(1476, 99, 'AP', 'Andhra Pradesh', 1),
(1477, 99, 'AR', 'Arunachal Pradesh', 1),
(1478, 99, 'AS', 'Assam', 1),
(1479, 99, 'BI', 'Bihar', 1),
(1480, 99, 'CH', 'Chandigarh', 1),
(1481, 99, 'DA', 'Dadra and Nagar Haveli', 1),
(1482, 99, 'DM', 'Daman and Diu', 1),
(1483, 99, 'DE', 'Delhi', 1),
(1484, 99, 'GO', 'Goa', 1),
(1485, 99, 'GU', 'Gujarat', 1),
(1486, 99, 'HA', 'Haryana', 1),
(1487, 99, 'HP', 'Himachal Pradesh', 1),
(1488, 99, 'JA', 'Jammu and Kashmir', 1),
(1489, 99, 'KA', 'Karnataka', 1),
(1490, 99, 'KE', 'Kerala', 1),
(1491, 99, 'LI', 'Lakshadweep Islands', 1),
(1492, 99, 'MP', 'Madhya Pradesh', 1),
(1493, 99, 'MA', 'Maharashtra', 1),
(1494, 99, 'MN', 'Manipur', 1),
(1495, 99, 'ME', 'Meghalaya', 1),
(1496, 99, 'MI', 'Mizoram', 1),
(1497, 99, 'NA', 'Nagaland', 1),
(1498, 99, 'OR', 'Orissa', 1),
(1499, 99, 'PO', 'Pondicherry', 1),
(1500, 99, 'PU', 'Punjab', 1),
(1501, 99, 'RA', 'Rajasthan', 1),
(1502, 99, 'SI', 'Sikkim', 1),
(1503, 99, 'TN', 'Tamil Nadu', 1),
(1504, 99, 'TR', 'Tripura', 1),
(1505, 99, 'UP', 'Uttar Pradesh', 1),
(1506, 99, 'WB', 'West Bengal', 1),
(1507, 100, 'AC', 'Aceh', 1),
(1508, 100, 'BA', 'Bali', 1),
(1509, 100, 'BT', 'Banten', 1),
(1510, 100, 'BE', 'Bengkulu', 1),
(1511, 100, 'BD', 'BoDeTaBek', 1),
(1512, 100, 'GO', 'Gorontalo', 1),
(1513, 100, 'JK', 'Jakarta Raya', 1),
(1514, 100, 'JA', 'Jambi', 1),
(1515, 100, 'JB', 'Jawa Barat', 1),
(1516, 100, 'JT', 'Jawa Tengah', 1),
(1517, 100, 'JI', 'Jawa Timur', 1),
(1518, 100, 'KB', 'Kalimantan Barat', 1),
(1519, 100, 'KS', 'Kalimantan Selatan', 1),
(1520, 100, 'KT', 'Kalimantan Tengah', 1),
(1521, 100, 'KI', 'Kalimantan Timur', 1),
(1522, 100, 'BB', 'Kepulauan Bangka Belitung', 1),
(1523, 100, 'LA', 'Lampung', 1),
(1524, 100, 'MA', 'Maluku', 1),
(1525, 100, 'MU', 'Maluku Utara', 1),
(1526, 100, 'NB', 'Nusa Tenggara Barat', 1),
(1527, 100, 'NT', 'Nusa Tenggara Timur', 1),
(1528, 100, 'PA', 'Papua', 1),
(1529, 100, 'RI', 'Riau', 1),
(1530, 100, 'SN', 'Sulawesi Selatan', 1),
(1531, 100, 'ST', 'Sulawesi Tengah', 1),
(1532, 100, 'SG', 'Sulawesi Tenggara', 1),
(1533, 100, 'SA', 'Sulawesi Utara', 1),
(1534, 100, 'SB', 'Sumatera Barat', 1),
(1535, 100, 'SS', 'Sumatera Selatan', 1),
(1536, 100, 'SU', 'Sumatera Utara', 1);
INSERT INTO `zone` (`zone_id`, `country_id`, `code`, `name`, `status`) VALUES
(1537, 100, 'YO', 'Yogyakarta', 1),
(1538, 101, 'TEH', 'Tehran', 1),
(1539, 101, 'QOM', 'Qom', 1),
(1540, 101, 'MKZ', 'Markazi', 1),
(1541, 101, 'QAZ', 'Qazvin', 1),
(1542, 101, 'GIL', 'Gilan', 1),
(1543, 101, 'ARD', 'Ardabil', 1),
(1544, 101, 'ZAN', 'Zanjan', 1),
(1545, 101, 'EAZ', 'East Azarbaijan', 1),
(1546, 101, 'WEZ', 'West Azarbaijan', 1),
(1547, 101, 'KRD', 'Kurdistan', 1),
(1548, 101, 'HMD', 'Hamadan', 1),
(1549, 101, 'KRM', 'Kermanshah', 1),
(1550, 101, 'ILM', 'Ilam', 1),
(1551, 101, 'LRS', 'Lorestan', 1),
(1552, 101, 'KZT', 'Khuzestan', 1),
(1553, 101, 'CMB', 'Chahar Mahaal and Bakhtiari', 1),
(1554, 101, 'KBA', 'Kohkiluyeh and Buyer Ahmad', 1),
(1555, 101, 'BSH', 'Bushehr', 1),
(1556, 101, 'FAR', 'Fars', 1),
(1557, 101, 'HRM', 'Hormozgan', 1),
(1558, 101, 'SBL', 'Sistan and Baluchistan', 1),
(1559, 101, 'KRB', 'Kerman', 1),
(1560, 101, 'YZD', 'Yazd', 1),
(1561, 101, 'EFH', 'Esfahan', 1),
(1562, 101, 'SMN', 'Semnan', 1),
(1563, 101, 'MZD', 'Mazandaran', 1),
(1564, 101, 'GLS', 'Golestan', 1),
(1565, 101, 'NKH', 'North Khorasan', 1),
(1566, 101, 'RKH', 'Razavi Khorasan', 1),
(1567, 101, 'SKH', 'South Khorasan', 1),
(1568, 102, 'BD', 'Baghdad', 1),
(1569, 102, 'SD', 'Salah ad Din', 1),
(1570, 102, 'DY', 'Diyala', 1),
(1571, 102, 'WS', 'Wasit', 1),
(1572, 102, 'MY', 'Maysan', 1),
(1573, 102, 'BA', 'Al Basrah', 1),
(1574, 102, 'DQ', 'Dhi Qar', 1),
(1575, 102, 'MU', 'Al Muthanna', 1),
(1576, 102, 'QA', 'Al Qadisyah', 1),
(1577, 102, 'BB', 'Babil', 1),
(1578, 102, 'KB', 'Al Karbala', 1),
(1579, 102, 'NJ', 'An Najaf', 1),
(1580, 102, 'AB', 'Al Anbar', 1),
(1581, 102, 'NN', 'Ninawa', 1),
(1582, 102, 'DH', 'Dahuk', 1),
(1583, 102, 'AL', 'Arbil', 1),
(1584, 102, 'TM', 'At Ta''mim', 1),
(1585, 102, 'SL', 'As Sulaymaniyah', 1),
(1586, 103, 'CA', 'Carlow', 1),
(1587, 103, 'CV', 'Cavan', 1),
(1588, 103, 'CL', 'Clare', 1),
(1589, 103, 'CO', 'Cork', 1),
(1590, 103, 'DO', 'Donegal', 1),
(1591, 103, 'DU', 'Dublin', 1),
(1592, 103, 'GA', 'Galway', 1),
(1593, 103, 'KE', 'Kerry', 1),
(1594, 103, 'KI', 'Kildare', 1),
(1595, 103, 'KL', 'Kilkenny', 1),
(1596, 103, 'LA', 'Laois', 1),
(1597, 103, 'LE', 'Leitrim', 1),
(1598, 103, 'LI', 'Limerick', 1),
(1599, 103, 'LO', 'Longford', 1),
(1600, 103, 'LU', 'Louth', 1),
(1601, 103, 'MA', 'Mayo', 1),
(1602, 103, 'ME', 'Meath', 1),
(1603, 103, 'MO', 'Monaghan', 1),
(1604, 103, 'OF', 'Offaly', 1),
(1605, 103, 'RO', 'Roscommon', 1),
(1606, 103, 'SL', 'Sligo', 1),
(1607, 103, 'TI', 'Tipperary', 1),
(1608, 103, 'WA', 'Waterford', 1),
(1609, 103, 'WE', 'Westmeath', 1),
(1610, 103, 'WX', 'Wexford', 1),
(1611, 103, 'WI', 'Wicklow', 1),
(1612, 104, 'BS', 'Be''er Sheva', 1),
(1613, 104, 'BH', 'Bika''at Hayarden', 1),
(1614, 104, 'EA', 'Eilat and Arava', 1),
(1615, 104, 'GA', 'Galil', 1),
(1616, 104, 'HA', 'Haifa', 1),
(1617, 104, 'JM', 'Jehuda Mountains', 1),
(1618, 104, 'JE', 'Jerusalem', 1),
(1619, 104, 'NE', 'Negev', 1),
(1620, 104, 'SE', 'Semaria', 1),
(1621, 104, 'SH', 'Sharon', 1),
(1622, 104, 'TA', 'Tel Aviv (Gosh Dan)', 1),
(3860, 105, 'CL', 'Caltanissetta', 1),
(3842, 105, 'AG', 'Agrigento', 1),
(3843, 105, 'AL', 'Alessandria', 1),
(3844, 105, 'AN', 'Ancona', 1),
(3845, 105, 'AO', 'Aosta', 1),
(3846, 105, 'AR', 'Arezzo', 1),
(3847, 105, 'AP', 'Ascoli Piceno', 1),
(3848, 105, 'AT', 'Asti', 1),
(3849, 105, 'AV', 'Avellino', 1),
(3850, 105, 'BA', 'Bari', 1),
(3851, 105, 'BL', 'Belluno', 1),
(3852, 105, 'BN', 'Benevento', 1),
(3853, 105, 'BG', 'Bergamo', 1),
(3854, 105, 'BI', 'Biella', 1),
(3855, 105, 'BO', 'Bologna', 1),
(3856, 105, 'BZ', 'Bolzano', 1),
(3857, 105, 'BS', 'Brescia', 1),
(3858, 105, 'BR', 'Brindisi', 1),
(3859, 105, 'CA', 'Cagliari', 1),
(1643, 106, 'CLA', 'Clarendon Parish', 1),
(1644, 106, 'HAN', 'Hanover Parish', 1),
(1645, 106, 'KIN', 'Kingston Parish', 1),
(1646, 106, 'MAN', 'Manchester Parish', 1),
(1647, 106, 'POR', 'Portland Parish', 1),
(1648, 106, 'AND', 'Saint Andrew Parish', 1),
(1649, 106, 'ANN', 'Saint Ann Parish', 1),
(1650, 106, 'CAT', 'Saint Catherine Parish', 1),
(1651, 106, 'ELI', 'Saint Elizabeth Parish', 1),
(1652, 106, 'JAM', 'Saint James Parish', 1),
(1653, 106, 'MAR', 'Saint Mary Parish', 1),
(1654, 106, 'THO', 'Saint Thomas Parish', 1),
(1655, 106, 'TRL', 'Trelawny Parish', 1),
(1656, 106, 'WML', 'Westmoreland Parish', 1),
(1657, 107, 'AI', 'Aichi', 1),
(1658, 107, 'AK', 'Akita', 1),
(1659, 107, 'AO', 'Aomori', 1),
(1660, 107, 'CH', 'Chiba', 1),
(1661, 107, 'EH', 'Ehime', 1),
(1662, 107, 'FK', 'Fukui', 1),
(1663, 107, 'FU', 'Fukuoka', 1),
(1664, 107, 'FS', 'Fukushima', 1),
(1665, 107, 'GI', 'Gifu', 1),
(1666, 107, 'GU', 'Gumma', 1),
(1667, 107, 'HI', 'Hiroshima', 1),
(1668, 107, 'HO', 'Hokkaido', 1),
(1669, 107, 'HY', 'Hyogo', 1),
(1670, 107, 'IB', 'Ibaraki', 1),
(1671, 107, 'IS', 'Ishikawa', 1),
(1672, 107, 'IW', 'Iwate', 1),
(1673, 107, 'KA', 'Kagawa', 1),
(1674, 107, 'KG', 'Kagoshima', 1),
(1675, 107, 'KN', 'Kanagawa', 1),
(1676, 107, 'KO', 'Kochi', 1),
(1677, 107, 'KU', 'Kumamoto', 1),
(1678, 107, 'KY', 'Kyoto', 1),
(1679, 107, 'MI', 'Mie', 1),
(1680, 107, 'MY', 'Miyagi', 1),
(1681, 107, 'MZ', 'Miyazaki', 1),
(1682, 107, 'NA', 'Nagano', 1),
(1683, 107, 'NG', 'Nagasaki', 1),
(1684, 107, 'NR', 'Nara', 1),
(1685, 107, 'NI', 'Niigata', 1),
(1686, 107, 'OI', 'Oita', 1),
(1687, 107, 'OK', 'Okayama', 1),
(1688, 107, 'ON', 'Okinawa', 1),
(1689, 107, 'OS', 'Osaka', 1),
(1690, 107, 'SA', 'Saga', 1),
(1691, 107, 'SI', 'Saitama', 1),
(1692, 107, 'SH', 'Shiga', 1),
(1693, 107, 'SM', 'Shimane', 1),
(1694, 107, 'SZ', 'Shizuoka', 1),
(1695, 107, 'TO', 'Tochigi', 1),
(1696, 107, 'TS', 'Tokushima', 1),
(1697, 107, 'TK', 'Tokyo', 1),
(1698, 107, 'TT', 'Tottori', 1),
(1699, 107, 'TY', 'Toyama', 1),
(1700, 107, 'WA', 'Wakayama', 1),
(1701, 107, 'YA', 'Yamagata', 1),
(1702, 107, 'YM', 'Yamaguchi', 1),
(1703, 107, 'YN', 'Yamanashi', 1),
(1704, 108, 'AM', '''Amman', 1),
(1705, 108, 'AJ', 'Ajlun', 1),
(1706, 108, 'AA', 'Al ''Aqabah', 1),
(1707, 108, 'AB', 'Al Balqa''', 1),
(1708, 108, 'AK', 'Al Karak', 1),
(1709, 108, 'AL', 'Al Mafraq', 1),
(1710, 108, 'AT', 'At Tafilah', 1),
(1711, 108, 'AZ', 'Az Zarqa''', 1),
(1712, 108, 'IR', 'Irbid', 1),
(1713, 108, 'JA', 'Jarash', 1),
(1714, 108, 'MA', 'Ma''an', 1),
(1715, 108, 'MD', 'Madaba', 1),
(1716, 109, 'AL', 'Almaty', 1),
(1717, 109, 'AC', 'Almaty City', 1),
(1718, 109, 'AM', 'Aqmola', 1),
(1719, 109, 'AQ', 'Aqtobe', 1),
(1720, 109, 'AS', 'Astana City', 1),
(1721, 109, 'AT', 'Atyrau', 1),
(1722, 109, 'BA', 'Batys Qazaqstan', 1),
(1723, 109, 'BY', 'Bayqongyr City', 1),
(1724, 109, 'MA', 'Mangghystau', 1),
(1725, 109, 'ON', 'Ongtustik Qazaqstan', 1),
(1726, 109, 'PA', 'Pavlodar', 1),
(1727, 109, 'QA', 'Qaraghandy', 1),
(1728, 109, 'QO', 'Qostanay', 1),
(1729, 109, 'QY', 'Qyzylorda', 1),
(1730, 109, 'SH', 'Shyghys Qazaqstan', 1),
(1731, 109, 'SO', 'Soltustik Qazaqstan', 1),
(1732, 109, 'ZH', 'Zhambyl', 1),
(1733, 110, 'CE', 'Central', 1),
(1734, 110, 'CO', 'Coast', 1),
(1735, 110, 'EA', 'Eastern', 1),
(1736, 110, 'NA', 'Nairobi Area', 1),
(1737, 110, 'NE', 'North Eastern', 1),
(1738, 110, 'NY', 'Nyanza', 1),
(1739, 110, 'RV', 'Rift Valley', 1),
(1740, 110, 'WE', 'Western', 1),
(1741, 111, 'AG', 'Abaiang', 1),
(1742, 111, 'AM', 'Abemama', 1),
(1743, 111, 'AK', 'Aranuka', 1),
(1744, 111, 'AO', 'Arorae', 1),
(1745, 111, 'BA', 'Banaba', 1),
(1746, 111, 'BE', 'Beru', 1),
(1747, 111, 'bT', 'Butaritari', 1),
(1748, 111, 'KA', 'Kanton', 1),
(1749, 111, 'KR', 'Kiritimati', 1),
(1750, 111, 'KU', 'Kuria', 1),
(1751, 111, 'MI', 'Maiana', 1),
(1752, 111, 'MN', 'Makin', 1),
(1753, 111, 'ME', 'Marakei', 1),
(1754, 111, 'NI', 'Nikunau', 1),
(1755, 111, 'NO', 'Nonouti', 1),
(1756, 111, 'ON', 'Onotoa', 1),
(1757, 111, 'TT', 'Tabiteuea', 1),
(1758, 111, 'TR', 'Tabuaeran', 1),
(1759, 111, 'TM', 'Tamana', 1),
(1760, 111, 'TW', 'Tarawa', 1),
(1761, 111, 'TE', 'Teraina', 1),
(1762, 112, 'CHA', 'Chagang-do', 1),
(1763, 112, 'HAB', 'Hamgyong-bukto', 1),
(1764, 112, 'HAN', 'Hamgyong-namdo', 1),
(1765, 112, 'HWB', 'Hwanghae-bukto', 1),
(1766, 112, 'HWN', 'Hwanghae-namdo', 1),
(1767, 112, 'KAN', 'Kangwon-do', 1),
(1768, 112, 'PYB', 'P''yongan-bukto', 1),
(1769, 112, 'PYN', 'P''yongan-namdo', 1),
(1770, 112, 'YAN', 'Ryanggang-do (Yanggang-do)', 1),
(1771, 112, 'NAJ', 'Rason Directly Governed City', 1),
(1772, 112, 'PYO', 'P''yongyang Special City', 1),
(1773, 113, 'CO', 'Ch''ungch''ong-bukto', 1),
(1774, 113, 'CH', 'Ch''ungch''ong-namdo', 1),
(1775, 113, 'CD', 'Cheju-do', 1),
(1776, 113, 'CB', 'Cholla-bukto', 1),
(1777, 113, 'CN', 'Cholla-namdo', 1),
(1778, 113, 'IG', 'Inch''on-gwangyoksi', 1),
(1779, 113, 'KA', 'Kangwon-do', 1),
(1780, 113, 'KG', 'Kwangju-gwangyoksi', 1),
(1781, 113, 'KD', 'Kyonggi-do', 1),
(1782, 113, 'KB', 'Kyongsang-bukto', 1),
(1783, 113, 'KN', 'Kyongsang-namdo', 1),
(1784, 113, 'PG', 'Pusan-gwangyoksi', 1),
(1785, 113, 'SO', 'Soul-t''ukpyolsi', 1),
(1786, 113, 'TA', 'Taegu-gwangyoksi', 1),
(1787, 113, 'TG', 'Taejon-gwangyoksi', 1),
(1788, 114, 'AL', 'Al ''Asimah', 1),
(1789, 114, 'AA', 'Al Ahmadi', 1),
(1790, 114, 'AF', 'Al Farwaniyah', 1),
(1791, 114, 'AJ', 'Al Jahra''', 1),
(1792, 114, 'HA', 'Hawalli', 1),
(1793, 115, 'GB', 'Bishkek', 1),
(1794, 115, 'B', 'Batken', 1),
(1795, 115, 'C', 'Chu', 1),
(1796, 115, 'J', 'Jalal-Abad', 1),
(1797, 115, 'N', 'Naryn', 1),
(1798, 115, 'O', 'Osh', 1),
(1799, 115, 'T', 'Talas', 1),
(1800, 115, 'Y', 'Ysyk-Kol', 1),
(1801, 116, 'VT', 'Vientiane', 1),
(1802, 116, 'AT', 'Attapu', 1),
(1803, 116, 'BK', 'Bokeo', 1),
(1804, 116, 'BL', 'Bolikhamxai', 1),
(1805, 116, 'CH', 'Champasak', 1),
(1806, 116, 'HO', 'Houaphan', 1),
(1807, 116, 'KH', 'Khammouan', 1),
(1808, 116, 'LM', 'Louang Namtha', 1),
(1809, 116, 'LP', 'Louangphabang', 1),
(1810, 116, 'OU', 'Oudomxai', 1),
(1811, 116, 'PH', 'Phongsali', 1),
(1812, 116, 'SL', 'Salavan', 1),
(1813, 116, 'SV', 'Savannakhet', 1),
(1814, 116, 'VI', 'Vientiane', 1),
(1815, 116, 'XA', 'Xaignabouli', 1),
(1816, 116, 'XE', 'Xekong', 1),
(1817, 116, 'XI', 'Xiangkhoang', 1),
(1818, 116, 'XN', 'Xaisomboun', 1),
(1819, 117, 'AIZ', 'Aizkraukles Rajons', 1),
(1820, 117, 'ALU', 'Aluksnes Rajons', 1),
(1821, 117, 'BAL', 'Balvu Rajons', 1),
(1822, 117, 'BAU', 'Bauskas Rajons', 1),
(1823, 117, 'CES', 'Cesu Rajons', 1),
(1824, 117, 'DGR', 'Daugavpils Rajons', 1),
(1825, 117, 'DOB', 'Dobeles Rajons', 1),
(1826, 117, 'GUL', 'Gulbenes Rajons', 1),
(1827, 117, 'JEK', 'Jekabpils Rajons', 1),
(1828, 117, 'JGR', 'Jelgavas Rajons', 1),
(1829, 117, 'KRA', 'Kraslavas Rajons', 1),
(1830, 117, 'KUL', 'Kuldigas Rajons', 1),
(1831, 117, 'LPR', 'Liepajas Rajons', 1),
(1832, 117, 'LIM', 'Limbazu Rajons', 1),
(1833, 117, 'LUD', 'Ludzas Rajons', 1),
(1834, 117, 'MAD', 'Madonas Rajons', 1),
(1835, 117, 'OGR', 'Ogres Rajons', 1),
(1836, 117, 'PRE', 'Preilu Rajons', 1),
(1837, 117, 'RZR', 'Rezeknes Rajons', 1),
(1838, 117, 'RGR', 'Rigas Rajons', 1),
(1839, 117, 'SAL', 'Saldus Rajons', 1),
(1840, 117, 'TAL', 'Talsu Rajons', 1),
(1841, 117, 'TUK', 'Tukuma Rajons', 1),
(1842, 117, 'VLK', 'Valkas Rajons', 1),
(1843, 117, 'VLM', 'Valmieras Rajons', 1),
(1844, 117, 'VSR', 'Ventspils Rajons', 1),
(1845, 117, 'DGV', 'Daugavpils', 1),
(1846, 117, 'JGV', 'Jelgava', 1),
(1847, 117, 'JUR', 'Jurmala', 1),
(1848, 117, 'LPK', 'Liepaja', 1),
(1849, 117, 'RZK', 'Rezekne', 1),
(1850, 117, 'RGA', 'Riga', 1),
(1851, 117, 'VSL', 'Ventspils', 1),
(1852, 119, 'BE', 'Berea', 1),
(1853, 119, 'BB', 'Butha-Buthe', 1),
(1854, 119, 'LE', 'Leribe', 1),
(1855, 119, 'MF', 'Mafeteng', 1),
(1856, 119, 'MS', 'Maseru', 1),
(1857, 119, 'MH', 'Mohale''s Hoek', 1),
(1858, 119, 'MK', 'Mokhotlong', 1),
(1859, 119, 'QN', 'Qacha''s Nek', 1),
(1860, 119, 'QT', 'Quthing', 1),
(1861, 119, 'TT', 'Thaba-Tseka', 1),
(1862, 120, 'BI', 'Bomi', 1),
(1863, 120, 'BG', 'Bong', 1),
(1864, 120, 'GB', 'Grand Bassa', 1),
(1865, 120, 'CM', 'Grand Cape Mount', 1),
(1866, 120, 'GG', 'Grand Gedeh', 1),
(1867, 120, 'GK', 'Grand Kru', 1),
(1868, 120, 'LO', 'Lofa', 1),
(1869, 120, 'MG', 'Margibi', 1),
(1870, 120, 'ML', 'Maryland', 1),
(1871, 120, 'MS', 'Montserrado', 1),
(1872, 120, 'NB', 'Nimba', 1),
(1873, 120, 'RC', 'River Cess', 1),
(1874, 120, 'SN', 'Sinoe', 1),
(1875, 121, 'AJ', 'Ajdabiya', 1),
(1876, 121, 'AZ', 'Al ''Aziziyah', 1),
(1877, 121, 'FA', 'Al Fatih', 1),
(1878, 121, 'JA', 'Al Jabal al Akhdar', 1),
(1879, 121, 'JU', 'Al Jufrah', 1),
(1880, 121, 'KH', 'Al Khums', 1),
(1881, 121, 'KU', 'Al Kufrah', 1),
(1882, 121, 'NK', 'An Nuqat al Khams', 1),
(1883, 121, 'AS', 'Ash Shati''', 1),
(1884, 121, 'AW', 'Awbari', 1),
(1885, 121, 'ZA', 'Az Zawiyah', 1),
(1886, 121, 'BA', 'Banghazi', 1),
(1887, 121, 'DA', 'Darnah', 1),
(1888, 121, 'GD', 'Ghadamis', 1),
(1889, 121, 'GY', 'Gharyan', 1),
(1890, 121, 'MI', 'Misratah', 1),
(1891, 121, 'MZ', 'Murzuq', 1),
(1892, 121, 'SB', 'Sabha', 1),
(1893, 121, 'SW', 'Sawfajjin', 1),
(1894, 121, 'SU', 'Surt', 1),
(1895, 121, 'TL', 'Tarabulus (Tripoli)', 1),
(1896, 121, 'TH', 'Tarhunah', 1),
(1897, 121, 'TU', 'Tubruq', 1),
(1898, 121, 'YA', 'Yafran', 1),
(1899, 121, 'ZL', 'Zlitan', 1),
(1900, 122, 'V', 'Vaduz', 1),
(1901, 122, 'A', 'Schaan', 1),
(1902, 122, 'B', 'Balzers', 1),
(1903, 122, 'N', 'Triesen', 1),
(1904, 122, 'E', 'Eschen', 1),
(1905, 122, 'M', 'Mauren', 1),
(1906, 122, 'T', 'Triesenberg', 1),
(1907, 122, 'R', 'Ruggell', 1),
(1908, 122, 'G', 'Gamprin', 1),
(1909, 122, 'L', 'Schellenberg', 1),
(1910, 122, 'P', 'Planken', 1),
(1911, 123, 'AL', 'Alytus', 1),
(1912, 123, 'KA', 'Kaunas', 1),
(1913, 123, 'KL', 'Klaipeda', 1),
(1914, 123, 'MA', 'Marijampole', 1),
(1915, 123, 'PA', 'Panevezys', 1),
(1916, 123, 'SI', 'Siauliai', 1),
(1917, 123, 'TA', 'Taurage', 1),
(1918, 123, 'TE', 'Telsiai', 1),
(1919, 123, 'UT', 'Utena', 1),
(1920, 123, 'VI', 'Vilnius', 1),
(1921, 124, 'DD', 'Diekirch', 1),
(1922, 124, 'DC', 'Clervaux', 1),
(1923, 124, 'DR', 'Redange', 1),
(1924, 124, 'DV', 'Vianden', 1),
(1925, 124, 'DW', 'Wiltz', 1),
(1926, 124, 'GG', 'Grevenmacher', 1),
(1927, 124, 'GE', 'Echternach', 1),
(1928, 124, 'GR', 'Remich', 1),
(1929, 124, 'LL', 'Luxembourg', 1),
(1930, 124, 'LC', 'Capellen', 1),
(1931, 124, 'LE', 'Esch-sur-Alzette', 1),
(1932, 124, 'LM', 'Mersch', 1),
(1933, 125, 'OLF', 'Our Lady Fatima Parish', 1),
(1934, 125, 'ANT', 'St. Anthony Parish', 1),
(1935, 125, 'LAZ', 'St. Lazarus Parish', 1),
(1936, 125, 'CAT', 'Cathedral Parish', 1),
(1937, 125, 'LAW', 'St. Lawrence Parish', 1),
(1938, 127, 'AN', 'Antananarivo', 1),
(1939, 127, 'AS', 'Antsiranana', 1),
(1940, 127, 'FN', 'Fianarantsoa', 1),
(1941, 127, 'MJ', 'Mahajanga', 1),
(1942, 127, 'TM', 'Toamasina', 1),
(1943, 127, 'TL', 'Toliara', 1),
(1944, 128, 'BLK', 'Balaka', 1),
(1945, 128, 'BLT', 'Blantyre', 1),
(1946, 128, 'CKW', 'Chikwawa', 1),
(1947, 128, 'CRD', 'Chiradzulu', 1),
(1948, 128, 'CTP', 'Chitipa', 1),
(1949, 128, 'DDZ', 'Dedza', 1),
(1950, 128, 'DWA', 'Dowa', 1),
(1951, 128, 'KRG', 'Karonga', 1),
(1952, 128, 'KSG', 'Kasungu', 1),
(1953, 128, 'LKM', 'Likoma', 1),
(1954, 128, 'LLG', 'Lilongwe', 1),
(1955, 128, 'MCG', 'Machinga', 1),
(1956, 128, 'MGC', 'Mangochi', 1),
(1957, 128, 'MCH', 'Mchinji', 1),
(1958, 128, 'MLJ', 'Mulanje', 1),
(1959, 128, 'MWZ', 'Mwanza', 1),
(1960, 128, 'MZM', 'Mzimba', 1),
(1961, 128, 'NTU', 'Ntcheu', 1),
(1962, 128, 'NKB', 'Nkhata Bay', 1),
(1963, 128, 'NKH', 'Nkhotakota', 1),
(1964, 128, 'NSJ', 'Nsanje', 1),
(1965, 128, 'NTI', 'Ntchisi', 1),
(1966, 128, 'PHL', 'Phalombe', 1),
(1967, 128, 'RMP', 'Rumphi', 1),
(1968, 128, 'SLM', 'Salima', 1),
(1969, 128, 'THY', 'Thyolo', 1),
(1970, 128, 'ZBA', 'Zomba', 1),
(1971, 129, 'JO', 'Johor', 1),
(1972, 129, 'KE', 'Kedah', 1),
(1973, 129, 'KL', 'Kelantan', 1),
(1974, 129, 'LA', 'Labuan', 1),
(1975, 129, 'ME', 'Melaka', 1),
(1976, 129, 'NS', 'Negeri Sembilan', 1),
(1977, 129, 'PA', 'Pahang', 1),
(1978, 129, 'PE', 'Perak', 1),
(1979, 129, 'PR', 'Perlis', 1),
(1980, 129, 'PP', 'Pulau Pinang', 1),
(1981, 129, 'SA', 'Sabah', 1),
(1982, 129, 'SR', 'Sarawak', 1),
(1983, 129, 'SE', 'Selangor', 1),
(1984, 129, 'TE', 'Terengganu', 1),
(1985, 129, 'WP', 'Wilayah Persekutuan', 1),
(1986, 130, 'THU', 'Thiladhunmathi Uthuru', 1),
(1987, 130, 'THD', 'Thiladhunmathi Dhekunu', 1),
(1988, 130, 'MLU', 'Miladhunmadulu Uthuru', 1),
(1989, 130, 'MLD', 'Miladhunmadulu Dhekunu', 1),
(1990, 130, 'MAU', 'Maalhosmadulu Uthuru', 1),
(1991, 130, 'MAD', 'Maalhosmadulu Dhekunu', 1),
(1992, 130, 'FAA', 'Faadhippolhu', 1),
(1993, 130, 'MAA', 'Male Atoll', 1),
(1994, 130, 'AAU', 'Ari Atoll Uthuru', 1),
(1995, 130, 'AAD', 'Ari Atoll Dheknu', 1),
(1996, 130, 'FEA', 'Felidhe Atoll', 1),
(1997, 130, 'MUA', 'Mulaku Atoll', 1),
(1998, 130, 'NAU', 'Nilandhe Atoll Uthuru', 1),
(1999, 130, 'NAD', 'Nilandhe Atoll Dhekunu', 1),
(2000, 130, 'KLH', 'Kolhumadulu', 1),
(2001, 130, 'HDH', 'Hadhdhunmathi', 1),
(2002, 130, 'HAU', 'Huvadhu Atoll Uthuru', 1),
(2003, 130, 'HAD', 'Huvadhu Atoll Dhekunu', 1),
(2004, 130, 'FMU', 'Fua Mulaku', 1),
(2005, 130, 'ADD', 'Addu', 1),
(2006, 131, 'GA', 'Gao', 1),
(2007, 131, 'KY', 'Kayes', 1),
(2008, 131, 'KD', 'Kidal', 1),
(2009, 131, 'KL', 'Koulikoro', 1),
(2010, 131, 'MP', 'Mopti', 1),
(2011, 131, 'SG', 'Segou', 1),
(2012, 131, 'SK', 'Sikasso', 1),
(2013, 131, 'TB', 'Tombouctou', 1),
(2014, 131, 'CD', 'Bamako Capital District', 1),
(2015, 132, 'ATT', 'Attard', 1),
(2016, 132, 'BAL', 'Balzan', 1),
(2017, 132, 'BGU', 'Birgu', 1),
(2018, 132, 'BKK', 'Birkirkara', 1),
(2019, 132, 'BRZ', 'Birzebbuga', 1),
(2020, 132, 'BOR', 'Bormla', 1),
(2021, 132, 'DIN', 'Dingli', 1),
(2022, 132, 'FGU', 'Fgura', 1),
(2023, 132, 'FLO', 'Floriana', 1),
(2024, 132, 'GDJ', 'Gudja', 1),
(2025, 132, 'GZR', 'Gzira', 1),
(2026, 132, 'GRG', 'Gargur', 1),
(2027, 132, 'GXQ', 'Gaxaq', 1),
(2028, 132, 'HMR', 'Hamrun', 1),
(2029, 132, 'IKL', 'Iklin', 1),
(2030, 132, 'ISL', 'Isla', 1),
(2031, 132, 'KLK', 'Kalkara', 1),
(2032, 132, 'KRK', 'Kirkop', 1),
(2033, 132, 'LIJ', 'Lija', 1),
(2034, 132, 'LUQ', 'Luqa', 1),
(2035, 132, 'MRS', 'Marsa', 1),
(2036, 132, 'MKL', 'Marsaskala', 1),
(2037, 132, 'MXL', 'Marsaxlokk', 1),
(2038, 132, 'MDN', 'Mdina', 1),
(2039, 132, 'MEL', 'Melliea', 1),
(2040, 132, 'MGR', 'Mgarr', 1),
(2041, 132, 'MST', 'Mosta', 1),
(2042, 132, 'MQA', 'Mqabba', 1),
(2043, 132, 'MSI', 'Msida', 1),
(2044, 132, 'MTF', 'Mtarfa', 1),
(2045, 132, 'NAX', 'Naxxar', 1),
(2046, 132, 'PAO', 'Paola', 1),
(2047, 132, 'PEM', 'Pembroke', 1),
(2048, 132, 'PIE', 'Pieta', 1),
(2049, 132, 'QOR', 'Qormi', 1),
(2050, 132, 'QRE', 'Qrendi', 1),
(2051, 132, 'RAB', 'Rabat', 1),
(2052, 132, 'SAF', 'Safi', 1),
(2053, 132, 'SGI', 'San Giljan', 1),
(2054, 132, 'SLU', 'Santa Lucija', 1),
(2055, 132, 'SPB', 'San Pawl il-Bahar', 1),
(2056, 132, 'SGW', 'San Gwann', 1),
(2057, 132, 'SVE', 'Santa Venera', 1),
(2058, 132, 'SIG', 'Siggiewi', 1),
(2059, 132, 'SLM', 'Sliema', 1),
(2060, 132, 'SWQ', 'Swieqi', 1),
(2061, 132, 'TXB', 'Ta Xbiex', 1),
(2062, 132, 'TRX', 'Tarxien', 1),
(2063, 132, 'VLT', 'Valletta', 1),
(2064, 132, 'XGJ', 'Xgajra', 1),
(2065, 132, 'ZBR', 'Zabbar', 1),
(2066, 132, 'ZBG', 'Zebbug', 1),
(2067, 132, 'ZJT', 'Zejtun', 1),
(2068, 132, 'ZRQ', 'Zurrieq', 1),
(2069, 132, 'FNT', 'Fontana', 1),
(2070, 132, 'GHJ', 'Ghajnsielem', 1),
(2071, 132, 'GHR', 'Gharb', 1),
(2072, 132, 'GHS', 'Ghasri', 1),
(2073, 132, 'KRC', 'Kercem', 1),
(2074, 132, 'MUN', 'Munxar', 1),
(2075, 132, 'NAD', 'Nadur', 1),
(2076, 132, 'QAL', 'Qala', 1),
(2077, 132, 'VIC', 'Victoria', 1),
(2078, 132, 'SLA', 'San Lawrenz', 1),
(2079, 132, 'SNT', 'Sannat', 1),
(2080, 132, 'ZAG', 'Xagra', 1),
(2081, 132, 'XEW', 'Xewkija', 1),
(2082, 132, 'ZEB', 'Zebbug', 1),
(2083, 133, 'ALG', 'Ailinginae', 1),
(2084, 133, 'ALL', 'Ailinglaplap', 1),
(2085, 133, 'ALK', 'Ailuk', 1),
(2086, 133, 'ARN', 'Arno', 1),
(2087, 133, 'AUR', 'Aur', 1),
(2088, 133, 'BKR', 'Bikar', 1),
(2089, 133, 'BKN', 'Bikini', 1),
(2090, 133, 'BKK', 'Bokak', 1),
(2091, 133, 'EBN', 'Ebon', 1),
(2092, 133, 'ENT', 'Enewetak', 1),
(2093, 133, 'EKB', 'Erikub', 1),
(2094, 133, 'JBT', 'Jabat', 1),
(2095, 133, 'JLT', 'Jaluit', 1),
(2096, 133, 'JEM', 'Jemo', 1),
(2097, 133, 'KIL', 'Kili', 1),
(2098, 133, 'KWJ', 'Kwajalein', 1),
(2099, 133, 'LAE', 'Lae', 1),
(2100, 133, 'LIB', 'Lib', 1),
(2101, 133, 'LKP', 'Likiep', 1),
(2102, 133, 'MJR', 'Majuro', 1),
(2103, 133, 'MLP', 'Maloelap', 1),
(2104, 133, 'MJT', 'Mejit', 1),
(2105, 133, 'MIL', 'Mili', 1),
(2106, 133, 'NMK', 'Namorik', 1),
(2107, 133, 'NAM', 'Namu', 1),
(2108, 133, 'RGL', 'Rongelap', 1),
(2109, 133, 'RGK', 'Rongrik', 1),
(2110, 133, 'TOK', 'Toke', 1),
(2111, 133, 'UJA', 'Ujae', 1),
(2112, 133, 'UJL', 'Ujelang', 1),
(2113, 133, 'UTK', 'Utirik', 1),
(2114, 133, 'WTH', 'Wotho', 1),
(2115, 133, 'WTJ', 'Wotje', 1),
(2116, 135, 'AD', 'Adrar', 1),
(2117, 135, 'AS', 'Assaba', 1),
(2118, 135, 'BR', 'Brakna', 1),
(2119, 135, 'DN', 'Dakhlet Nouadhibou', 1),
(2120, 135, 'GO', 'Gorgol', 1),
(2121, 135, 'GM', 'Guidimaka', 1),
(2122, 135, 'HC', 'Hodh Ech Chargui', 1),
(2123, 135, 'HG', 'Hodh El Gharbi', 1),
(2124, 135, 'IN', 'Inchiri', 1),
(2125, 135, 'TA', 'Tagant', 1),
(2126, 135, 'TZ', 'Tiris Zemmour', 1),
(2127, 135, 'TR', 'Trarza', 1),
(2128, 135, 'NO', 'Nouakchott', 1),
(2129, 136, 'BR', 'Beau Bassin-Rose Hill', 1),
(2130, 136, 'CU', 'Curepipe', 1),
(2131, 136, 'PU', 'Port Louis', 1),
(2132, 136, 'QB', 'Quatre Bornes', 1),
(2133, 136, 'VP', 'Vacoas-Phoenix', 1),
(2134, 136, 'AG', 'Agalega Islands', 1),
(2135, 136, 'CC', 'Cargados Carajos Shoals (Saint Brandon Islands)', 1),
(2136, 136, 'RO', 'Rodrigues', 1),
(2137, 136, 'BL', 'Black River', 1),
(2138, 136, 'FL', 'Flacq', 1),
(2139, 136, 'GP', 'Grand Port', 1),
(2140, 136, 'MO', 'Moka', 1),
(2141, 136, 'PA', 'Pamplemousses', 1),
(2142, 136, 'PW', 'Plaines Wilhems', 1),
(2143, 136, 'PL', 'Port Louis', 1),
(2144, 136, 'RR', 'Riviere du Rempart', 1),
(2145, 136, 'SA', 'Savanne', 1),
(2146, 138, 'BN', 'Baja California Norte', 1),
(2147, 138, 'BS', 'Baja California Sur', 1),
(2148, 138, 'CA', 'Campeche', 1),
(2149, 138, 'CI', 'Chiapas', 1),
(2150, 138, 'CH', 'Chihuahua', 1),
(2151, 138, 'CZ', 'Coahuila de Zaragoza', 1),
(2152, 138, 'CL', 'Colima', 1),
(2153, 138, 'DF', 'Distrito Federal', 1),
(2154, 138, 'DU', 'Durango', 1),
(2155, 138, 'GA', 'Guanajuato', 1),
(2156, 138, 'GE', 'Guerrero', 1),
(2157, 138, 'HI', 'Hidalgo', 1),
(2158, 138, 'JA', 'Jalisco', 1),
(2159, 138, 'ME', 'Mexico', 1),
(2160, 138, 'MI', 'Michoacan de Ocampo', 1),
(2161, 138, 'MO', 'Morelos', 1),
(2162, 138, 'NA', 'Nayarit', 1),
(2163, 138, 'NL', 'Nuevo Leon', 1),
(2164, 138, 'OA', 'Oaxaca', 1),
(2165, 138, 'PU', 'Puebla', 1),
(2166, 138, 'QA', 'Queretaro de Arteaga', 1),
(2167, 138, 'QR', 'Quintana Roo', 1),
(2168, 138, 'SA', 'San Luis Potosi', 1),
(2169, 138, 'SI', 'Sinaloa', 1),
(2170, 138, 'SO', 'Sonora', 1),
(2171, 138, 'TB', 'Tabasco', 1),
(2172, 138, 'TM', 'Tamaulipas', 1),
(2173, 138, 'TL', 'Tlaxcala', 1),
(2174, 138, 'VE', 'Veracruz-Llave', 1),
(2175, 138, 'YU', 'Yucatan', 1),
(2176, 138, 'ZA', 'Zacatecas', 1),
(2177, 139, 'C', 'Chuuk', 1),
(2178, 139, 'K', 'Kosrae', 1),
(2179, 139, 'P', 'Pohnpei', 1),
(2180, 139, 'Y', 'Yap', 1),
(2181, 140, 'GA', 'Gagauzia', 1),
(2182, 140, 'CU', 'Chisinau', 1),
(2183, 140, 'BA', 'Balti', 1),
(2184, 140, 'CA', 'Cahul', 1),
(2185, 140, 'ED', 'Edinet', 1),
(2186, 140, 'LA', 'Lapusna', 1),
(2187, 140, 'OR', 'Orhei', 1),
(2188, 140, 'SO', 'Soroca', 1),
(2189, 140, 'TI', 'Tighina', 1),
(2190, 140, 'UN', 'Ungheni', 1),
(2191, 140, 'SN', 'St?nga Nistrului', 1),
(2192, 141, 'FV', 'Fontvieille', 1),
(2193, 141, 'LC', 'La Condamine', 1),
(2194, 141, 'MV', 'Monaco-Ville', 1),
(2195, 141, 'MC', 'Monte-Carlo', 1),
(2196, 142, '1', 'Ulanbaatar', 1),
(2197, 142, '035', 'Orhon', 1),
(2198, 142, '037', 'Darhan uul', 1),
(2199, 142, '039', 'Hentiy', 1),
(2200, 142, '041', 'Hovsgol', 1),
(2201, 142, '043', 'Hovd', 1),
(2202, 142, '046', 'Uvs', 1),
(2203, 142, '047', 'Tov', 1),
(2204, 142, '049', 'Selenge', 1),
(2205, 142, '051', 'Suhbaatar', 1),
(2206, 142, '053', 'Omnogovi', 1),
(2207, 142, '055', 'Ovorhangay', 1),
(2208, 142, '057', 'Dzavhan', 1),
(2209, 142, '059', 'DundgovL', 1),
(2210, 142, '061', 'Dornod', 1),
(2211, 142, '063', 'Dornogov', 1),
(2212, 142, '064', 'Govi-Sumber', 1),
(2213, 142, '065', 'Govi-Altay', 1),
(2214, 142, '067', 'Bulgan', 1),
(2215, 142, '069', 'Bayanhongor', 1),
(2216, 142, '071', 'Bayan-Olgiy', 1),
(2217, 142, '073', 'Arhangay', 1),
(2218, 143, 'A', 'Saint Anthony', 1),
(2219, 143, 'G', 'Saint Georges', 1),
(2220, 143, 'P', 'Saint Peter', 1),
(2221, 144, 'AGD', 'Agadir', 1),
(2222, 144, 'HOC', 'Al Hoceima', 1),
(2223, 144, 'AZI', 'Azilal', 1),
(2224, 144, 'BME', 'Beni Mellal', 1),
(2225, 144, 'BSL', 'Ben Slimane', 1),
(2226, 144, 'BLM', 'Boulemane', 1),
(2227, 144, 'CBL', 'Casablanca', 1),
(2228, 144, 'CHA', 'Chaouen', 1),
(2229, 144, 'EJA', 'El Jadida', 1),
(2230, 144, 'EKS', 'El Kelaa des Sraghna', 1),
(2231, 144, 'ERA', 'Er Rachidia', 1),
(2232, 144, 'ESS', 'Essaouira', 1),
(2233, 144, 'FES', 'Fes', 1),
(2234, 144, 'FIG', 'Figuig', 1),
(2235, 144, 'GLM', 'Guelmim', 1),
(2236, 144, 'IFR', 'Ifrane', 1),
(2237, 144, 'KEN', 'Kenitra', 1),
(2238, 144, 'KHM', 'Khemisset', 1),
(2239, 144, 'KHN', 'Khenifra', 1),
(2240, 144, 'KHO', 'Khouribga', 1),
(2241, 144, 'LYN', 'Laayoune', 1),
(2242, 144, 'LAR', 'Larache', 1),
(2243, 144, 'MRK', 'Marrakech', 1),
(2244, 144, 'MKN', 'Meknes', 1),
(2245, 144, 'NAD', 'Nador', 1),
(2246, 144, 'ORZ', 'Ouarzazate', 1),
(2247, 144, 'OUJ', 'Oujda', 1),
(2248, 144, 'RSA', 'Rabat-Sale', 1),
(2249, 144, 'SAF', 'Safi', 1),
(2250, 144, 'SET', 'Settat', 1),
(2251, 144, 'SKA', 'Sidi Kacem', 1),
(2252, 144, 'TGR', 'Tangier', 1),
(2253, 144, 'TAN', 'Tan-Tan', 1),
(2254, 144, 'TAO', 'Taounate', 1),
(2255, 144, 'TRD', 'Taroudannt', 1),
(2256, 144, 'TAT', 'Tata', 1),
(2257, 144, 'TAZ', 'Taza', 1),
(2258, 144, 'TET', 'Tetouan', 1),
(2259, 144, 'TIZ', 'Tiznit', 1),
(2260, 144, 'ADK', 'Ad Dakhla', 1),
(2261, 144, 'BJD', 'Boujdour', 1),
(2262, 144, 'ESM', 'Es Smara', 1),
(2263, 145, 'CD', 'Cabo Delgado', 1),
(2264, 145, 'GZ', 'Gaza', 1),
(2265, 145, 'IN', 'Inhambane', 1),
(2266, 145, 'MN', 'Manica', 1),
(2267, 145, 'MC', 'Maputo (city)', 1),
(2268, 145, 'MP', 'Maputo', 1),
(2269, 145, 'NA', 'Nampula', 1),
(2270, 145, 'NI', 'Niassa', 1),
(2271, 145, 'SO', 'Sofala', 1),
(2272, 145, 'TE', 'Tete', 1),
(2273, 145, 'ZA', 'Zambezia', 1),
(2274, 146, 'AY', 'Ayeyarwady', 1),
(2275, 146, 'BG', 'Bago', 1),
(2276, 146, 'MG', 'Magway', 1),
(2277, 146, 'MD', 'Mandalay', 1),
(2278, 146, 'SG', 'Sagaing', 1),
(2279, 146, 'TN', 'Tanintharyi', 1),
(2280, 146, 'YG', 'Yangon', 1),
(2281, 146, 'CH', 'Chin State', 1),
(2282, 146, 'KC', 'Kachin State', 1),
(2283, 146, 'KH', 'Kayah State', 1),
(2284, 146, 'KN', 'Kayin State', 1),
(2285, 146, 'MN', 'Mon State', 1),
(2286, 146, 'RK', 'Rakhine State', 1),
(2287, 146, 'SH', 'Shan State', 1),
(2288, 147, 'CA', 'Caprivi', 1),
(2289, 147, 'ER', 'Erongo', 1),
(2290, 147, 'HA', 'Hardap', 1),
(2291, 147, 'KR', 'Karas', 1),
(2292, 147, 'KV', 'Kavango', 1),
(2293, 147, 'KH', 'Khomas', 1),
(2294, 147, 'KU', 'Kunene', 1),
(2295, 147, 'OW', 'Ohangwena', 1),
(2296, 147, 'OK', 'Omaheke', 1),
(2297, 147, 'OT', 'Omusati', 1),
(2298, 147, 'ON', 'Oshana', 1),
(2299, 147, 'OO', 'Oshikoto', 1),
(2300, 147, 'OJ', 'Otjozondjupa', 1),
(2301, 148, 'AO', 'Aiwo', 1),
(2302, 148, 'AA', 'Anabar', 1),
(2303, 148, 'AT', 'Anetan', 1),
(2304, 148, 'AI', 'Anibare', 1),
(2305, 148, 'BA', 'Baiti', 1),
(2306, 148, 'BO', 'Boe', 1),
(2307, 148, 'BU', 'Buada', 1),
(2308, 148, 'DE', 'Denigomodu', 1),
(2309, 148, 'EW', 'Ewa', 1),
(2310, 148, 'IJ', 'Ijuw', 1),
(2311, 148, 'ME', 'Meneng', 1),
(2312, 148, 'NI', 'Nibok', 1),
(2313, 148, 'UA', 'Uaboe', 1),
(2314, 148, 'YA', 'Yaren', 1),
(2315, 149, 'BA', 'Bagmati', 1),
(2316, 149, 'BH', 'Bheri', 1),
(2317, 149, 'DH', 'Dhawalagiri', 1),
(2318, 149, 'GA', 'Gandaki', 1),
(2319, 149, 'JA', 'Janakpur', 1),
(2320, 149, 'KA', 'Karnali', 1),
(2321, 149, 'KO', 'Kosi', 1),
(2322, 149, 'LU', 'Lumbini', 1),
(2323, 149, 'MA', 'Mahakali', 1),
(2324, 149, 'ME', 'Mechi', 1),
(2325, 149, 'NA', 'Narayani', 1),
(2326, 149, 'RA', 'Rapti', 1),
(2327, 149, 'SA', 'Sagarmatha', 1),
(2328, 149, 'SE', 'Seti', 1),
(2329, 150, 'DR', 'Drenthe', 1),
(2330, 150, 'FL', 'Flevoland', 1),
(2331, 150, 'FR', 'Friesland', 1),
(2332, 150, 'GE', 'Gelderland', 1),
(2333, 150, 'GR', 'Groningen', 1),
(2334, 150, 'LI', 'Limburg', 1),
(2335, 150, 'NB', 'Noord Brabant', 1),
(2336, 150, 'NH', 'Noord Holland', 1),
(2337, 150, 'OV', 'Overijssel', 1),
(2338, 150, 'UT', 'Utrecht', 1),
(2339, 150, 'ZE', 'Zeeland', 1),
(2340, 150, 'ZH', 'Zuid Holland', 1),
(2341, 152, 'L', 'Iles Loyaute', 1),
(2342, 152, 'N', 'Nord', 1),
(2343, 152, 'S', 'Sud', 1),
(2344, 153, 'AUK', 'Auckland', 1),
(2345, 153, 'BOP', 'Bay of Plenty', 1),
(2346, 153, 'CAN', 'Canterbury', 1),
(2347, 153, 'COR', 'Coromandel', 1),
(2348, 153, 'GIS', 'Gisborne', 1),
(2349, 153, 'FIO', 'Fiordland', 1),
(2350, 153, 'HKB', 'Hawke''s Bay', 1),
(2351, 153, 'MBH', 'Marlborough', 1),
(2352, 153, 'MWT', 'Manawatu-Wanganui', 1),
(2353, 153, 'MCM', 'Mt Cook-Mackenzie', 1),
(2354, 153, 'NSN', 'Nelson', 1),
(2355, 153, 'NTL', 'Northland', 1),
(2356, 153, 'OTA', 'Otago', 1),
(2357, 153, 'STL', 'Southland', 1),
(2358, 153, 'TKI', 'Taranaki', 1),
(2359, 153, 'WGN', 'Wellington', 1),
(2360, 153, 'WKO', 'Waikato', 1),
(2361, 153, 'WAI', 'Wairprarapa', 1),
(2362, 153, 'WTC', 'West Coast', 1),
(2363, 154, 'AN', 'Atlantico Norte', 1),
(2364, 154, 'AS', 'Atlantico Sur', 1),
(2365, 154, 'BO', 'Boaco', 1),
(2366, 154, 'CA', 'Carazo', 1),
(2367, 154, 'CI', 'Chinandega', 1),
(2368, 154, 'CO', 'Chontales', 1),
(2369, 154, 'ES', 'Esteli', 1),
(2370, 154, 'GR', 'Granada', 1),
(2371, 154, 'JI', 'Jinotega', 1),
(2372, 154, 'LE', 'Leon', 1),
(2373, 154, 'MD', 'Madriz', 1),
(2374, 154, 'MN', 'Managua', 1),
(2375, 154, 'MS', 'Masaya', 1),
(2376, 154, 'MT', 'Matagalpa', 1),
(2377, 154, 'NS', 'Nuevo Segovia', 1),
(2378, 154, 'RS', 'Rio San Juan', 1),
(2379, 154, 'RI', 'Rivas', 1),
(2380, 155, 'AG', 'Agadez', 1),
(2381, 155, 'DF', 'Diffa', 1),
(2382, 155, 'DS', 'Dosso', 1),
(2383, 155, 'MA', 'Maradi', 1),
(2384, 155, 'NM', 'Niamey', 1),
(2385, 155, 'TH', 'Tahoua', 1),
(2386, 155, 'TL', 'Tillaberi', 1),
(2387, 155, 'ZD', 'Zinder', 1),
(2388, 156, 'AB', 'Abia', 1),
(2389, 156, 'CT', 'Abuja Federal Capital Territory', 1),
(2390, 156, 'AD', 'Adamawa', 1),
(2391, 156, 'AK', 'Akwa Ibom', 1),
(2392, 156, 'AN', 'Anambra', 1),
(2393, 156, 'BC', 'Bauchi', 1),
(2394, 156, 'BY', 'Bayelsa', 1),
(2395, 156, 'BN', 'Benue', 1),
(2396, 156, 'BO', 'Borno', 1),
(2397, 156, 'CR', 'Cross River', 1),
(2398, 156, 'DE', 'Delta', 1),
(2399, 156, 'EB', 'Ebonyi', 1),
(2400, 156, 'ED', 'Edo', 1),
(2401, 156, 'EK', 'Ekiti', 1),
(2402, 156, 'EN', 'Enugu', 1),
(2403, 156, 'GO', 'Gombe', 1),
(2404, 156, 'IM', 'Imo', 1),
(2405, 156, 'JI', 'Jigawa', 1),
(2406, 156, 'KD', 'Kaduna', 1),
(2407, 156, 'KN', 'Kano', 1),
(2408, 156, 'KT', 'Katsina', 1),
(2409, 156, 'KE', 'Kebbi', 1),
(2410, 156, 'KO', 'Kogi', 1),
(2411, 156, 'KW', 'Kwara', 1),
(2412, 156, 'LA', 'Lagos', 1),
(2413, 156, 'NA', 'Nassarawa', 1),
(2414, 156, 'NI', 'Niger', 1),
(2415, 156, 'OG', 'Ogun', 1),
(2416, 156, 'ONG', 'Ondo', 1),
(2417, 156, 'OS', 'Osun', 1),
(2418, 156, 'OY', 'Oyo', 1),
(2419, 156, 'PL', 'Plateau', 1),
(2420, 156, 'RI', 'Rivers', 1),
(2421, 156, 'SO', 'Sokoto', 1),
(2422, 156, 'TA', 'Taraba', 1),
(2423, 156, 'YO', 'Yobe', 1),
(2424, 156, 'ZA', 'Zamfara', 1),
(2425, 159, 'N', 'Northern Islands', 1),
(2426, 159, 'R', 'Rota', 1),
(2427, 159, 'S', 'Saipan', 1),
(2428, 159, 'T', 'Tinian', 1),
(2429, 160, 'AK', 'Akershus', 1),
(2430, 160, 'AA', 'Aust-Agder', 1),
(2431, 160, 'BU', 'Buskerud', 1),
(2432, 160, 'FM', 'Finnmark', 1),
(2433, 160, 'HM', 'Hedmark', 1),
(2434, 160, 'HL', 'Hordaland', 1),
(2435, 160, 'MR', 'More og Romdal', 1),
(2436, 160, 'NT', 'Nord-Trondelag', 1),
(2437, 160, 'NL', 'Nordland', 1),
(2438, 160, 'OF', 'Ostfold', 1),
(2439, 160, 'OP', 'Oppland', 1),
(2440, 160, 'OL', 'Oslo', 1),
(2441, 160, 'RL', 'Rogaland', 1),
(2442, 160, 'ST', 'Sor-Trondelag', 1),
(2443, 160, 'SJ', 'Sogn og Fjordane', 1),
(2444, 160, 'SV', 'Svalbard', 1),
(2445, 160, 'TM', 'Telemark', 1),
(2446, 160, 'TR', 'Troms', 1),
(2447, 160, 'VA', 'Vest-Agder', 1),
(2448, 160, 'VF', 'Vestfold', 1),
(2449, 161, 'DA', 'Ad Dakhiliyah', 1),
(2450, 161, 'BA', 'Al Batinah', 1),
(2451, 161, 'WU', 'Al Wusta', 1),
(2452, 161, 'SH', 'Ash Sharqiyah', 1),
(2453, 161, 'ZA', 'Az Zahirah', 1),
(2454, 161, 'MA', 'Masqat', 1),
(2455, 161, 'MU', 'Musandam', 1),
(2456, 161, 'ZU', 'Zufar', 1),
(2457, 162, 'B', 'Balochistan', 1),
(2458, 162, 'T', 'Federally Administered Tribal Areas', 1),
(2459, 162, 'I', 'Islamabad Capital Territory', 1),
(2460, 162, 'N', 'North-West Frontier', 1),
(2461, 162, 'P', 'Punjab', 1),
(2462, 162, 'S', 'Sindh', 1),
(2463, 163, 'AM', 'Aimeliik', 1),
(2464, 163, 'AR', 'Airai', 1),
(2465, 163, 'AN', 'Angaur', 1),
(2466, 163, 'HA', 'Hatohobei', 1),
(2467, 163, 'KA', 'Kayangel', 1),
(2468, 163, 'KO', 'Koror', 1),
(2469, 163, 'ME', 'Melekeok', 1),
(2470, 163, 'NA', 'Ngaraard', 1),
(2471, 163, 'NG', 'Ngarchelong', 1),
(2472, 163, 'ND', 'Ngardmau', 1),
(2473, 163, 'NT', 'Ngatpang', 1),
(2474, 163, 'NC', 'Ngchesar', 1),
(2475, 163, 'NR', 'Ngeremlengui', 1),
(2476, 163, 'NW', 'Ngiwal', 1),
(2477, 163, 'PE', 'Peleliu', 1),
(2478, 163, 'SO', 'Sonsorol', 1),
(2479, 164, 'BT', 'Bocas del Toro', 1),
(2480, 164, 'CH', 'Chiriqui', 1),
(2481, 164, 'CC', 'Cocle', 1),
(2482, 164, 'CL', 'Colon', 1),
(2483, 164, 'DA', 'Darien', 1),
(2484, 164, 'HE', 'Herrera', 1),
(2485, 164, 'LS', 'Los Santos', 1),
(2486, 164, 'PA', 'Panama', 1),
(2487, 164, 'SB', 'San Blas', 1),
(2488, 164, 'VG', 'Veraguas', 1),
(2489, 165, 'BV', 'Bougainville', 1),
(2490, 165, 'CE', 'Central', 1),
(2491, 165, 'CH', 'Chimbu', 1),
(2492, 165, 'EH', 'Eastern Highlands', 1),
(2493, 165, 'EB', 'East New Britain', 1),
(2494, 165, 'ES', 'East Sepik', 1),
(2495, 165, 'EN', 'Enga', 1),
(2496, 165, 'GU', 'Gulf', 1),
(2497, 165, 'MD', 'Madang', 1),
(2498, 165, 'MN', 'Manus', 1),
(2499, 165, 'MB', 'Milne Bay', 1),
(2500, 165, 'MR', 'Morobe', 1),
(2501, 165, 'NC', 'National Capital', 1),
(2502, 165, 'NI', 'New Ireland', 1),
(2503, 165, 'NO', 'Northern', 1),
(2504, 165, 'SA', 'Sandaun', 1),
(2505, 165, 'SH', 'Southern Highlands', 1),
(2506, 165, 'WE', 'Western', 1),
(2507, 165, 'WH', 'Western Highlands', 1),
(2508, 165, 'WB', 'West New Britain', 1),
(2509, 166, 'AG', 'Alto Paraguay', 1),
(2510, 166, 'AN', 'Alto Parana', 1),
(2511, 166, 'AM', 'Amambay', 1),
(2512, 166, 'AS', 'Asuncion', 1),
(2513, 166, 'BO', 'Boqueron', 1),
(2514, 166, 'CG', 'Caaguazu', 1),
(2515, 166, 'CZ', 'Caazapa', 1),
(2516, 166, 'CN', 'Canindeyu', 1),
(2517, 166, 'CE', 'Central', 1),
(2518, 166, 'CC', 'Concepcion', 1),
(2519, 166, 'CD', 'Cordillera', 1),
(2520, 166, 'GU', 'Guaira', 1),
(2521, 166, 'IT', 'Itapua', 1),
(2522, 166, 'MI', 'Misiones', 1),
(2523, 166, 'NE', 'Neembucu', 1),
(2524, 166, 'PA', 'Paraguari', 1),
(2525, 166, 'PH', 'Presidente Hayes', 1),
(2526, 166, 'SP', 'San Pedro', 1),
(2527, 167, 'AM', 'Amazonas', 1),
(2528, 167, 'AN', 'Ancash', 1),
(2529, 167, 'AP', 'Apurimac', 1),
(2530, 167, 'AR', 'Arequipa', 1),
(2531, 167, 'AY', 'Ayacucho', 1),
(2532, 167, 'CJ', 'Cajamarca', 1),
(2533, 167, 'CL', 'Callao', 1),
(2534, 167, 'CU', 'Cusco', 1),
(2535, 167, 'HV', 'Huancavelica', 1),
(2536, 167, 'HO', 'Huanuco', 1),
(2537, 167, 'IC', 'Ica', 1),
(2538, 167, 'JU', 'Junin', 1),
(2539, 167, 'LD', 'La Libertad', 1),
(2540, 167, 'LY', 'Lambayeque', 1),
(2541, 167, 'LI', 'Lima', 1),
(2542, 167, 'LO', 'Loreto', 1),
(2543, 167, 'MD', 'Madre de Dios', 1),
(2544, 167, 'MO', 'Moquegua', 1),
(2545, 167, 'PA', 'Pasco', 1),
(2546, 167, 'PI', 'Piura', 1),
(2547, 167, 'PU', 'Puno', 1),
(2548, 167, 'SM', 'San Martin', 1),
(2549, 167, 'TA', 'Tacna', 1),
(2550, 167, 'TU', 'Tumbes', 1),
(2551, 167, 'UC', 'Ucayali', 1),
(2552, 168, 'ABR', 'Abra', 1),
(2553, 168, 'ANO', 'Agusan del Norte', 1),
(2554, 168, 'ASU', 'Agusan del Sur', 1),
(2555, 168, 'AKL', 'Aklan', 1),
(2556, 168, 'ALB', 'Albay', 1),
(2557, 168, 'ANT', 'Antique', 1),
(2558, 168, 'APY', 'Apayao', 1),
(2559, 168, 'AUR', 'Aurora', 1),
(2560, 168, 'BAS', 'Basilan', 1),
(2561, 168, 'BTA', 'Bataan', 1),
(2562, 168, 'BTE', 'Batanes', 1),
(2563, 168, 'BTG', 'Batangas', 1),
(2564, 168, 'BLR', 'Biliran', 1),
(2565, 168, 'BEN', 'Benguet', 1),
(2566, 168, 'BOL', 'Bohol', 1),
(2567, 168, 'BUK', 'Bukidnon', 1),
(2568, 168, 'BUL', 'Bulacan', 1),
(2569, 168, 'CAG', 'Cagayan', 1),
(2570, 168, 'CNO', 'Camarines Norte', 1),
(2571, 168, 'CSU', 'Camarines Sur', 1),
(2572, 168, 'CAM', 'Camiguin', 1),
(2573, 168, 'CAP', 'Capiz', 1),
(2574, 168, 'CAT', 'Catanduanes', 1),
(2575, 168, 'CAV', 'Cavite', 1),
(2576, 168, 'CEB', 'Cebu', 1),
(2577, 168, 'CMP', 'Compostela', 1),
(2578, 168, 'DNO', 'Davao del Norte', 1),
(2579, 168, 'DSU', 'Davao del Sur', 1),
(2580, 168, 'DOR', 'Davao Oriental', 1),
(2581, 168, 'ESA', 'Eastern Samar', 1),
(2582, 168, 'GUI', 'Guimaras', 1),
(2583, 168, 'IFU', 'Ifugao', 1),
(2584, 168, 'INO', 'Ilocos Norte', 1),
(2585, 168, 'ISU', 'Ilocos Sur', 1),
(2586, 168, 'ILO', 'Iloilo', 1),
(2587, 168, 'ISA', 'Isabela', 1),
(2588, 168, 'KAL', 'Kalinga', 1),
(2589, 168, 'LAG', 'Laguna', 1),
(2590, 168, 'LNO', 'Lanao del Norte', 1),
(2591, 168, 'LSU', 'Lanao del Sur', 1),
(2592, 168, 'UNI', 'La Union', 1),
(2593, 168, 'LEY', 'Leyte', 1),
(2594, 168, 'MAG', 'Maguindanao', 1),
(2595, 168, 'MRN', 'Marinduque', 1),
(2596, 168, 'MSB', 'Masbate', 1),
(2597, 168, 'MIC', 'Mindoro Occidental', 1),
(2598, 168, 'MIR', 'Mindoro Oriental', 1),
(2599, 168, 'MSC', 'Misamis Occidental', 1),
(2600, 168, 'MOR', 'Misamis Oriental', 1),
(2601, 168, 'MOP', 'Mountain', 1),
(2602, 168, 'NOC', 'Negros Occidental', 1),
(2603, 168, 'NOR', 'Negros Oriental', 1),
(2604, 168, 'NCT', 'North Cotabato', 1),
(2605, 168, 'NSM', 'Northern Samar', 1),
(2606, 168, 'NEC', 'Nueva Ecija', 1),
(2607, 168, 'NVZ', 'Nueva Vizcaya', 1),
(2608, 168, 'PLW', 'Palawan', 1),
(2609, 168, 'PMP', 'Pampanga', 1),
(2610, 168, 'PNG', 'Pangasinan', 1),
(2611, 168, 'QZN', 'Quezon', 1),
(2612, 168, 'QRN', 'Quirino', 1),
(2613, 168, 'RIZ', 'Rizal', 1),
(2614, 168, 'ROM', 'Romblon', 1),
(2615, 168, 'SMR', 'Samar', 1),
(2616, 168, 'SRG', 'Sarangani', 1),
(2617, 168, 'SQJ', 'Siquijor', 1),
(2618, 168, 'SRS', 'Sorsogon', 1),
(2619, 168, 'SCO', 'South Cotabato', 1),
(2620, 168, 'SLE', 'Southern Leyte', 1),
(2621, 168, 'SKU', 'Sultan Kudarat', 1),
(2622, 168, 'SLU', 'Sulu', 1),
(2623, 168, 'SNO', 'Surigao del Norte', 1),
(2624, 168, 'SSU', 'Surigao del Sur', 1),
(2625, 168, 'TAR', 'Tarlac', 1),
(2626, 168, 'TAW', 'Tawi-Tawi', 1),
(2627, 168, 'ZBL', 'Zambales', 1),
(2628, 168, 'ZNO', 'Zamboanga del Norte', 1),
(2629, 168, 'ZSU', 'Zamboanga del Sur', 1),
(2630, 168, 'ZSI', 'Zamboanga Sibugay', 1),
(2631, 170, 'DO', 'Dolnoslaskie', 1),
(2632, 170, 'KP', 'Kujawsko-Pomorskie', 1),
(2633, 170, 'LO', 'Lodzkie', 1),
(2634, 170, 'LL', 'Lubelskie', 1),
(2635, 170, 'LU', 'Lubuskie', 1),
(2636, 170, 'ML', 'Malopolskie', 1),
(2637, 170, 'MZ', 'Mazowieckie', 1),
(2638, 170, 'OP', 'Opolskie', 1),
(2639, 170, 'PP', 'Podkarpackie', 1),
(2640, 170, 'PL', 'Podlaskie', 1),
(2641, 170, 'PM', 'Pomorskie', 1),
(2642, 170, 'SL', 'Slaskie', 1),
(2643, 170, 'SW', 'Swietokrzyskie', 1),
(2644, 170, 'WM', 'Warminsko-Mazurskie', 1),
(2645, 170, 'WP', 'Wielkopolskie', 1),
(2646, 170, 'ZA', 'Zachodniopomorskie', 1),
(2647, 198, 'P', 'Saint Pierre', 1),
(2648, 198, 'M', 'Miquelon', 1),
(2649, 171, 'AC', 'A&ccedil;ores', 1),
(2650, 171, 'AV', 'Aveiro', 1),
(2651, 171, 'BE', 'Beja', 1),
(2652, 171, 'BR', 'Braga', 1),
(2653, 171, 'BA', 'Bragan&ccedil;a', 1),
(2654, 171, 'CB', 'Castelo Branco', 1),
(2655, 171, 'CO', 'Coimbra', 1),
(2656, 171, 'EV', '&Eacute;vora', 1),
(2657, 171, 'FA', 'Faro', 1),
(2658, 171, 'GU', 'Guarda', 1),
(2659, 171, 'LE', 'Leiria', 1),
(2660, 171, 'LI', 'Lisboa', 1),
(2661, 171, 'ME', 'Madeira', 1),
(2662, 171, 'PO', 'Portalegre', 1),
(2663, 171, 'PR', 'Porto', 1),
(2664, 171, 'SA', 'Santar&eacute;m', 1),
(2665, 171, 'SE', 'Set&uacute;bal', 1),
(2666, 171, 'VC', 'Viana do Castelo', 1),
(2667, 171, 'VR', 'Vila Real', 1),
(2668, 171, 'VI', 'Viseu', 1),
(2669, 173, 'DW', 'Ad Dawhah', 1),
(2670, 173, 'GW', 'Al Ghuwayriyah', 1),
(2671, 173, 'JM', 'Al Jumayliyah', 1),
(2672, 173, 'KR', 'Al Khawr', 1),
(2673, 173, 'WK', 'Al Wakrah', 1),
(2674, 173, 'RN', 'Ar Rayyan', 1),
(2675, 173, 'JB', 'Jarayan al Batinah', 1),
(2676, 173, 'MS', 'Madinat ash Shamal', 1),
(2677, 173, 'UD', 'Umm Sa''id', 1),
(2678, 173, 'UL', 'Umm Salal', 1),
(2679, 175, 'AB', 'Alba', 1),
(2680, 175, 'AR', 'Arad', 1),
(2681, 175, 'AG', 'Arges', 1),
(2682, 175, 'BC', 'Bacau', 1),
(2683, 175, 'BH', 'Bihor', 1),
(2684, 175, 'BN', 'Bistrita-Nasaud', 1),
(2685, 175, 'BT', 'Botosani', 1),
(2686, 175, 'BV', 'Brasov', 1),
(2687, 175, 'BR', 'Braila', 1),
(2688, 175, 'B', 'Bucuresti', 1),
(2689, 175, 'BZ', 'Buzau', 1),
(2690, 175, 'CS', 'Caras-Severin', 1),
(2691, 175, 'CL', 'Calarasi', 1),
(2692, 175, 'CJ', 'Cluj', 1),
(2693, 175, 'CT', 'Constanta', 1),
(2694, 175, 'CV', 'Covasna', 1),
(2695, 175, 'DB', 'Dimbovita', 1),
(2696, 175, 'DJ', 'Dolj', 1),
(2697, 175, 'GL', 'Galati', 1),
(2698, 175, 'GR', 'Giurgiu', 1),
(2699, 175, 'GJ', 'Gorj', 1),
(2700, 175, 'HR', 'Harghita', 1),
(2701, 175, 'HD', 'Hunedoara', 1),
(2702, 175, 'IL', 'Ialomita', 1),
(2703, 175, 'IS', 'Iasi', 1),
(2704, 175, 'IF', 'Ilfov', 1),
(2705, 175, 'MM', 'Maramures', 1),
(2706, 175, 'MH', 'Mehedinti', 1),
(2707, 175, 'MS', 'Mures', 1),
(2708, 175, 'NT', 'Neamt', 1),
(2709, 175, 'OT', 'Olt', 1),
(2710, 175, 'PH', 'Prahova', 1),
(2711, 175, 'SM', 'Satu-Mare', 1),
(2712, 175, 'SJ', 'Salaj', 1),
(2713, 175, 'SB', 'Sibiu', 1),
(2714, 175, 'SV', 'Suceava', 1),
(2715, 175, 'TR', 'Teleorman', 1),
(2716, 175, 'TM', 'Timis', 1),
(2717, 175, 'TL', 'Tulcea', 1),
(2718, 175, 'VS', 'Vaslui', 1),
(2719, 175, 'VL', 'Valcea', 1),
(2720, 175, 'VN', 'Vrancea', 1),
(2721, 176, 'AB', 'Abakan', 1),
(2722, 176, 'AG', 'Aginskoye', 1),
(2723, 176, 'AN', 'Anadyr', 1),
(2724, 176, 'AR', 'Arkahangelsk', 1),
(2725, 176, 'AS', 'Astrakhan', 1),
(2726, 176, 'BA', 'Barnaul', 1),
(2727, 176, 'BE', 'Belgorod', 1),
(2728, 176, 'BI', 'Birobidzhan', 1),
(2729, 176, 'BL', 'Blagoveshchensk', 1),
(2730, 176, 'BR', 'Bryansk', 1),
(2731, 176, 'CH', 'Cheboksary', 1),
(2732, 176, 'CL', 'Chelyabinsk', 1),
(2733, 176, 'CR', 'Cherkessk', 1),
(2734, 176, 'CI', 'Chita', 1),
(2735, 176, 'DU', 'Dudinka', 1),
(2736, 176, 'EL', 'Elista', 1),
(2737, 176, 'GO', 'Gomo-Altaysk', 1),
(2738, 176, 'GA', 'Gorno-Altaysk', 1),
(2739, 176, 'GR', 'Groznyy', 1),
(2740, 176, 'IR', 'Irkutsk', 1),
(2741, 176, 'IV', 'Ivanovo', 1),
(2742, 176, 'IZ', 'Izhevsk', 1),
(2743, 176, 'KA', 'Kalinigrad', 1),
(2744, 176, 'KL', 'Kaluga', 1),
(2745, 176, 'KS', 'Kasnodar', 1),
(2746, 176, 'KZ', 'Kazan', 1),
(2747, 176, 'KE', 'Kemerovo', 1),
(2748, 176, 'KH', 'Khabarovsk', 1),
(2749, 176, 'KM', 'Khanty-Mansiysk', 1),
(2750, 176, 'KO', 'Kostroma', 1),
(2751, 176, 'KR', 'Krasnodar', 1),
(2752, 176, 'KN', 'Krasnoyarsk', 1),
(2753, 176, 'KU', 'Kudymkar', 1),
(2754, 176, 'KG', 'Kurgan', 1),
(2755, 176, 'KK', 'Kursk', 1),
(2756, 176, 'KY', 'Kyzyl', 1),
(2757, 176, 'LI', 'Lipetsk', 1),
(2758, 176, 'MA', 'Magadan', 1),
(2759, 176, 'MK', 'Makhachkala', 1),
(2760, 176, 'MY', 'Maykop', 1),
(2761, 176, 'MO', 'Moscow', 1),
(2762, 176, 'MU', 'Murmansk', 1),
(2763, 176, 'NA', 'Nalchik', 1),
(2764, 176, 'NR', 'Naryan Mar', 1),
(2765, 176, 'NZ', 'Nazran', 1),
(2766, 176, 'NI', 'Nizhniy Novgorod', 1),
(2767, 176, 'NO', 'Novgorod', 1),
(2768, 176, 'NV', 'Novosibirsk', 1),
(2769, 176, 'OM', 'Omsk', 1),
(2770, 176, 'OR', 'Orel', 1),
(2771, 176, 'OE', 'Orenburg', 1),
(2772, 176, 'PA', 'Palana', 1),
(2773, 176, 'PE', 'Penza', 1),
(2774, 176, 'PR', 'Perm', 1),
(2775, 176, 'PK', 'Petropavlovsk-Kamchatskiy', 1),
(2776, 176, 'PT', 'Petrozavodsk', 1),
(2777, 176, 'PS', 'Pskov', 1),
(2778, 176, 'RO', 'Rostov-na-Donu', 1),
(2779, 176, 'RY', 'Ryazan', 1),
(2780, 176, 'SL', 'Salekhard', 1),
(2781, 176, 'SA', 'Samara', 1),
(2782, 176, 'SR', 'Saransk', 1),
(2783, 176, 'SV', 'Saratov', 1),
(2784, 176, 'SM', 'Smolensk', 1),
(2785, 176, 'SP', 'St. Petersburg', 1),
(2786, 176, 'ST', 'Stavropol', 1),
(2787, 176, 'SY', 'Syktyvkar', 1),
(2788, 176, 'TA', 'Tambov', 1),
(2789, 176, 'TO', 'Tomsk', 1),
(2790, 176, 'TU', 'Tula', 1),
(2791, 176, 'TR', 'Tura', 1),
(2792, 176, 'TV', 'Tver', 1),
(2793, 176, 'TY', 'Tyumen', 1),
(2794, 176, 'UF', 'Ufa', 1),
(2795, 176, 'UL', 'Ul''yanovsk', 1),
(2796, 176, 'UU', 'Ulan-Ude', 1),
(2797, 176, 'US', 'Ust''-Ordynskiy', 1),
(2798, 176, 'VL', 'Vladikavkaz', 1),
(2799, 176, 'VA', 'Vladimir', 1),
(2800, 176, 'VV', 'Vladivostok', 1),
(2801, 176, 'VG', 'Volgograd', 1),
(2802, 176, 'VD', 'Vologda', 1),
(2803, 176, 'VO', 'Voronezh', 1),
(2804, 176, 'VY', 'Vyatka', 1),
(2805, 176, 'YA', 'Yakutsk', 1),
(2806, 176, 'YR', 'Yaroslavl', 1),
(2807, 176, 'YE', 'Yekaterinburg', 1),
(2808, 176, 'YO', 'Yoshkar-Ola', 1),
(2809, 177, 'BU', 'Butare', 1),
(2810, 177, 'BY', 'Byumba', 1),
(2811, 177, 'CY', 'Cyangugu', 1),
(2812, 177, 'GK', 'Gikongoro', 1),
(2813, 177, 'GS', 'Gisenyi', 1),
(2814, 177, 'GT', 'Gitarama', 1),
(2815, 177, 'KG', 'Kibungo', 1),
(2816, 177, 'KY', 'Kibuye', 1),
(2817, 177, 'KR', 'Kigali Rurale', 1),
(2818, 177, 'KV', 'Kigali-ville', 1),
(2819, 177, 'RU', 'Ruhengeri', 1),
(2820, 177, 'UM', 'Umutara', 1),
(2821, 178, 'CCN', 'Christ Church Nichola Town', 1),
(2822, 178, 'SAS', 'Saint Anne Sandy Point', 1),
(2823, 178, 'SGB', 'Saint George Basseterre', 1),
(2824, 178, 'SGG', 'Saint George Gingerland', 1),
(2825, 178, 'SJW', 'Saint James Windward', 1),
(2826, 178, 'SJC', 'Saint John Capesterre', 1),
(2827, 178, 'SJF', 'Saint John Figtree', 1),
(2828, 178, 'SMC', 'Saint Mary Cayon', 1),
(2829, 178, 'CAP', 'Saint Paul Capesterre', 1),
(2830, 178, 'CHA', 'Saint Paul Charlestown', 1),
(2831, 178, 'SPB', 'Saint Peter Basseterre', 1),
(2832, 178, 'STL', 'Saint Thomas Lowland', 1),
(2833, 178, 'STM', 'Saint Thomas Middle Island', 1),
(2834, 178, 'TPP', 'Trinity Palmetto Point', 1),
(2835, 179, 'AR', 'Anse-la-Raye', 1),
(2836, 179, 'CA', 'Castries', 1),
(2837, 179, 'CH', 'Choiseul', 1),
(2838, 179, 'DA', 'Dauphin', 1),
(2839, 179, 'DE', 'Dennery', 1),
(2840, 179, 'GI', 'Gros-Islet', 1),
(2841, 179, 'LA', 'Laborie', 1),
(2842, 179, 'MI', 'Micoud', 1),
(2843, 179, 'PR', 'Praslin', 1),
(2844, 179, 'SO', 'Soufriere', 1),
(2845, 179, 'VF', 'Vieux-Fort', 1),
(2846, 180, 'C', 'Charlotte', 1),
(2847, 180, 'R', 'Grenadines', 1),
(2848, 180, 'A', 'Saint Andrew', 1),
(2849, 180, 'D', 'Saint David', 1),
(2850, 180, 'G', 'Saint George', 1),
(2851, 180, 'P', 'Saint Patrick', 1),
(2852, 181, 'AN', 'A''ana', 1),
(2853, 181, 'AI', 'Aiga-i-le-Tai', 1),
(2854, 181, 'AT', 'Atua', 1),
(2855, 181, 'FA', 'Fa''asaleleaga', 1),
(2856, 181, 'GE', 'Gaga''emauga', 1),
(2857, 181, 'GF', 'Gagaifomauga', 1),
(2858, 181, 'PA', 'Palauli', 1),
(2859, 181, 'SA', 'Satupa''itea', 1),
(2860, 181, 'TU', 'Tuamasaga', 1),
(2861, 181, 'VF', 'Va''a-o-Fonoti', 1),
(2862, 181, 'VS', 'Vaisigano', 1),
(2863, 182, 'AC', 'Acquaviva', 1),
(2864, 182, 'BM', 'Borgo Maggiore', 1),
(2865, 182, 'CH', 'Chiesanuova', 1),
(2866, 182, 'DO', 'Domagnano', 1),
(2867, 182, 'FA', 'Faetano', 1),
(2868, 182, 'FI', 'Fiorentino', 1),
(2869, 182, 'MO', 'Montegiardino', 1),
(2870, 182, 'SM', 'Citta di San Marino', 1),
(2871, 182, 'SE', 'Serravalle', 1),
(2872, 183, 'S', 'Sao Tome', 1),
(2873, 183, 'P', 'Principe', 1),
(2874, 184, 'BH', 'Al Bahah', 1),
(2875, 184, 'HS', 'Al Hudud ash Shamaliyah', 1),
(2876, 184, 'JF', 'Al Jawf', 1),
(2877, 184, 'MD', 'Al Madinah', 1),
(2878, 184, 'QS', 'Al Qasim', 1),
(2879, 184, 'RD', 'Ar Riyad', 1),
(2880, 184, 'AQ', 'Ash Sharqiyah (Eastern)', 1),
(2881, 184, 'AS', '''Asir', 1),
(2882, 184, 'HL', 'Ha''il', 1),
(2883, 184, 'JZ', 'Jizan', 1),
(2884, 184, 'ML', 'Makkah', 1),
(2885, 184, 'NR', 'Najran', 1),
(2886, 184, 'TB', 'Tabuk', 1),
(2887, 185, 'DA', 'Dakar', 1),
(2888, 185, 'DI', 'Diourbel', 1),
(2889, 185, 'FA', 'Fatick', 1),
(2890, 185, 'KA', 'Kaolack', 1),
(2891, 185, 'KO', 'Kolda', 1),
(2892, 185, 'LO', 'Louga', 1),
(2893, 185, 'MA', 'Matam', 1),
(2894, 185, 'SL', 'Saint-Louis', 1),
(2895, 185, 'TA', 'Tambacounda', 1),
(2896, 185, 'TH', 'Thies', 1),
(2897, 185, 'ZI', 'Ziguinchor', 1),
(2898, 186, 'AP', 'Anse aux Pins', 1),
(2899, 186, 'AB', 'Anse Boileau', 1),
(2900, 186, 'AE', 'Anse Etoile', 1),
(2901, 186, 'AL', 'Anse Louis', 1),
(2902, 186, 'AR', 'Anse Royale', 1),
(2903, 186, 'BL', 'Baie Lazare', 1),
(2904, 186, 'BS', 'Baie Sainte Anne', 1),
(2905, 186, 'BV', 'Beau Vallon', 1),
(2906, 186, 'BA', 'Bel Air', 1),
(2907, 186, 'BO', 'Bel Ombre', 1),
(2908, 186, 'CA', 'Cascade', 1),
(2909, 186, 'GL', 'Glacis', 1),
(2910, 186, 'GM', 'Grand'' Anse (on Mahe)', 1),
(2911, 186, 'GP', 'Grand'' Anse (on Praslin)', 1),
(2912, 186, 'DG', 'La Digue', 1),
(2913, 186, 'RA', 'La Riviere Anglaise', 1),
(2914, 186, 'MB', 'Mont Buxton', 1),
(2915, 186, 'MF', 'Mont Fleuri', 1),
(2916, 186, 'PL', 'Plaisance', 1),
(2917, 186, 'PR', 'Pointe La Rue', 1),
(2918, 186, 'PG', 'Port Glaud', 1),
(2919, 186, 'SL', 'Saint Louis', 1),
(2920, 186, 'TA', 'Takamaka', 1),
(2921, 187, 'E', 'Eastern', 1),
(2922, 187, 'N', 'Northern', 1),
(2923, 187, 'S', 'Southern', 1),
(2924, 187, 'W', 'Western', 1),
(2925, 189, 'BA', 'Banskobystricky', 1),
(2926, 189, 'BR', 'Bratislavsky', 1),
(2927, 189, 'KO', 'Ko?icky', 1),
(2928, 189, 'NI', 'Nitriansky', 1),
(2929, 189, 'PR', 'Pre?ovsky', 1),
(2930, 189, 'TC', 'Tren?iansky', 1),
(2931, 189, 'TV', 'Trnavsky', 1),
(2932, 189, 'ZI', '?ilinsky', 1),
(2933, 191, 'CE', 'Central', 1),
(2934, 191, 'CH', 'Choiseul', 1),
(2935, 191, 'GC', 'Guadalcanal', 1),
(2936, 191, 'HO', 'Honiara', 1),
(2937, 191, 'IS', 'Isabel', 1),
(2938, 191, 'MK', 'Makira', 1),
(2939, 191, 'ML', 'Malaita', 1),
(2940, 191, 'RB', 'Rennell and Bellona', 1),
(2941, 191, 'TM', 'Temotu', 1),
(2942, 191, 'WE', 'Western', 1),
(2943, 192, 'AW', 'Awdal', 1),
(2944, 192, 'BK', 'Bakool', 1),
(2945, 192, 'BN', 'Banaadir', 1),
(2946, 192, 'BR', 'Bari', 1),
(2947, 192, 'BY', 'Bay', 1),
(2948, 192, 'GA', 'Galguduud', 1),
(2949, 192, 'GE', 'Gedo', 1),
(2950, 192, 'HI', 'Hiiraan', 1),
(2951, 192, 'JD', 'Jubbada Dhexe', 1),
(2952, 192, 'JH', 'Jubbada Hoose', 1),
(2953, 192, 'MU', 'Mudug', 1),
(2954, 192, 'NU', 'Nugaal', 1),
(2955, 192, 'SA', 'Sanaag', 1),
(2956, 192, 'SD', 'Shabeellaha Dhexe', 1),
(2957, 192, 'SH', 'Shabeellaha Hoose', 1),
(2958, 192, 'SL', 'Sool', 1),
(2959, 192, 'TO', 'Togdheer', 1),
(2960, 192, 'WG', 'Woqooyi Galbeed', 1),
(2961, 193, 'EC', 'Eastern Cape', 1),
(2962, 193, 'FS', 'Free State', 1),
(2963, 193, 'GT', 'Gauteng', 1),
(2964, 193, 'KN', 'KwaZulu-Natal', 1),
(2965, 193, 'LP', 'Limpopo', 1),
(2966, 193, 'MP', 'Mpumalanga', 1),
(2967, 193, 'NW', 'North West', 1),
(2968, 193, 'NC', 'Northern Cape', 1),
(2969, 193, 'WC', 'Western Cape', 1),
(2970, 195, 'CA', 'La Coru&ntilde;a', 1),
(2971, 195, 'AL', '&Aacute;lava', 1),
(2972, 195, 'AB', 'Albacete', 1),
(2973, 195, 'AC', 'Alicante', 1),
(2974, 195, 'AM', 'Almeria', 1),
(2975, 195, 'AS', 'Asturias', 1),
(2976, 195, 'AV', '&Aacute;vila', 1),
(2977, 195, 'BJ', 'Badajoz', 1),
(2978, 195, 'IB', 'Baleares', 1),
(2979, 195, 'BA', 'Barcelona', 1),
(2980, 195, 'BU', 'Burgos', 1),
(2981, 195, 'CC', 'C&aacute;ceres', 1),
(2982, 195, 'CZ', 'C&aacute;diz', 1),
(2983, 195, 'CT', 'Cantabria', 1),
(2984, 195, 'CL', 'Castell&oacute;n', 1),
(2985, 195, 'CE', 'Ceuta', 1),
(2986, 195, 'CR', 'Ciudad Real', 1),
(2987, 195, 'CD', 'C&oacute;rdoba', 1),
(2988, 195, 'CU', 'Cuenca', 1),
(2989, 195, 'GI', 'Girona', 1),
(2990, 195, 'GD', 'Granada', 1),
(2991, 195, 'GJ', 'Guadalajara', 1),
(2992, 195, 'GP', 'Guip&uacute;zcoa', 1),
(2993, 195, 'HL', 'Huelva', 1),
(2994, 195, 'HS', 'Huesca', 1),
(2995, 195, 'JN', 'Ja&eacute;n', 1),
(2996, 195, 'RJ', 'La Rioja', 1),
(2997, 195, 'PM', 'Las Palmas', 1),
(2998, 195, 'LE', 'Leon', 1),
(2999, 195, 'LL', 'Lleida', 1),
(3000, 195, 'LG', 'Lugo', 1),
(3001, 195, 'MD', 'Madrid', 1),
(3002, 195, 'MA', 'Malaga', 1),
(3003, 195, 'ML', 'Melilla', 1),
(3004, 195, 'MU', 'Murcia', 1),
(3005, 195, 'NV', 'Navarra', 1),
(3006, 195, 'OU', 'Ourense', 1),
(3007, 195, 'PL', 'Palencia', 1),
(3008, 195, 'PO', 'Pontevedra', 1),
(3009, 195, 'SL', 'Salamanca', 1),
(3010, 195, 'SC', 'Santa Cruz de Tenerife', 1),
(3011, 195, 'SG', 'Segovia', 1),
(3012, 195, 'SV', 'Sevilla', 1),
(3013, 195, 'SO', 'Soria', 1),
(3014, 195, 'TA', 'Tarragona', 1),
(3015, 195, 'TE', 'Teruel', 1),
(3016, 195, 'TO', 'Toledo', 1),
(3017, 195, 'VC', 'Valencia', 1),
(3018, 195, 'VD', 'Valladolid', 1),
(3019, 195, 'VZ', 'Vizcaya', 1),
(3020, 195, 'ZM', 'Zamora', 1),
(3021, 195, 'ZR', 'Zaragoza', 1),
(3022, 196, 'CE', 'Central', 1),
(3023, 196, 'EA', 'Eastern', 1),
(3024, 196, 'NC', 'North Central', 1),
(3025, 196, 'NO', 'Northern', 1),
(3026, 196, 'NW', 'North Western', 1),
(3027, 196, 'SA', 'Sabaragamuwa', 1),
(3028, 196, 'SO', 'Southern', 1),
(3029, 196, 'UV', 'Uva', 1),
(3030, 196, 'WE', 'Western', 1),
(3031, 197, 'A', 'Ascension', 1),
(3032, 197, 'S', 'Saint Helena', 1),
(3033, 197, 'T', 'Tristan da Cunha', 1),
(3034, 199, 'ANL', 'A''ali an Nil', 1),
(3035, 199, 'BAM', 'Al Bahr al Ahmar', 1),
(3036, 199, 'BRT', 'Al Buhayrat', 1),
(3037, 199, 'JZR', 'Al Jazirah', 1),
(3038, 199, 'KRT', 'Al Khartum', 1);
INSERT INTO `zone` (`zone_id`, `country_id`, `code`, `name`, `status`) VALUES
(3039, 199, 'QDR', 'Al Qadarif', 1),
(3040, 199, 'WDH', 'Al Wahdah', 1),
(3041, 199, 'ANB', 'An Nil al Abyad', 1),
(3042, 199, 'ANZ', 'An Nil al Azraq', 1),
(3043, 199, 'ASH', 'Ash Shamaliyah', 1),
(3044, 199, 'BJA', 'Bahr al Jabal', 1),
(3045, 199, 'GIS', 'Gharb al Istiwa''iyah', 1),
(3046, 199, 'GBG', 'Gharb Bahr al Ghazal', 1),
(3047, 199, 'GDA', 'Gharb Darfur', 1),
(3048, 199, 'GKU', 'Gharb Kurdufan', 1),
(3049, 199, 'JDA', 'Janub Darfur', 1),
(3050, 199, 'JKU', 'Janub Kurdufan', 1),
(3051, 199, 'JQL', 'Junqali', 1),
(3052, 199, 'KSL', 'Kassala', 1),
(3053, 199, 'NNL', 'Nahr an Nil', 1),
(3054, 199, 'SBG', 'Shamal Bahr al Ghazal', 1),
(3055, 199, 'SDA', 'Shamal Darfur', 1),
(3056, 199, 'SKU', 'Shamal Kurdufan', 1),
(3057, 199, 'SIS', 'Sharq al Istiwa''iyah', 1),
(3058, 199, 'SNR', 'Sinnar', 1),
(3059, 199, 'WRB', 'Warab', 1),
(3060, 200, 'BR', 'Brokopondo', 1),
(3061, 200, 'CM', 'Commewijne', 1),
(3062, 200, 'CR', 'Coronie', 1),
(3063, 200, 'MA', 'Marowijne', 1),
(3064, 200, 'NI', 'Nickerie', 1),
(3065, 200, 'PA', 'Para', 1),
(3066, 200, 'PM', 'Paramaribo', 1),
(3067, 200, 'SA', 'Saramacca', 1),
(3068, 200, 'SI', 'Sipaliwini', 1),
(3069, 200, 'WA', 'Wanica', 1),
(3070, 202, 'H', 'Hhohho', 1),
(3071, 202, 'L', 'Lubombo', 1),
(3072, 202, 'M', 'Manzini', 1),
(3073, 202, 'S', 'Shishelweni', 1),
(3074, 203, 'K', 'Blekinge', 1),
(3075, 203, 'W', 'Dalama', 1),
(3076, 203, 'X', 'G&auml;vleborg', 1),
(3077, 203, 'I', 'Gotland', 1),
(3078, 203, 'N', 'Halland', 1),
(3079, 203, 'Z', 'J&auml;mtland', 1),
(3080, 203, 'F', 'J&ouml;nk&ouml;ping', 1),
(3081, 203, 'H', 'Kalmar', 1),
(3082, 203, 'G', 'Kronoberg', 1),
(3083, 203, 'BD', 'Norrbotten', 1),
(3084, 203, 'T', '&Ouml;rebro', 1),
(3085, 203, 'E', '&Ouml;sterg&ouml;tland', 1),
(3086, 203, 'M', 'Sk&aring;ne', 1),
(3087, 203, 'D', 'S&ouml;dermanland', 1),
(3088, 203, 'AB', 'Stockholm', 1),
(3089, 203, 'C', 'Uppsala', 1),
(3090, 203, 'S', 'V&auml;rmland', 1),
(3091, 203, 'AC', 'V&auml;sterbotten', 1),
(3092, 203, 'Y', 'V&auml;sternorrland', 1),
(3093, 203, 'U', 'V&auml;stmanland', 1),
(3094, 203, 'O', 'V&auml;stra G&ouml;taland', 1),
(3095, 204, 'AG', 'Aargau', 1),
(3096, 204, 'AR', 'Appenzell Ausserrhoden', 1),
(3097, 204, 'AI', 'Appenzell Innerrhoden', 1),
(3098, 204, 'BS', 'Basel-Stadt', 1),
(3099, 204, 'BL', 'Basel-Landschaft', 1),
(3100, 204, 'BE', 'Bern', 1),
(3101, 204, 'FR', 'Fribourg', 1),
(3102, 204, 'GE', 'Gen&egrave;ve', 1),
(3103, 204, 'GL', 'Glarus', 1),
(3104, 204, 'GR', 'Graub&uuml;nden', 1),
(3105, 204, 'JU', 'Jura', 1),
(3106, 204, 'LU', 'Luzern', 1),
(3107, 204, 'NE', 'Neuch&acirc;tel', 1),
(3108, 204, 'NW', 'Nidwald', 1),
(3109, 204, 'OW', 'Obwald', 1),
(3110, 204, 'SG', 'St. Gallen', 1),
(3111, 204, 'SH', 'Schaffhausen', 1),
(3112, 204, 'SZ', 'Schwyz', 1),
(3113, 204, 'SO', 'Solothurn', 1),
(3114, 204, 'TG', 'Thurgau', 1),
(3115, 204, 'TI', 'Ticino', 1),
(3116, 204, 'UR', 'Uri', 1),
(3117, 204, 'VS', 'Valais', 1),
(3118, 204, 'VD', 'Vaud', 1),
(3119, 204, 'ZG', 'Zug', 1),
(3120, 204, 'ZH', 'Z&uuml;rich', 1),
(3121, 205, 'HA', 'Al Hasakah', 1),
(3122, 205, 'LA', 'Al Ladhiqiyah', 1),
(3123, 205, 'QU', 'Al Qunaytirah', 1),
(3124, 205, 'RQ', 'Ar Raqqah', 1),
(3125, 205, 'SU', 'As Suwayda', 1),
(3126, 205, 'DA', 'Dara', 1),
(3127, 205, 'DZ', 'Dayr az Zawr', 1),
(3128, 205, 'DI', 'Dimashq', 1),
(3129, 205, 'HL', 'Halab', 1),
(3130, 205, 'HM', 'Hamah', 1),
(3131, 205, 'HI', 'Hims', 1),
(3132, 205, 'ID', 'Idlib', 1),
(3133, 205, 'RD', 'Rif Dimashq', 1),
(3134, 205, 'TA', 'Tartus', 1),
(3135, 206, 'CH', 'Chang-hua', 1),
(3136, 206, 'CI', 'Chia-i', 1),
(3137, 206, 'HS', 'Hsin-chu', 1),
(3138, 206, 'HL', 'Hua-lien', 1),
(3139, 206, 'IL', 'I-lan', 1),
(3140, 206, 'KH', 'Kao-hsiung county', 1),
(3141, 206, 'KM', 'Kin-men', 1),
(3142, 206, 'LC', 'Lien-chiang', 1),
(3143, 206, 'ML', 'Miao-li', 1),
(3144, 206, 'NT', 'Nan-t''ou', 1),
(3145, 206, 'PH', 'P''eng-hu', 1),
(3146, 206, 'PT', 'P''ing-tung', 1),
(3147, 206, 'TG', 'T''ai-chung', 1),
(3148, 206, 'TA', 'T''ai-nan', 1),
(3149, 206, 'TP', 'T''ai-pei county', 1),
(3150, 206, 'TT', 'T''ai-tung', 1),
(3151, 206, 'TY', 'T''ao-yuan', 1),
(3152, 206, 'YL', 'Yun-lin', 1),
(3153, 206, 'CC', 'Chia-i city', 1),
(3154, 206, 'CL', 'Chi-lung', 1),
(3155, 206, 'HC', 'Hsin-chu', 1),
(3156, 206, 'TH', 'T''ai-chung', 1),
(3157, 206, 'TN', 'T''ai-nan', 1),
(3158, 206, 'KC', 'Kao-hsiung city', 1),
(3159, 206, 'TC', 'T''ai-pei city', 1),
(3160, 207, 'GB', 'Gorno-Badakhstan', 1),
(3161, 207, 'KT', 'Khatlon', 1),
(3162, 207, 'SU', 'Sughd', 1),
(3163, 208, 'AR', 'Arusha', 1),
(3164, 208, 'DS', 'Dar es Salaam', 1),
(3165, 208, 'DO', 'Dodoma', 1),
(3166, 208, 'IR', 'Iringa', 1),
(3167, 208, 'KA', 'Kagera', 1),
(3168, 208, 'KI', 'Kigoma', 1),
(3169, 208, 'KJ', 'Kilimanjaro', 1),
(3170, 208, 'LN', 'Lindi', 1),
(3171, 208, 'MY', 'Manyara', 1),
(3172, 208, 'MR', 'Mara', 1),
(3173, 208, 'MB', 'Mbeya', 1),
(3174, 208, 'MO', 'Morogoro', 1),
(3175, 208, 'MT', 'Mtwara', 1),
(3176, 208, 'MW', 'Mwanza', 1),
(3177, 208, 'PN', 'Pemba North', 1),
(3178, 208, 'PS', 'Pemba South', 1),
(3179, 208, 'PW', 'Pwani', 1),
(3180, 208, 'RK', 'Rukwa', 1),
(3181, 208, 'RV', 'Ruvuma', 1),
(3182, 208, 'SH', 'Shinyanga', 1),
(3183, 208, 'SI', 'Singida', 1),
(3184, 208, 'TB', 'Tabora', 1),
(3185, 208, 'TN', 'Tanga', 1),
(3186, 208, 'ZC', 'Zanzibar Central/South', 1),
(3187, 208, 'ZN', 'Zanzibar North', 1),
(3188, 208, 'ZU', 'Zanzibar Urban/West', 1),
(3189, 209, 'Amnat Charoen', 'Amnat Charoen', 1),
(3190, 209, 'Ang Thong', 'Ang Thong', 1),
(3191, 209, 'Ayutthaya', 'Ayutthaya', 1),
(3192, 209, 'Bangkok', 'Bangkok', 1),
(3193, 209, 'Buriram', 'Buriram', 1),
(3194, 209, 'Chachoengsao', 'Chachoengsao', 1),
(3195, 209, 'Chai Nat', 'Chai Nat', 1),
(3196, 209, 'Chaiyaphum', 'Chaiyaphum', 1),
(3197, 209, 'Chanthaburi', 'Chanthaburi', 1),
(3198, 209, 'Chiang Mai', 'Chiang Mai', 1),
(3199, 209, 'Chiang Rai', 'Chiang Rai', 1),
(3200, 209, 'Chon Buri', 'Chon Buri', 1),
(3201, 209, 'Chumphon', 'Chumphon', 1),
(3202, 209, 'Kalasin', 'Kalasin', 1),
(3203, 209, 'Kamphaeng Phet', 'Kamphaeng Phet', 1),
(3204, 209, 'Kanchanaburi', 'Kanchanaburi', 1),
(3205, 209, 'Khon Kaen', 'Khon Kaen', 1),
(3206, 209, 'Krabi', 'Krabi', 1),
(3207, 209, 'Lampang', 'Lampang', 1),
(3208, 209, 'Lamphun', 'Lamphun', 1),
(3209, 209, 'Loei', 'Loei', 1),
(3210, 209, 'Lop Buri', 'Lop Buri', 1),
(3211, 209, 'Mae Hong Son', 'Mae Hong Son', 1),
(3212, 209, 'Maha Sarakham', 'Maha Sarakham', 1),
(3213, 209, 'Mukdahan', 'Mukdahan', 1),
(3214, 209, 'Nakhon Nayok', 'Nakhon Nayok', 1),
(3215, 209, 'Nakhon Pathom', 'Nakhon Pathom', 1),
(3216, 209, 'Nakhon Phanom', 'Nakhon Phanom', 1),
(3217, 209, 'Nakhon Ratchasima', 'Nakhon Ratchasima', 1),
(3218, 209, 'Nakhon Sawan', 'Nakhon Sawan', 1),
(3219, 209, 'Nakhon Si Thammarat', 'Nakhon Si Thammarat', 1),
(3220, 209, 'Nan', 'Nan', 1),
(3221, 209, 'Narathiwat', 'Narathiwat', 1),
(3222, 209, 'Nong Bua Lamphu', 'Nong Bua Lamphu', 1),
(3223, 209, 'Nong Khai', 'Nong Khai', 1),
(3224, 209, 'Nonthaburi', 'Nonthaburi', 1),
(3225, 209, 'Pathum Thani', 'Pathum Thani', 1),
(3226, 209, 'Pattani', 'Pattani', 1),
(3227, 209, 'Phangnga', 'Phangnga', 1),
(3228, 209, 'Phatthalung', 'Phatthalung', 1),
(3229, 209, 'Phayao', 'Phayao', 1),
(3230, 209, 'Phetchabun', 'Phetchabun', 1),
(3231, 209, 'Phetchaburi', 'Phetchaburi', 1),
(3232, 209, 'Phichit', 'Phichit', 1),
(3233, 209, 'Phitsanulok', 'Phitsanulok', 1),
(3234, 209, 'Phrae', 'Phrae', 1),
(3235, 209, 'Phuket', 'Phuket', 1),
(3236, 209, 'Prachin Buri', 'Prachin Buri', 1),
(3237, 209, 'Prachuap Khiri Khan', 'Prachuap Khiri Khan', 1),
(3238, 209, 'Ranong', 'Ranong', 1),
(3239, 209, 'Ratchaburi', 'Ratchaburi', 1),
(3240, 209, 'Rayong', 'Rayong', 1),
(3241, 209, 'Roi Et', 'Roi Et', 1),
(3242, 209, 'Sa Kaeo', 'Sa Kaeo', 1),
(3243, 209, 'Sakon Nakhon', 'Sakon Nakhon', 1),
(3244, 209, 'Samut Prakan', 'Samut Prakan', 1),
(3245, 209, 'Samut Sakhon', 'Samut Sakhon', 1),
(3246, 209, 'Samut Songkhram', 'Samut Songkhram', 1),
(3247, 209, 'Sara Buri', 'Sara Buri', 1),
(3248, 209, 'Satun', 'Satun', 1),
(3249, 209, 'Sing Buri', 'Sing Buri', 1),
(3250, 209, 'Sisaket', 'Sisaket', 1),
(3251, 209, 'Songkhla', 'Songkhla', 1),
(3252, 209, 'Sukhothai', 'Sukhothai', 1),
(3253, 209, 'Suphan Buri', 'Suphan Buri', 1),
(3254, 209, 'Surat Thani', 'Surat Thani', 1),
(3255, 209, 'Surin', 'Surin', 1),
(3256, 209, 'Tak', 'Tak', 1),
(3257, 209, 'Trang', 'Trang', 1),
(3258, 209, 'Trat', 'Trat', 1),
(3259, 209, 'Ubon Ratchathani', 'Ubon Ratchathani', 1),
(3260, 209, 'Udon Thani', 'Udon Thani', 1),
(3261, 209, 'Uthai Thani', 'Uthai Thani', 1),
(3262, 209, 'Uttaradit', 'Uttaradit', 1),
(3263, 209, 'Yala', 'Yala', 1),
(3264, 209, 'Yasothon', 'Yasothon', 1),
(3265, 210, 'K', 'Kara', 1),
(3266, 210, 'P', 'Plateaux', 1),
(3267, 210, 'S', 'Savanes', 1),
(3268, 210, 'C', 'Centrale', 1),
(3269, 210, 'M', 'Maritime', 1),
(3270, 211, 'A', 'Atafu', 1),
(3271, 211, 'F', 'Fakaofo', 1),
(3272, 211, 'N', 'Nukunonu', 1),
(3273, 212, 'H', 'Ha''apai', 1),
(3274, 212, 'T', 'Tongatapu', 1),
(3275, 212, 'V', 'Vava''u', 1),
(3276, 213, 'CT', 'Couva/Tabaquite/Talparo', 1),
(3277, 213, 'DM', 'Diego Martin', 1),
(3278, 213, 'MR', 'Mayaro/Rio Claro', 1),
(3279, 213, 'PD', 'Penal/Debe', 1),
(3280, 213, 'PT', 'Princes Town', 1),
(3281, 213, 'SG', 'Sangre Grande', 1),
(3282, 213, 'SL', 'San Juan/Laventille', 1),
(3283, 213, 'SI', 'Siparia', 1),
(3284, 213, 'TP', 'Tunapuna/Piarco', 1),
(3285, 213, 'PS', 'Port of Spain', 1),
(3286, 213, 'SF', 'San Fernando', 1),
(3287, 213, 'AR', 'Arima', 1),
(3288, 213, 'PF', 'Point Fortin', 1),
(3289, 213, 'CH', 'Chaguanas', 1),
(3290, 213, 'TO', 'Tobago', 1),
(3291, 214, 'AR', 'Ariana', 1),
(3292, 214, 'BJ', 'Beja', 1),
(3293, 214, 'BA', 'Ben Arous', 1),
(3294, 214, 'BI', 'Bizerte', 1),
(3295, 214, 'GB', 'Gabes', 1),
(3296, 214, 'GF', 'Gafsa', 1),
(3297, 214, 'JE', 'Jendouba', 1),
(3298, 214, 'KR', 'Kairouan', 1),
(3299, 214, 'KS', 'Kasserine', 1),
(3300, 214, 'KB', 'Kebili', 1),
(3301, 214, 'KF', 'Kef', 1),
(3302, 214, 'MH', 'Mahdia', 1),
(3303, 214, 'MN', 'Manouba', 1),
(3304, 214, 'ME', 'Medenine', 1),
(3305, 214, 'MO', 'Monastir', 1),
(3306, 214, 'NA', 'Nabeul', 1),
(3307, 214, 'SF', 'Sfax', 1),
(3308, 214, 'SD', 'Sidi', 1),
(3309, 214, 'SL', 'Siliana', 1),
(3310, 214, 'SO', 'Sousse', 1),
(3311, 214, 'TA', 'Tataouine', 1),
(3312, 214, 'TO', 'Tozeur', 1),
(3313, 214, 'TU', 'Tunis', 1),
(3314, 214, 'ZA', 'Zaghouan', 1),
(3315, 215, 'ADA', 'Adana', 1),
(3316, 215, 'ADI', 'Adiyaman', 1),
(3317, 215, 'AFY', 'Afyonkarahisar', 1),
(3318, 215, 'AGR', 'Agri', 1),
(3319, 215, 'AKS', 'Aksaray', 1),
(3320, 215, 'AMA', 'Amasya', 1),
(3321, 215, 'ANK', 'Ankara', 1),
(3322, 215, 'ANT', 'Antalya', 1),
(3323, 215, 'ARD', 'Ardahan', 1),
(3324, 215, 'ART', 'Artvin', 1),
(3325, 215, 'AYI', 'Aydin', 1),
(3326, 215, 'BAL', 'Balikesir', 1),
(3327, 215, 'BAR', 'Bartin', 1),
(3328, 215, 'BAT', 'Batman', 1),
(3329, 215, 'BAY', 'Bayburt', 1),
(3330, 215, 'BIL', 'Bilecik', 1),
(3331, 215, 'BIN', 'Bingol', 1),
(3332, 215, 'BIT', 'Bitlis', 1),
(3333, 215, 'BOL', 'Bolu', 1),
(3334, 215, 'BRD', 'Burdur', 1),
(3335, 215, 'BRS', 'Bursa', 1),
(3336, 215, 'CKL', 'Canakkale', 1),
(3337, 215, 'CKR', 'Cankiri', 1),
(3338, 215, 'COR', 'Corum', 1),
(3339, 215, 'DEN', 'Denizli', 1),
(3340, 215, 'DIY', 'Diyarbakir', 1),
(3341, 215, 'DUZ', 'Duzce', 1),
(3342, 215, 'EDI', 'Edirne', 1),
(3343, 215, 'ELA', 'Elazig', 1),
(3344, 215, 'EZC', 'Erzincan', 1),
(3345, 215, 'EZR', 'Erzurum', 1),
(3346, 215, 'ESK', 'Eskisehir', 1),
(3347, 215, 'GAZ', 'Gaziantep', 1),
(3348, 215, 'GIR', 'Giresun', 1),
(3349, 215, 'GMS', 'Gumushane', 1),
(3350, 215, 'HKR', 'Hakkari', 1),
(3351, 215, 'HTY', 'Hatay', 1),
(3352, 215, 'IGD', 'Igdir', 1),
(3353, 215, 'ISP', 'Isparta', 1),
(3354, 215, 'IST', 'Istanbul', 1),
(3355, 215, 'IZM', 'Izmir', 1),
(3356, 215, 'KAH', 'Kahramanmaras', 1),
(3357, 215, 'KRB', 'Karabuk', 1),
(3358, 215, 'KRM', 'Karaman', 1),
(3359, 215, 'KRS', 'Kars', 1),
(3360, 215, 'KAS', 'Kastamonu', 1),
(3361, 215, 'KAY', 'Kayseri', 1),
(3362, 215, 'KLS', 'Kilis', 1),
(3363, 215, 'KRK', 'Kirikkale', 1),
(3364, 215, 'KLR', 'Kirklareli', 1),
(3365, 215, 'KRH', 'Kirsehir', 1),
(3366, 215, 'KOC', 'Kocaeli', 1),
(3367, 215, 'KON', 'Konya', 1),
(3368, 215, 'KUT', 'Kutahya', 1),
(3369, 215, 'MAL', 'Malatya', 1),
(3370, 215, 'MAN', 'Manisa', 1),
(3371, 215, 'MAR', 'Mardin', 1),
(3372, 215, 'MER', 'Mersin', 1),
(3373, 215, 'MUG', 'Mugla', 1),
(3374, 215, 'MUS', 'Mus', 1),
(3375, 215, 'NEV', 'Nevsehir', 1),
(3376, 215, 'NIG', 'Nigde', 1),
(3377, 215, 'ORD', 'Ordu', 1),
(3378, 215, 'OSM', 'Osmaniye', 1),
(3379, 215, 'RIZ', 'Rize', 1),
(3380, 215, 'SAK', 'Sakarya', 1),
(3381, 215, 'SAM', 'Samsun', 1),
(3382, 215, 'SAN', 'Sanliurfa', 1),
(3383, 215, 'SII', 'Siirt', 1),
(3384, 215, 'SIN', 'Sinop', 1),
(3385, 215, 'SIR', 'Sirnak', 1),
(3386, 215, 'SIV', 'Sivas', 1),
(3387, 215, 'TEL', 'Tekirdag', 1),
(3388, 215, 'TOK', 'Tokat', 1),
(3389, 215, 'TRA', 'Trabzon', 1),
(3390, 215, 'TUN', 'Tunceli', 1),
(3391, 215, 'USK', 'Usak', 1),
(3392, 215, 'VAN', 'Van', 1),
(3393, 215, 'YAL', 'Yalova', 1),
(3394, 215, 'YOZ', 'Yozgat', 1),
(3395, 215, 'ZON', 'Zonguldak', 1),
(3396, 216, 'A', 'Ahal Welayaty', 1),
(3397, 216, 'B', 'Balkan Welayaty', 1),
(3398, 216, 'D', 'Dashhowuz Welayaty', 1),
(3399, 216, 'L', 'Lebap Welayaty', 1),
(3400, 216, 'M', 'Mary Welayaty', 1),
(3401, 217, 'AC', 'Ambergris Cays', 1),
(3402, 217, 'DC', 'Dellis Cay', 1),
(3403, 217, 'FC', 'French Cay', 1),
(3404, 217, 'LW', 'Little Water Cay', 1),
(3405, 217, 'RC', 'Parrot Cay', 1),
(3406, 217, 'PN', 'Pine Cay', 1),
(3407, 217, 'SL', 'Salt Cay', 1),
(3408, 217, 'GT', 'Grand Turk', 1),
(3409, 217, 'SC', 'South Caicos', 1),
(3410, 217, 'EC', 'East Caicos', 1),
(3411, 217, 'MC', 'Middle Caicos', 1),
(3412, 217, 'NC', 'North Caicos', 1),
(3413, 217, 'PR', 'Providenciales', 1),
(3414, 217, 'WC', 'West Caicos', 1),
(3415, 218, 'NMG', 'Nanumanga', 1),
(3416, 218, 'NLK', 'Niulakita', 1),
(3417, 218, 'NTO', 'Niutao', 1),
(3418, 218, 'FUN', 'Funafuti', 1),
(3419, 218, 'NME', 'Nanumea', 1),
(3420, 218, 'NUI', 'Nui', 1),
(3421, 218, 'NFT', 'Nukufetau', 1),
(3422, 218, 'NLL', 'Nukulaelae', 1),
(3423, 218, 'VAI', 'Vaitupu', 1),
(3424, 219, 'KAL', 'Kalangala', 1),
(3425, 219, 'KMP', 'Kampala', 1),
(3426, 219, 'KAY', 'Kayunga', 1),
(3427, 219, 'KIB', 'Kiboga', 1),
(3428, 219, 'LUW', 'Luwero', 1),
(3429, 219, 'MAS', 'Masaka', 1),
(3430, 219, 'MPI', 'Mpigi', 1),
(3431, 219, 'MUB', 'Mubende', 1),
(3432, 219, 'MUK', 'Mukono', 1),
(3433, 219, 'NKS', 'Nakasongola', 1),
(3434, 219, 'RAK', 'Rakai', 1),
(3435, 219, 'SEM', 'Sembabule', 1),
(3436, 219, 'WAK', 'Wakiso', 1),
(3437, 219, 'BUG', 'Bugiri', 1),
(3438, 219, 'BUS', 'Busia', 1),
(3439, 219, 'IGA', 'Iganga', 1),
(3440, 219, 'JIN', 'Jinja', 1),
(3441, 219, 'KAB', 'Kaberamaido', 1),
(3442, 219, 'KML', 'Kamuli', 1),
(3443, 219, 'KPC', 'Kapchorwa', 1),
(3444, 219, 'KTK', 'Katakwi', 1),
(3445, 219, 'KUM', 'Kumi', 1),
(3446, 219, 'MAY', 'Mayuge', 1),
(3447, 219, 'MBA', 'Mbale', 1),
(3448, 219, 'PAL', 'Pallisa', 1),
(3449, 219, 'SIR', 'Sironko', 1),
(3450, 219, 'SOR', 'Soroti', 1),
(3451, 219, 'TOR', 'Tororo', 1),
(3452, 219, 'ADJ', 'Adjumani', 1),
(3453, 219, 'APC', 'Apac', 1),
(3454, 219, 'ARU', 'Arua', 1),
(3455, 219, 'GUL', 'Gulu', 1),
(3456, 219, 'KIT', 'Kitgum', 1),
(3457, 219, 'KOT', 'Kotido', 1),
(3458, 219, 'LIR', 'Lira', 1),
(3459, 219, 'MRT', 'Moroto', 1),
(3460, 219, 'MOY', 'Moyo', 1),
(3461, 219, 'NAK', 'Nakapiripirit', 1),
(3462, 219, 'NEB', 'Nebbi', 1),
(3463, 219, 'PAD', 'Pader', 1),
(3464, 219, 'YUM', 'Yumbe', 1),
(3465, 219, 'BUN', 'Bundibugyo', 1),
(3466, 219, 'BSH', 'Bushenyi', 1),
(3467, 219, 'HOI', 'Hoima', 1),
(3468, 219, 'KBL', 'Kabale', 1),
(3469, 219, 'KAR', 'Kabarole', 1),
(3470, 219, 'KAM', 'Kamwenge', 1),
(3471, 219, 'KAN', 'Kanungu', 1),
(3472, 219, 'KAS', 'Kasese', 1),
(3473, 219, 'KBA', 'Kibaale', 1),
(3474, 219, 'KIS', 'Kisoro', 1),
(3475, 219, 'KYE', 'Kyenjojo', 1),
(3476, 219, 'MSN', 'Masindi', 1),
(3477, 219, 'MBR', 'Mbarara', 1),
(3478, 219, 'NTU', 'Ntungamo', 1),
(3479, 219, 'RUK', 'Rukungiri', 1),
(3480, 220, 'CK', 'Cherkasy', 1),
(3481, 220, 'CH', 'Chernihiv', 1),
(3482, 220, 'CV', 'Chernivtsi', 1),
(3483, 220, 'CR', 'Crimea', 1),
(3484, 220, 'DN', 'Dnipropetrovs''k', 1),
(3485, 220, 'DO', 'Donets''k', 1),
(3486, 220, 'IV', 'Ivano-Frankivs''k', 1),
(3487, 220, 'KL', 'Kharkiv Kherson', 1),
(3488, 220, 'KM', 'Khmel''nyts''kyy', 1),
(3489, 220, 'KR', 'Kirovohrad', 1),
(3490, 220, 'KV', 'Kiev', 1),
(3491, 220, 'KY', 'Kyyiv', 1),
(3492, 220, 'LU', 'Luhans''k', 1),
(3493, 220, 'LV', 'L''viv', 1),
(3494, 220, 'MY', 'Mykolayiv', 1),
(3495, 220, 'OD', 'Odesa', 1),
(3496, 220, 'PO', 'Poltava', 1),
(3497, 220, 'RI', 'Rivne', 1),
(3498, 220, 'SE', 'Sevastopol', 1),
(3499, 220, 'SU', 'Sumy', 1),
(3500, 220, 'TE', 'Ternopil''', 1),
(3501, 220, 'VI', 'Vinnytsya', 1),
(3502, 220, 'VO', 'Volyn''', 1),
(3503, 220, 'ZK', 'Zakarpattya', 1),
(3504, 220, 'ZA', 'Zaporizhzhya', 1),
(3505, 220, 'ZH', 'Zhytomyr', 1),
(3506, 221, 'AZ', 'Abu Zaby', 1),
(3507, 221, 'AJ', '''Ajman', 1),
(3508, 221, 'FU', 'Al Fujayrah', 1),
(3509, 221, 'SH', 'Ash Shariqah', 1),
(3510, 221, 'DU', 'Dubayy', 1),
(3511, 221, 'RK', 'R''as al Khaymah', 1),
(3512, 221, 'UQ', 'Umm al Qaywayn', 1),
(3513, 222, 'ABN', 'Aberdeen', 1),
(3514, 222, 'ABNS', 'Aberdeenshire', 1),
(3515, 222, 'ANG', 'Anglesey', 1),
(3516, 222, 'AGS', 'Angus', 1),
(3517, 222, 'ARY', 'Argyll and Bute', 1),
(3518, 222, 'BEDS', 'Bedfordshire', 1),
(3519, 222, 'BERKS', 'Berkshire', 1),
(3520, 222, 'BLA', 'Blaenau Gwent', 1),
(3521, 222, 'BRI', 'Bridgend', 1),
(3522, 222, 'BSTL', 'Bristol', 1),
(3523, 222, 'BUCKS', 'Buckinghamshire', 1),
(3524, 222, 'CAE', 'Caerphilly', 1),
(3525, 222, 'CAMBS', 'Cambridgeshire', 1),
(3526, 222, 'CDF', 'Cardiff', 1),
(3527, 222, 'CARM', 'Carmarthenshire', 1),
(3528, 222, 'CDGN', 'Ceredigion', 1),
(3529, 222, 'CHES', 'Cheshire', 1),
(3530, 222, 'CLACK', 'Clackmannanshire', 1),
(3531, 222, 'CON', 'Conwy', 1),
(3532, 222, 'CORN', 'Cornwall', 1),
(3533, 222, 'DNBG', 'Denbighshire', 1),
(3534, 222, 'DERBY', 'Derbyshire', 1),
(3535, 222, 'DVN', 'Devon', 1),
(3536, 222, 'DOR', 'Dorset', 1),
(3537, 222, 'DGL', 'Dumfries and Galloway', 1),
(3538, 222, 'DUND', 'Dundee', 1),
(3539, 222, 'DHM', 'Durham', 1),
(3540, 222, 'ARYE', 'East Ayrshire', 1),
(3541, 222, 'DUNBE', 'East Dunbartonshire', 1),
(3542, 222, 'LOTE', 'East Lothian', 1),
(3543, 222, 'RENE', 'East Renfrewshire', 1),
(3544, 222, 'ERYS', 'East Riding of Yorkshire', 1),
(3545, 222, 'SXE', 'East Sussex', 1),
(3546, 222, 'EDIN', 'Edinburgh', 1),
(3547, 222, 'ESX', 'Essex', 1),
(3548, 222, 'FALK', 'Falkirk', 1),
(3549, 222, 'FFE', 'Fife', 1),
(3550, 222, 'FLINT', 'Flintshire', 1),
(3551, 222, 'GLAS', 'Glasgow', 1),
(3552, 222, 'GLOS', 'Gloucestershire', 1),
(3553, 222, 'LDN', 'Greater London', 1),
(3554, 222, 'MCH', 'Greater Manchester', 1),
(3555, 222, 'GDD', 'Gwynedd', 1),
(3556, 222, 'HANTS', 'Hampshire', 1),
(3557, 222, 'HWR', 'Herefordshire', 1),
(3558, 222, 'HERTS', 'Hertfordshire', 1),
(3559, 222, 'HLD', 'Highlands', 1),
(3560, 222, 'IVER', 'Inverclyde', 1),
(3561, 222, 'IOW', 'Isle of Wight', 1),
(3562, 222, 'KNT', 'Kent', 1),
(3563, 222, 'LANCS', 'Lancashire', 1),
(3564, 222, 'LEICS', 'Leicestershire', 1),
(3565, 222, 'LINCS', 'Lincolnshire', 1),
(3566, 222, 'MSY', 'Merseyside', 1),
(3567, 222, 'MERT', 'Merthyr Tydfil', 1),
(3568, 222, 'MLOT', 'Midlothian', 1),
(3569, 222, 'MMOUTH', 'Monmouthshire', 1),
(3570, 222, 'MORAY', 'Moray', 1),
(3571, 222, 'NPRTAL', 'Neath Port Talbot', 1),
(3572, 222, 'NEWPT', 'Newport', 1),
(3573, 222, 'NOR', 'Norfolk', 1),
(3574, 222, 'ARYN', 'North Ayrshire', 1),
(3575, 222, 'LANN', 'North Lanarkshire', 1),
(3576, 222, 'YSN', 'North Yorkshire', 1),
(3577, 222, 'NHM', 'Northamptonshire', 1),
(3578, 222, 'NLD', 'Northumberland', 1),
(3579, 222, 'NOT', 'Nottinghamshire', 1),
(3580, 222, 'ORK', 'Orkney Islands', 1),
(3581, 222, 'OFE', 'Oxfordshire', 1),
(3582, 222, 'PEM', 'Pembrokeshire', 1),
(3583, 222, 'PERTH', 'Perth and Kinross', 1),
(3584, 222, 'PWS', 'Powys', 1),
(3585, 222, 'REN', 'Renfrewshire', 1),
(3586, 222, 'RHON', 'Rhondda Cynon Taff', 1),
(3587, 222, 'RUT', 'Rutland', 1),
(3588, 222, 'BOR', 'Scottish Borders', 1),
(3589, 222, 'SHET', 'Shetland Islands', 1),
(3590, 222, 'SPE', 'Shropshire', 1),
(3591, 222, 'SOM', 'Somerset', 1),
(3592, 222, 'ARYS', 'South Ayrshire', 1),
(3593, 222, 'LANS', 'South Lanarkshire', 1),
(3594, 222, 'YSS', 'South Yorkshire', 1),
(3595, 222, 'SFD', 'Staffordshire', 1),
(3596, 222, 'STIR', 'Stirling', 1),
(3597, 222, 'SFK', 'Suffolk', 1),
(3598, 222, 'SRY', 'Surrey', 1),
(3599, 222, 'SWAN', 'Swansea', 1),
(3600, 222, 'TORF', 'Torfaen', 1),
(3601, 222, 'TWR', 'Tyne and Wear', 1),
(3602, 222, 'VGLAM', 'Vale of Glamorgan', 1),
(3603, 222, 'WARKS', 'Warwickshire', 1),
(3604, 222, 'WDUN', 'West Dunbartonshire', 1),
(3605, 222, 'WLOT', 'West Lothian', 1),
(3606, 222, 'WMD', 'West Midlands', 1),
(3607, 222, 'SXW', 'West Sussex', 1),
(3608, 222, 'YSW', 'West Yorkshire', 1),
(3609, 222, 'WIL', 'Western Isles', 1),
(3610, 222, 'WLT', 'Wiltshire', 1),
(3611, 222, 'WORCS', 'Worcestershire', 1),
(3612, 222, 'WRX', 'Wrexham', 1),
(3613, 223, 'AL', 'Alabama', 1),
(3614, 223, 'AK', 'Alaska', 1),
(3615, 223, 'AS', 'American Samoa', 1),
(3616, 223, 'AZ', 'Arizona', 1),
(3617, 223, 'AR', 'Arkansas', 1),
(3618, 223, 'AF', 'Armed Forces Africa', 1),
(3619, 223, 'AA', 'Armed Forces Americas', 1),
(3620, 223, 'AC', 'Armed Forces Canada', 1),
(3621, 223, 'AE', 'Armed Forces Europe', 1),
(3622, 223, 'AM', 'Armed Forces Middle East', 1),
(3623, 223, 'AP', 'Armed Forces Pacific', 1),
(3624, 223, 'CA', 'California', 1),
(3625, 223, 'CO', 'Colorado', 1),
(3626, 223, 'CT', 'Connecticut', 1),
(3627, 223, 'DE', 'Delaware', 1),
(3628, 223, 'DC', 'District of Columbia', 1),
(3629, 223, 'FM', 'Federated States Of Micronesia', 1),
(3630, 223, 'FL', 'Florida', 1),
(3631, 223, 'GA', 'Georgia', 1),
(3632, 223, 'GU', 'Guam', 1),
(3633, 223, 'HI', 'Hawaii', 1),
(3634, 223, 'ID', 'Idaho', 1),
(3635, 223, 'IL', 'Illinois', 1),
(3636, 223, 'IN', 'Indiana', 1),
(3637, 223, 'IA', 'Iowa', 1),
(3638, 223, 'KS', 'Kansas', 1),
(3639, 223, 'KY', 'Kentucky', 1),
(3640, 223, 'LA', 'Louisiana', 1),
(3641, 223, 'ME', 'Maine', 1),
(3642, 223, 'MH', 'Marshall Islands', 1),
(3643, 223, 'MD', 'Maryland', 1),
(3644, 223, 'MA', 'Massachusetts', 1),
(3645, 223, 'MI', 'Michigan', 1),
(3646, 223, 'MN', 'Minnesota', 1),
(3647, 223, 'MS', 'Mississippi', 1),
(3648, 223, 'MO', 'Missouri', 1),
(3649, 223, 'MT', 'Montana', 1),
(3650, 223, 'NE', 'Nebraska', 1),
(3651, 223, 'NV', 'Nevada', 1),
(3652, 223, 'NH', 'New Hampshire', 1),
(3653, 223, 'NJ', 'New Jersey', 1),
(3654, 223, 'NM', 'New Mexico', 1),
(3655, 223, 'NY', 'New York', 1),
(3656, 223, 'NC', 'North Carolina', 1),
(3657, 223, 'ND', 'North Dakota', 1),
(3658, 223, 'MP', 'Northern Mariana Islands', 1),
(3659, 223, 'OH', 'Ohio', 1),
(3660, 223, 'OK', 'Oklahoma', 1),
(3661, 223, 'OR', 'Oregon', 1),
(3662, 223, 'PW', 'Palau', 1),
(3663, 223, 'PA', 'Pennsylvania', 1),
(3664, 223, 'PR', 'Puerto Rico', 1),
(3665, 223, 'RI', 'Rhode Island', 1),
(3666, 223, 'SC', 'South Carolina', 1),
(3667, 223, 'SD', 'South Dakota', 1),
(3668, 223, 'TN', 'Tennessee', 1),
(3669, 223, 'TX', 'Texas', 1),
(3670, 223, 'UT', 'Utah', 1),
(3671, 223, 'VT', 'Vermont', 1),
(3672, 223, 'VI', 'Virgin Islands', 1),
(3673, 223, 'VA', 'Virginia', 1),
(3674, 223, 'WA', 'Washington', 1),
(3675, 223, 'WV', 'West Virginia', 1),
(3676, 223, 'WI', 'Wisconsin', 1),
(3677, 223, 'WY', 'Wyoming', 1),
(3678, 224, 'BI', 'Baker Island', 1),
(3679, 224, 'HI', 'Howland Island', 1),
(3680, 224, 'JI', 'Jarvis Island', 1),
(3681, 224, 'JA', 'Johnston Atoll', 1),
(3682, 224, 'KR', 'Kingman Reef', 1),
(3683, 224, 'MA', 'Midway Atoll', 1),
(3684, 224, 'NI', 'Navassa Island', 1),
(3685, 224, 'PA', 'Palmyra Atoll', 1),
(3686, 224, 'WI', 'Wake Island', 1),
(3687, 225, 'AR', 'Artigas', 1),
(3688, 225, 'CA', 'Canelones', 1),
(3689, 225, 'CL', 'Cerro Largo', 1),
(3690, 225, 'CO', 'Colonia', 1),
(3691, 225, 'DU', 'Durazno', 1),
(3692, 225, 'FS', 'Flores', 1),
(3693, 225, 'FA', 'Florida', 1),
(3694, 225, 'LA', 'Lavalleja', 1),
(3695, 225, 'MA', 'Maldonado', 1),
(3696, 225, 'MO', 'Montevideo', 1),
(3697, 225, 'PA', 'Paysandu', 1),
(3698, 225, 'RN', 'Rio Negro', 1),
(3699, 225, 'RV', 'Rivera', 1),
(3700, 225, 'RO', 'Rocha', 1),
(3701, 225, 'SL', 'Salto', 1),
(3702, 225, 'SJ', 'San Jose', 1),
(3703, 225, 'SO', 'Soriano', 1),
(3704, 225, 'TA', 'Tacuarembo', 1),
(3705, 225, 'TT', 'Treinta y Tres', 1),
(3706, 226, 'AN', 'Andijon', 1),
(3707, 226, 'BU', 'Buxoro', 1),
(3708, 226, 'FA', 'Farg''ona', 1),
(3709, 226, 'JI', 'Jizzax', 1),
(3710, 226, 'NG', 'Namangan', 1),
(3711, 226, 'NW', 'Navoiy', 1),
(3712, 226, 'QA', 'Qashqadaryo', 1),
(3713, 226, 'QR', 'Qoraqalpog''iston Republikasi', 1),
(3714, 226, 'SA', 'Samarqand', 1),
(3715, 226, 'SI', 'Sirdaryo', 1),
(3716, 226, 'SU', 'Surxondaryo', 1),
(3717, 226, 'TK', 'Toshkent City', 1),
(3718, 226, 'TO', 'Toshkent Region', 1),
(3719, 226, 'XO', 'Xorazm', 1),
(3720, 227, 'MA', 'Malampa', 1),
(3721, 227, 'PE', 'Penama', 1),
(3722, 227, 'SA', 'Sanma', 1),
(3723, 227, 'SH', 'Shefa', 1),
(3724, 227, 'TA', 'Tafea', 1),
(3725, 227, 'TO', 'Torba', 1),
(3726, 229, 'AM', 'Amazonas', 1),
(3727, 229, 'AN', 'Anzoategui', 1),
(3728, 229, 'AP', 'Apure', 1),
(3729, 229, 'AR', 'Aragua', 1),
(3730, 229, 'BA', 'Barinas', 1),
(3731, 229, 'BO', 'Bolivar', 1),
(3732, 229, 'CA', 'Carabobo', 1),
(3733, 229, 'CO', 'Cojedes', 1),
(3734, 229, 'DA', 'Delta Amacuro', 1),
(3735, 229, 'DF', 'Dependencias Federales', 1),
(3736, 229, 'DI', 'Distrito Federal', 1),
(3737, 229, 'FA', 'Falcon', 1),
(3738, 229, 'GU', 'Guarico', 1),
(3739, 229, 'LA', 'Lara', 1),
(3740, 229, 'ME', 'Merida', 1),
(3741, 229, 'MI', 'Miranda', 1),
(3742, 229, 'MO', 'Monagas', 1),
(3743, 229, 'NE', 'Nueva Esparta', 1),
(3744, 229, 'PO', 'Portuguesa', 1),
(3745, 229, 'SU', 'Sucre', 1),
(3746, 229, 'TA', 'Tachira', 1),
(3747, 229, 'TR', 'Trujillo', 1),
(3748, 229, 'VA', 'Vargas', 1),
(3749, 229, 'YA', 'Yaracuy', 1),
(3750, 229, 'ZU', 'Zulia', 1),
(3751, 230, 'AG', 'An Giang', 1),
(3752, 230, 'BG', 'Bac Giang', 1),
(3753, 230, 'BK', 'Bac Kan', 1),
(3754, 230, 'BL', 'Bac Lieu', 1),
(3755, 230, 'BC', 'Bac Ninh', 1),
(3756, 230, 'BR', 'Ba Ria-Vung Tau', 1),
(3757, 230, 'BN', 'Ben Tre', 1),
(3758, 230, 'BH', 'Binh Dinh', 1),
(3759, 230, 'BU', 'Binh Duong', 1),
(3760, 230, 'BP', 'Binh Phuoc', 1),
(3761, 230, 'BT', 'Binh Thuan', 1),
(3762, 230, 'CM', 'Ca Mau', 1),
(3763, 230, 'CT', 'Can Tho', 1),
(3764, 230, 'CB', 'Cao Bang', 1),
(3765, 230, 'DL', 'Dak Lak', 1),
(3766, 230, 'DG', 'Dak Nong', 1),
(3767, 230, 'DN', 'Da Nang', 1),
(3768, 230, 'DB', 'Dien Bien', 1),
(3769, 230, 'DI', 'Dong Nai', 1),
(3770, 230, 'DT', 'Dong Thap', 1),
(3771, 230, 'GL', 'Gia Lai', 1),
(3772, 230, 'HG', 'Ha Giang', 1),
(3773, 230, 'HD', 'Hai Duong', 1),
(3774, 230, 'HP', 'Hai Phong', 1),
(3775, 230, 'HM', 'Ha Nam', 1),
(3776, 230, 'HI', 'Ha Noi', 1),
(3777, 230, 'HT', 'Ha Tay', 1),
(3778, 230, 'HH', 'Ha Tinh', 1),
(3779, 230, 'HB', 'Hoa Binh', 1),
(3780, 230, 'HC', 'Ho Chi Minh City', 1),
(3781, 230, 'HU', 'Hau Giang', 1),
(3782, 230, 'HY', 'Hung Yen', 1),
(3783, 232, 'C', 'Saint Croix', 1),
(3784, 232, 'J', 'Saint John', 1),
(3785, 232, 'T', 'Saint Thomas', 1),
(3786, 233, 'A', 'Alo', 1),
(3787, 233, 'S', 'Sigave', 1),
(3788, 233, 'W', 'Wallis', 1),
(3789, 235, 'AB', 'Abyan', 1),
(3790, 235, 'AD', 'Adan', 1),
(3791, 235, 'AM', 'Amran', 1),
(3792, 235, 'BA', 'Al Bayda', 1),
(3793, 235, 'DA', 'Ad Dali', 1),
(3794, 235, 'DH', 'Dhamar', 1),
(3795, 235, 'HD', 'Hadramawt', 1),
(3796, 235, 'HJ', 'Hajjah', 1),
(3797, 235, 'HU', 'Al Hudaydah', 1),
(3798, 235, 'IB', 'Ibb', 1),
(3799, 235, 'JA', 'Al Jawf', 1),
(3800, 235, 'LA', 'Lahij', 1),
(3801, 235, 'MA', 'Ma''rib', 1),
(3802, 235, 'MR', 'Al Mahrah', 1),
(3803, 235, 'MW', 'Al Mahwit', 1),
(3804, 235, 'SD', 'Sa''dah', 1),
(3805, 235, 'SN', 'San''a', 1),
(3806, 235, 'SH', 'Shabwah', 1),
(3807, 235, 'TA', 'Ta''izz', 1),
(3808, 236, 'KOS', 'Kosovo', 1),
(3809, 236, 'MON', 'Montenegro', 1),
(3810, 236, 'SER', 'Serbia', 1),
(3811, 236, 'VOJ', 'Vojvodina', 1),
(3812, 237, 'BC', 'Bas-Congo', 1),
(3813, 237, 'BN', 'Bandundu', 1),
(3814, 237, 'EQ', 'Equateur', 1),
(3815, 237, 'KA', 'Katanga', 1),
(3816, 237, 'KE', 'Kasai-Oriental', 1),
(3817, 237, 'KN', 'Kinshasa', 1),
(3818, 237, 'KW', 'Kasai-Occidental', 1),
(3819, 237, 'MA', 'Maniema', 1),
(3820, 237, 'NK', 'Nord-Kivu', 1),
(3821, 237, 'OR', 'Orientale', 1),
(3822, 237, 'SK', 'Sud-Kivu', 1),
(3823, 238, 'CE', 'Central', 1),
(3824, 238, 'CB', 'Copperbelt', 1),
(3825, 238, 'EA', 'Eastern', 1),
(3826, 238, 'LP', 'Luapula', 1),
(3827, 238, 'LK', 'Lusaka', 1),
(3828, 238, 'NO', 'Northern', 1),
(3829, 238, 'NW', 'North-Western', 1),
(3830, 238, 'SO', 'Southern', 1),
(3831, 238, 'WE', 'Western', 1),
(3832, 239, 'BU', 'Bulawayo', 1),
(3833, 239, 'HA', 'Harare', 1),
(3834, 239, 'ML', 'Manicaland', 1),
(3835, 239, 'MC', 'Mashonaland Central', 1),
(3836, 239, 'ME', 'Mashonaland East', 1),
(3837, 239, 'MW', 'Mashonaland West', 1),
(3838, 239, 'MV', 'Masvingo', 1),
(3839, 239, 'MN', 'Matabeleland North', 1),
(3840, 239, 'MS', 'Matabeleland South', 1),
(3841, 239, 'MD', 'Midlands', 1),
(3861, 105, 'CB', 'Campobasso', 1),
(3862, 105, 'CI', 'Carbonia-Iglesias', 1),
(3863, 105, 'CE', 'Caserta', 1),
(3864, 105, 'CT', 'Catania', 1),
(3865, 105, 'CZ', 'Catanzaro', 1),
(3866, 105, 'CH', 'Chieti', 1),
(3867, 105, 'CO', 'Como', 1),
(3868, 105, 'CS', 'Cosenza', 1),
(3869, 105, 'CR', 'Cremona', 1),
(3870, 105, 'KR', 'Crotone', 1),
(3871, 105, 'CN', 'Cuneo', 1),
(3872, 105, 'EN', 'Enna', 1),
(3873, 105, 'FE', 'Ferrara', 1),
(3874, 105, 'FI', 'Firenze', 1),
(3875, 105, 'FG', 'Foggia', 1),
(3876, 105, 'FC', 'Forli-Cesena', 1),
(3877, 105, 'FR', 'Frosinone', 1),
(3878, 105, 'GE', 'Genova', 1),
(3879, 105, 'GO', 'Gorizia', 1),
(3880, 105, 'GR', 'Grosseto', 1),
(3881, 105, 'IM', 'Imperia', 1),
(3882, 105, 'IS', 'Isernia', 1),
(3883, 105, 'AQ', 'L&#39;Aquila', 1),
(3884, 105, 'SP', 'La Spezia', 1),
(3885, 105, 'LT', 'Latina', 1),
(3886, 105, 'LE', 'Lecce', 1),
(3887, 105, 'LC', 'Lecco', 1),
(3888, 105, 'LI', 'Livorno', 1),
(3889, 105, 'LO', 'Lodi', 1),
(3890, 105, 'LU', 'Lucca', 1),
(3891, 105, 'MC', 'Macerata', 1),
(3892, 105, 'MN', 'Mantova', 1),
(3893, 105, 'MS', 'Massa-Carrara', 1),
(3894, 105, 'MT', 'Matera', 1),
(3895, 105, 'VS', 'Medio Campidano', 1),
(3896, 105, 'ME', 'Messina', 1),
(3897, 105, 'MI', 'Milano', 1),
(3898, 105, 'MO', 'Modena', 1),
(3899, 105, 'NA', 'Napoli', 1),
(3900, 105, 'NO', 'Novara', 1),
(3901, 105, 'NU', 'Nuoro', 1),
(3902, 105, 'OG', 'Ogliastra', 1),
(3903, 105, 'OT', 'Olbia-Tempio', 1),
(3904, 105, 'OR', 'Oristano', 1),
(3905, 105, 'PD', 'Padova', 1),
(3906, 105, 'PA', 'Palermo', 1),
(3907, 105, 'PR', 'Parma', 1),
(3908, 105, 'PV', 'Pavia', 1),
(3909, 105, 'PG', 'Perugia', 1),
(3910, 105, 'PU', 'Pesaro e Urbino', 1),
(3911, 105, 'PE', 'Pescara', 1),
(3912, 105, 'PC', 'Piacenza', 1),
(3913, 105, 'PI', 'Pisa', 1),
(3914, 105, 'PT', 'Pistoia', 1),
(3915, 105, 'PN', 'Pordenone', 1),
(3916, 105, 'PZ', 'Potenza', 1),
(3917, 105, 'PO', 'Prato', 1),
(3918, 105, 'RG', 'Ragusa', 1),
(3919, 105, 'RA', 'Ravenna', 1),
(3920, 105, 'RC', 'Reggio Calabria', 1),
(3921, 105, 'RE', 'Reggio Emilia', 1),
(3922, 105, 'RI', 'Rieti', 1),
(3923, 105, 'RN', 'Rimini', 1),
(3924, 105, 'RM', 'Roma', 1),
(3925, 105, 'RO', 'Rovigo', 1),
(3926, 105, 'SA', 'Salerno', 1),
(3927, 105, 'SS', 'Sassari', 1),
(3928, 105, 'SV', 'Savona', 1),
(3929, 105, 'SI', 'Siena', 1),
(3930, 105, 'SR', 'Siracusa', 1),
(3931, 105, 'SO', 'Sondrio', 1),
(3932, 105, 'TA', 'Taranto', 1),
(3933, 105, 'TE', 'Teramo', 1),
(3934, 105, 'TR', 'Terni', 1),
(3935, 105, 'TO', 'Torino', 1),
(3936, 105, 'TP', 'Trapani', 1),
(3937, 105, 'TN', 'Trento', 1),
(3938, 105, 'TV', 'Treviso', 1),
(3939, 105, 'TS', 'Trieste', 1),
(3940, 105, 'UD', 'Udine', 1),
(3941, 105, 'VA', 'Varese', 1),
(3942, 105, 'VE', 'Venezia', 1),
(3943, 105, 'VB', 'Verbano-Cusio-Ossola', 1),
(3944, 105, 'VC', 'Vercelli', 1),
(3945, 105, 'VR', 'Verona', 1),
(3946, 105, 'VV', 'Vibo Valentia', 1),
(3947, 105, 'VI', 'Vicenza', 1),
(3948, 105, 'VT', 'Viterbo', 1),
(3949, 222, 'ANT', 'County Antrim', 1),
(3950, 222, 'ARM', 'County Armagh', 1),
(3951, 222, 'DOW', 'County Down', 1),
(3952, 222, 'FER', 'County Fermanagh', 1),
(3953, 222, 'LDY', 'County Londonderry', 1),
(3954, 222, 'TYR', 'County Tyrone', 1),
(3955, 222, 'CMA', 'Cumbria', 1);

-- --------------------------------------------------------

--
-- Table structure for table `zone_to_geo_zone`
--

CREATE TABLE IF NOT EXISTS `zone_to_geo_zone` (
  `zone_to_geo_zone_id` int(11) NOT NULL AUTO_INCREMENT,
  `country_id` int(11) NOT NULL,
  `zone_id` int(11) NOT NULL DEFAULT '0',
  `geo_zone_id` int(11) NOT NULL,
  `date_added` datetime NOT NULL DEFAULT '0000-00-00 00:00:00',
  `date_modified` datetime NOT NULL DEFAULT '0000-00-00 00:00:00',
  PRIMARY KEY (`zone_to_geo_zone_id`)
) ENGINE=MyISAM  DEFAULT CHARSET=utf8 COLLATE=utf8_bin AUTO_INCREMENT=66 ;

--
-- Dumping data for table `zone_to_geo_zone`
--

INSERT INTO `zone_to_geo_zone` (`zone_to_geo_zone_id`, `country_id`, `zone_id`, `geo_zone_id`, `date_added`, `date_modified`) VALUES
(57, 222, 0, 3, '2010-02-26 22:33:24', '0000-00-00 00:00:00'),
(51, 81, 0, 5, '2010-02-09 16:27:20', '0000-00-00 00:00:00'),
(65, 222, 0, 4, '2010-12-15 15:18:13', '0000-00-00 00:00:00');
